dataset,dataset_family,t,gt_source_id,gt_target_id,pred_source_id,predicted_target_id,predicted_target_gt_id,matched_gt_target_pred_id,source_node_matched,target_node_matched,source_match_distance_um,target_match_distance_um,correct,outcome,edge_tp,edge_fp,edge_fn,selected_edge_score,selected_edge_distance_um,gt_displacement_um,selected_outgoing_edge_count,persisted_outgoing_edge_count,candidate_export_complete,local_density_pred,density_radius_um,candidate_count,best_candidate_target_id,best_candidate_score,second_candidate_score,candidate_margin,density_bin,margin_bin
44b6_0113de3b,44b6,0,11000000075,12000000075,219.0,443.0,12000000075.0,443.0,True,True,1.86167137607581,2.0714766773970688,True,correct,1,0,0,0.91018146276474,1.625,2.1877232028983924,1,1,False,6,15.0,,,,,,medium_low,unavailable
44b6_0113de3b,44b6,1,12000000075,13000000075,443.0,671.0,13000000075.0,671.0,True,True,2.0714766773970688,1.86167137607581,True,correct,1,0,0,0.9305213689804077,1.625,1.4647552056572457,1,1,False,5,15.0,,,,,,medium_low,unavailable
44b6_0113de3b,44b6,27,38000000003,39000000003,6194.0,6443.0,39000000003.0,6443.0,True,True,1.86167137607581,0.9084026158592896,True,correct,1,0,0,0.9271001815795898,2.8145825622994254,3.72334275215162,1,1,False,9,15.0,,,,,,medium_low,unavailable
44b6_0113de3b,44b6,28,39000000003,40000000003,6443.0,6695.0,40000000003.0,6695.0,True,True,0.9084026158592896,0.40625,True,correct,1,0,0,0.9652674794197083,3.6336104634371584,3.447145558284419,1,1,False,9,15.0,,,,,,medium_low,unavailable
44b6_0113de3b,44b6,29,40000000003,41000000003,6695.0,6951.0,41000000003.0,6951.0,True,True,0.40625,1.1490485194281397,True,correct,1,0,0,0.9782844185829163,3.6336104634371584,4.0827619710803615,1,1,False,9,15.0,,,,,,medium_low,unavailable
44b6_0113de3b,44b6,30,41000000003,42000000003,6951.0,7206.0,42000000003.0,7206.0,True,True,1.1490485194281397,0.5745242597140698,True,correct,1,0,0,0.927356481552124,4.596194077712559,3.8540258983302125,1,1,False,8,15.0,,,,,,medium_low,unavailable
44b6_0113de3b,44b6,31,42000000003,43000000003,7206.0,7463.0,43000000003.0,7463.0,True,True,0.5745242597140698,1.86167137607581,True,correct,1,0,0,0.9303805828094482,2.8145825622994254,4.614113030962723,1,1,False,8,15.0,,,,,,medium_low,unavailable
44b6_0113de3b,44b6,32,43000000003,44000000003,7463.0,7724.0,44000000003.0,7724.0,True,True,1.86167137607581,0.8125,True,correct,1,0,0,0.9402468800544739,3.9804208320226646,2.7252078475778685,1,1,False,8,15.0,,,,,,medium_low,unavailable
44b6_0113de3b,44b6,33,44000000003,45000000003,7724.0,7989.0,45000000003.0,7989.0,True,True,0.8125,0.5745242597140698,True,correct,1,0,0,0.9538926482200623,3.9804208320226646,3.8540258983302125,1,1,False,10,15.0,,,,,,medium_high,unavailable
44b6_0113de3b,44b6,34,45000000003,46000000003,7989.0,8255.0,46000000003.0,8255.0,True,True,0.5745242597140698,0.0,True,correct,1,0,0,0.9589414596557617,2.2980970388562794,2.0714766773970688,1,1,False,9,15.0,,,,,,medium_low,unavailable
44b6_0113de3b,44b6,35,46000000003,47000000003,8255.0,8526.0,47000000003.0,8526.0,True,True,0.0,1.86167137607581,True,correct,1,0,0,0.9314999580383301,3.9804208320226646,2.1877232028983924,1,1,False,10,15.0,,,,,,medium_high,unavailable
44b6_0113de3b,44b6,36,47000000003,48000000003,8526.0,8790.0,48000000003.0,8790.0,True,True,1.86167137607581,0.8125,True,correct,1,0,0,0.9175000190734863,1.625,2.333728575156074,1,1,False,8,15.0,,,,,,medium_low,unavailable
44b6_0113de3b,44b6,37,48000000003,49000000003,8790.0,9048.0,49000000003.0,9048.0,True,True,0.8125,0.9084026158592896,True,correct,1,0,0,0.8413581848144531,0.0,0.40625,1,1,False,8,15.0,,,,,,medium_low,unavailable
44b6_0113de3b,44b6,38,49000000003,50000000003,9048.0,9310.0,50000000003.0,9310.0,True,True,0.9084026158592896,0.9084026158592896,True,correct,1,0,0,0.7518892288208008,3.6336104634371584,4.0625,1,1,False,9,15.0,,,,,,medium_low,unavailable
44b6_0113de3b,44b6,39,50000000003,51000000003,9310.0,9571.0,51000000003.0,9571.0,True,True,0.9084026158592896,0.0,True,correct,1,0,0,0.8916827440261841,2.8145825622994254,2.1877232028983924,1,1,False,7,15.0,,,,,,medium_low,unavailable
44b6_0113de3b,44b6,40,51000000003,52000000003,9571.0,9828.0,52000000003.0,9828.0,True,True,0.0,1.6750116604071745,True,correct,1,0,0,0.8985973000526428,2.2980970388562794,1.6750116604071745,1,1,False,9,15.0,,,,,,medium_low,unavailable
44b6_0113de3b,44b6,41,52000000003,53000000003,9828.0,10086.0,53000000003.0,10086.0,True,True,1.6750116604071745,0.0,True,correct,1,0,0,0.9311321973800659,2.2980970388562794,3.65625,1,1,False,7,15.0,,,,,,medium_low,unavailable
44b6_0113de3b,44b6,42,53000000003,54000000003,10086.0,10353.0,54000000003.0,10353.0,True,True,0.0,0.5745242597140698,True,correct,1,0,0,0.9529126286506653,2.2980970388562794,2.0714766773970688,1,1,False,6,15.0,,,,,,medium_low,unavailable
44b6_0113de3b,44b6,43,54000000003,55000000003,10353.0,10633.0,55000000003.0,10633.0,True,True,0.5745242597140698,0.9084026158592896,True,correct,1,0,0,0.9704914689064026,3.9804208320226646,3.374565944310468,1,1,False,6,15.0,,,,,,medium_low,unavailable
44b6_0113de3b,44b6,44,55000000003,56000000003,10633.0,10907.0,56000000003.0,10907.0,True,True,0.9084026158592896,0.9084026158592896,True,correct,1,0,0,0.9783987402915955,3.25,3.494694639736067,1,1,False,6,15.0,,,,,,medium_low,unavailable
44b6_0113de3b,44b6,45,56000000003,57000000003,10907.0,11188.0,57000000003.0,11188.0,True,True,0.9084026158592896,0.9084026158592896,True,correct,1,0,0,0.9572120308876038,7.621925609713073,6.724634051381532,1,1,False,7,15.0,,,,,,medium_low,unavailable
44b6_0113de3b,44b6,46,57000000003,58000000003,11188.0,11465.0,58000000003.0,11465.0,True,True,0.9084026158592896,1.1490485194281397,True,correct,1,0,0,0.9683172702789307,5.629165124598851,6.410516871711672,1,1,False,7,15.0,,,,,,medium_low,unavailable
44b6_0113de3b,44b6,47,58000000003,59000000003,11465.0,11741.0,59000000003.0,11741.0,True,True,1.1490485194281397,0.40625,True,correct,1,0,0,0.9725049734115601,6.5,6.147678042358757,1,1,False,7,15.0,,,,,,medium_low,unavailable
44b6_0113de3b,44b6,48,59000000003,60000000003,11741.0,12020.0,60000000003.0,12020.0,True,True,0.40625,0.9084026158592896,True,correct,1,0,0,0.9866523146629333,3.6336104634371584,3.494694639736067,1,1,False,9,15.0,,,,,,medium_low,unavailable
44b6_0113de3b,44b6,49,60000000003,61000000003,12020.0,12296.0,61000000003.0,12296.0,True,True,0.9084026158592896,1.625,True,correct,1,0,0,0.9556223750114441,3.6336104634371584,4.0827619710803615,1,1,False,8,15.0,,,,,,medium_low,unavailable
44b6_0113de3b,44b6,50,61000000003,62000000003,12296.0,12573.0,62000000003.0,12573.0,True,True,1.625,0.5745242597140698,True,correct,1,0,0,0.8988034129142761,7.267220926874317,7.814374775053984,1,1,False,9,15.0,,,,,,medium_low,unavailable
44b6_0113de3b,44b6,51,62000000003,63000000003,12573.0,12875.0,63000000003.0,12875.0,True,True,0.5745242597140698,0.9084026158592896,True,correct,1,0,0,0.9827436208724976,4.875,3.917733121653388,1,1,False,11,15.0,,,,,,medium_high,unavailable
44b6_0113de3b,44b6,52,63000000003,64000000003,12875.0,13179.0,64000000003.0,13179.0,True,True,0.9084026158592896,0.8125,True,correct,1,0,0,0.9828070402145386,1.625,2.333728575156074,1,1,False,11,15.0,,,,,,medium_high,unavailable
44b6_0113de3b,44b6,53,64000000003,65000000003,13179.0,13484.0,65000000003.0,13484.0,True,True,0.8125,1.8168052317185792,True,correct,1,0,0,0.9843078255653381,6.080193253507654,4.4502457797294745,1,1,False,10,15.0,,,,,,medium_high,unavailable
44b6_0113de3b,44b6,54,65000000003,66000000003,13484.0,13774.0,66000000003.0,13774.0,True,True,1.8168052317185792,0.0,True,correct,1,0,0,0.9898226261138916,1.625,3.350023320814349,1,1,False,11,15.0,,,,,,medium_high,unavailable
44b6_0113de3b,44b6,55,66000000003,67000000003,13774.0,14067.0,67000000003.0,14067.0,True,True,0.0,0.9084026158592896,True,correct,1,0,0,0.9945032596588135,2.8145825622994254,2.7252078475778685,1,1,False,9,15.0,,,,,,medium_low,unavailable
44b6_0113de3b,44b6,56,67000000003,68000000003,14067.0,14353.0,68000000003.0,14353.0,True,True,0.9084026158592896,0.40625,True,correct,1,0,0,0.9715570211410522,2.2980970388562794,1.8168052317185792,1,1,False,9,15.0,,,,,,medium_low,unavailable
44b6_0113de3b,44b6,57,68000000003,69000000003,14353.0,14640.0,69000000003.0,14640.0,True,True,0.40625,0.5745242597140698,True,correct,1,0,0,0.9866401553153992,2.2980970388562794,1.86167137607581,1,1,False,8,15.0,,,,,,medium_low,unavailable
44b6_0113de3b,44b6,58,69000000003,70000000003,14640.0,14942.0,70000000003.0,14942.0,True,True,0.5745242597140698,0.5745242597140698,True,correct,1,0,0,0.9662081003189087,5.138701197773616,5.138701197773616,1,1,False,8,15.0,,,,,,medium_low,unavailable
44b6_0113de3b,44b6,59,70000000003,71000000003,14942.0,15239.0,71000000003.0,15239.0,True,True,0.5745242597140698,0.9084026158592896,True,correct,1,0,0,0.964857280254364,2.8145825622994254,2.333728575156074,1,1,False,9,15.0,,,,,,medium_low,unavailable
44b6_0113de3b,44b6,60,71000000003,72000000003,15239.0,15537.0,72000000003.0,15537.0,True,True,0.9084026158592896,0.8125,True,correct,1,0,0,0.9815093278884888,2.2980970388562794,2.1877232028983924,1,1,False,9,15.0,,,,,,medium_low,unavailable
44b6_0113de3b,44b6,61,72000000003,73000000003,15537.0,15837.0,73000000003.0,15837.0,True,True,0.8125,0.9084026158592896,True,correct,1,0,0,0.9925504922866821,2.2980970388562794,2.1877232028983924,1,1,False,9,15.0,,,,,,medium_low,unavailable
44b6_0113de3b,44b6,62,73000000003,74000000003,15837.0,16126.0,74000000003.0,16126.0,True,True,0.9084026158592896,0.40625,True,correct,1,0,0,0.9878595471382141,2.2980970388562794,1.284675299443404,1,1,False,9,15.0,,,,,,medium_low,unavailable
44b6_0113de3b,44b6,63,74000000003,75000000003,16126.0,16428.0,75000000003.0,16428.0,True,True,0.40625,0.5745242597140698,True,correct,1,0,0,0.9784877896308899,2.2980970388562794,2.03125,1,1,False,8,15.0,,,,,,medium_low,unavailable
44b6_0113de3b,44b6,64,75000000003,76000000003,16428.0,16723.0,76000000003.0,16723.0,True,True,0.5745242597140698,1.8168052317185792,True,correct,1,0,0,0.988283634185791,2.2980970388562794,4.021669817998489,1,1,False,8,15.0,,,,,,medium_low,unavailable
44b6_0113de3b,44b6,65,76000000003,77000000003,16723.0,17017.0,77000000003.0,17017.0,True,True,1.8168052317185792,0.5745242597140698,True,correct,1,0,0,0.9557912349700928,4.875,3.300390601883359,1,1,False,9,15.0,,,,,,medium_low,unavailable
44b6_0113de3b,44b6,66,77000000003,78000000003,17017.0,17309.0,78000000003.0,17309.0,True,True,0.5745242597140698,1.6750116604071745,True,correct,1,0,0,0.9689782857894897,1.625,3.374565944310468,1,1,False,7,15.0,,,,,,medium_low,unavailable
44b6_0113de3b,44b6,67,78000000003,79000000003,17309.0,17603.0,79000000003.0,17603.0,True,True,1.6750116604071745,0.0,True,correct,1,0,0,0.9915157556533813,4.596194077712559,3.2752922102462856,1,1,False,10,15.0,,,,,,medium_high,unavailable
44b6_0113de3b,44b6,68,79000000003,80000000004,17603.0,17894.0,80000000004.0,17894.0,True,True,0.0,0.9084026158592896,True,correct,1,0,0,0.9902376532554626,2.2980970388562794,1.86167137607581,1,1,False,9,15.0,,,,,,medium_low,unavailable
44b6_0113de3b,44b6,69,80000000004,81000000004,17894.0,18183.0,81000000004.0,18183.0,True,True,0.9084026158592896,0.40625,True,correct,1,0,0,0.9957432150840759,2.2980970388562794,3.040096626753827,1,1,False,7,15.0,,,,,,medium_low,unavailable
44b6_0113de3b,44b6,70,81000000004,82000000004,18183.0,18478.0,82000000004.0,18478.0,True,True,0.40625,0.40625,True,correct,1,0,0,0.9927816987037659,2.2980970388562794,2.2980970388562794,1,1,False,7,15.0,,,,,,medium_low,unavailable
44b6_0113de3b,44b6,71,82000000004,83000000004,18478.0,18772.0,83000000004.0,18772.0,True,True,0.40625,0.8125,True,correct,1,0,0,0.9832291007041931,1.625,1.86167137607581,1,1,False,6,15.0,,,,,,medium_low,unavailable
44b6_0113de3b,44b6,72,83000000004,84000000004,18772.0,19057.0,84000000004.0,19057.0,True,True,0.8125,1.625,True,correct,1,0,0,0.9889927506446838,1.625,1.8168052317185792,1,1,False,5,15.0,,,,,,medium_low,unavailable
44b6_0113de3b,44b6,73,84000000004,85000000004,19057.0,19349.0,85000000004.0,19349.0,True,True,1.625,1.8168052317185792,True,correct,1,0,0,0.9921174645423889,2.2980970388562794,2.4375,1,1,False,3,15.0,,,,,,low,unavailable
44b6_0113de3b,44b6,74,85000000004,86000000004,19349.0,19626.0,86000000004.0,19626.0,True,True,1.8168052317185792,1.8168052317185792,True,correct,1,0,0,0.9924969673156738,0.0,1.1490485194281397,1,1,False,6,15.0,,,,,,medium_low,unavailable
44b6_0b24845f,44b6,11,90000000036,91000000036,4388.0,4687.0,91000000036.0,4687.0,True,True,1.625,1.8168052317185792,True,correct,1,0,0,0.8582049012184143,2.2980970388562794,2.4375,1,1,False,4,15.0,,,,,,medium_low,unavailable
44b6_0b24845f,44b6,12,91000000036,92000000036,4687.0,4996.0,92000000036.0,4996.0,True,True,1.8168052317185792,1.6750116604071745,True,correct,1,0,0,0.884103000164032,2.2980970388562794,2.6012692214570947,1,1,False,5,15.0,,,,,,medium_low,unavailable
44b6_0b24845f,44b6,13,92000000036,93000000036,4996.0,,,5346.0,True,True,1.6750116604071745,3.72334275215162,False,missing_edge,0,0,1,,,0.40625,0,0,False,3,15.0,,,,,,low,unavailable
44b6_0b24845f,44b6,14,93000000036,94000000036,5346.0,5673.0,94000000036.0,5673.0,True,True,3.72334275215162,2.0714766773970688,True,correct,1,0,0,0.9364900588989258,3.25,2.0714766773970688,1,1,False,4,15.0,,,,,,medium_low,unavailable
44b6_0b24845f,44b6,15,94000000036,95000000036,5673.0,6012.0,95000000036.0,6012.0,True,True,2.0714766773970688,1.7235727791422095,True,correct,1,0,0,0.6574383974075317,3.6336104634371584,2.4375,1,1,False,5,15.0,,,,,,medium_low,unavailable
44b6_0b24845f,44b6,16,95000000036,96000000036,6012.0,6334.0,96000000036.0,6334.0,True,True,1.7235727791422095,3.65625,True,correct,1,0,0,0.7078456282615662,4.875,2.7252078475778685,1,1,False,5,15.0,,,,,,medium_low,unavailable
44b6_0b24845f,44b6,17,96000000036,97000000036,6334.0,6682.0,97000000036.0,6682.0,True,True,3.65625,3.374565944310468,True,correct,1,0,0,0.8270478248596191,2.8145825622994254,3.350023320814349,1,1,False,6,15.0,,,,,,medium_low,unavailable
44b6_0b24845f,44b6,18,97000000036,98000000036,6682.0,7016.0,98000000036.0,7016.0,True,True,3.374565944310468,0.8125,True,correct,1,0,0,0.7572335004806519,1.625,2.333728575156074,1,1,False,5,15.0,,,,,,medium_low,unavailable
44b6_0b24845f,44b6,19,98000000036,99000000036,7016.0,7307.0,99000000036.0,7307.0,True,True,0.8125,2.1877232028983924,True,correct,1,0,0,0.6646094918251038,2.8145825622994254,0.40625,1,1,False,4,15.0,,,,,,medium_low,unavailable
44b6_0b24845f,44b6,20,99000000036,100000000036,7307.0,7567.0,100000000036.0,7567.0,True,True,2.1877232028983924,1.6750116604071745,True,correct,1,0,0,0.9012344479560852,2.8145825622994254,2.9295104113144914,1,1,False,2,15.0,,,,,,low,unavailable
44b6_0b24845f,44b6,21,100000000036,101000000036,7567.0,,,7849.0,True,True,1.6750116604071745,3.447145558284419,False,missing_edge,0,0,1,,,2.9575446425202108,0,0,False,1,15.0,,,,,,low,unavailable
44b6_0b24845f,44b6,22,101000000036,102000000036,7849.0,8147.0,102000000036.0,8147.0,True,True,3.447145558284419,3.300390601883359,True,correct,1,0,0,0.9487522840499878,1.625,2.368824207280903,1,1,False,2,15.0,,,,,,low,unavailable
44b6_0b24845f,44b6,23,102000000036,103000000036,8147.0,8420.0,103000000036.0,8420.0,True,True,3.300390601883359,1.8168052317185792,True,correct,1,0,0,0.9348381161689758,3.25,3.300390601883359,1,1,False,4,15.0,,,,,,medium_low,unavailable
44b6_0b24845f,44b6,24,103000000036,104000000036,8420.0,8696.0,104000000036.0,8696.0,True,True,1.8168052317185792,2.0714766773970688,True,correct,1,0,0,0.97406005859375,3.6336104634371584,3.300390601883359,1,1,False,4,15.0,,,,,,medium_low,unavailable
44b6_0b24845f,44b6,25,104000000036,105000000036,8696.0,8984.0,105000000036.0,8984.0,True,True,2.0714766773970688,1.6750116604071745,True,correct,1,0,0,0.979524552822113,2.2980970388562794,1.6750116604071745,1,1,False,6,15.0,,,,,,medium_low,unavailable
44b6_0b24845f,44b6,26,105000000036,106000000036,8984.0,9248.0,106000000036.0,9248.0,True,True,1.6750116604071745,1.6750116604071745,True,correct,1,0,0,0.9850988388061523,1.625,1.8168052317185792,1,1,False,3,15.0,,,,,,low,unavailable
44b6_0b24845f,44b6,27,106000000036,107000000036,9248.0,9538.0,107000000036.0,9538.0,True,True,1.6750116604071745,1.9902104160113323,True,correct,1,0,0,0.9048063158988953,3.25,3.7454399357752353,1,1,False,4,15.0,,,,,,medium_low,unavailable
44b6_0b24845f,44b6,28,107000000036,108000000036,9538.0,9855.0,108000000036.0,9855.0,True,True,1.9902104160113323,2.03125,True,correct,1,0,0,0.968196451663971,1.625,0.9084026158592896,1,1,False,6,15.0,,,,,,medium_low,unavailable
44b6_0b24845f,44b6,29,108000000036,109000000036,9855.0,10146.0,109000000036.0,10146.0,True,True,2.03125,0.8125,True,correct,1,0,0,0.9517068862915039,2.2980970388562794,2.9575446425202108,1,1,False,6,15.0,,,,,,medium_low,unavailable
44b6_0b24845f,44b6,30,109000000036,110000000036,10146.0,10405.0,110000000036.0,10405.0,True,True,0.8125,1.7235727791422095,True,correct,1,0,0,0.9606122374534607,4.596194077712559,2.632800908728193,1,1,False,7,15.0,,,,,,medium_low,unavailable
44b6_0b24845f,44b6,31,110000000036,111000000036,10405.0,10641.0,111000000036.0,10641.0,True,True,1.7235727791422095,2.03125,True,correct,1,0,0,0.9704095125198364,2.2980970388562794,1.86167137607581,1,1,False,7,15.0,,,,,,medium_low,unavailable
44b6_0b24845f,44b6,32,111000000036,112000000036,10641.0,10900.0,112000000036.0,10900.0,True,True,2.03125,0.5745242597140698,True,correct,1,0,0,0.951745867729187,3.25,4.958913218891817,1,1,False,7,15.0,,,,,,medium_low,unavailable
44b6_0b24845f,44b6,33,112000000036,113000000036,10900.0,11181.0,113000000036.0,11181.0,True,True,0.5745242597140698,2.6012692214570947,True,correct,1,0,0,0.933374285697937,3.6336104634371584,1.86167137607581,1,1,False,5,15.0,,,,,,medium_low,unavailable
44b6_0b24845f,44b6,34,113000000036,114000000036,11181.0,11470.0,114000000036.0,11470.0,True,True,2.6012692214570947,2.4375,True,correct,1,0,0,0.9524733424186707,3.6336104634371584,4.0827619710803615,1,1,False,4,15.0,,,,,,medium_low,unavailable
44b6_0b24845f,44b6,35,114000000036,115000000036,11470.0,11793.0,115000000036.0,11793.0,True,True,2.4375,2.03125,True,correct,1,0,0,0.9123541116714478,0.0,0.9084026158592896,1,1,False,5,15.0,,,,,,medium_low,unavailable
44b6_0b24845f,44b6,36,115000000036,116000000036,11793.0,12108.0,116000000036.0,12108.0,True,True,2.03125,2.333728575156074,True,correct,1,0,0,0.961819052696228,1.625,1.7235727791422095,1,1,False,6,15.0,,,,,,medium_low,unavailable
44b6_0b24845f,44b6,37,116000000036,117000000036,12108.0,12432.0,117000000036.0,12432.0,True,True,2.333728575156074,4.375446405796785,True,correct,1,0,0,0.9738965034484863,1.625,0.9084026158592896,1,1,False,6,15.0,,,,,,medium_low,unavailable
44b6_0b24845f,44b6,38,117000000036,118000000036,12432.0,12736.0,118000000036.0,12736.0,True,True,4.375446405796785,2.632800908728193,True,correct,1,0,0,0.9401934146881104,2.8145825622994254,2.0714766773970688,1,1,False,4,15.0,,,,,,medium_low,unavailable
44b6_0b24845f,44b6,39,118000000027,119000000027,12595.0,12894.0,119000000027.0,12894.0,True,True,5.202538442914189,4.0010984819796676,True,correct,1,0,0,0.864836573600769,1.625,3.2752922102462856,1,1,False,1,15.0,,,,,,low,unavailable
44b6_0b24845f,44b6,39,118000000036,119000000036,12736.0,13045.0,119000000036.0,13045.0,True,True,2.632800908728193,5.859020822628983,True,correct,1,0,0,0.9451286196708679,3.6336104634371584,0.5745242597140698,1,1,False,5,15.0,,,,,,medium_low,unavailable
44b6_0b24845f,44b6,40,119000000027,120000000027,12894.0,13198.0,120000000027.0,13198.0,True,True,4.0010984819796676,4.021669817998489,True,correct,1,0,0,0.8914650678634644,1.625,1.6750116604071745,1,1,False,1,15.0,,,,,,low,unavailable
44b6_0b24845f,44b6,40,119000000036,120000000036,13045.0,13335.0,120000000036.0,13335.0,True,True,5.859020822628983,2.0714766773970688,True,correct,1,0,0,0.6103648543357849,5.138701197773616,4.33756303988772,1,1,False,7,15.0,,,,,,medium_low,unavailable
44b6_0b24845f,44b6,41,120000000027,121000000028,13198.0,13504.0,121000000028.0,13504.0,True,True,4.021669817998489,3.25,True,correct,1,0,0,0.8543287515640259,0.0,1.7235727791422095,1,1,False,1,15.0,,,,,,low,unavailable
44b6_0b24845f,44b6,41,120000000036,121000000037,13335.0,13621.0,121000000037.0,13621.0,True,True,2.0714766773970688,0.9084026158592896,True,correct,1,0,0,0.6182492971420288,5.3895152843275245,5.154734625807618,1,1,False,5,15.0,,,,,,medium_low,unavailable
44b6_0b24845f,44b6,42,121000000028,122000000028,13504.0,13775.0,122000000028.0,13775.0,True,True,3.25,3.6336104634371584,True,correct,1,0,0,0.8961480259895325,1.625,0.0,1,1,False,1,15.0,,,,,,low,unavailable
44b6_0b24845f,44b6,42,121000000037,122000000037,13621.0,13882.0,122000000037.0,13882.0,True,True,0.9084026158592896,1.284675299443404,True,correct,1,0,0,0.9552245140075684,1.625,0.9084026158592896,1,1,False,5,15.0,,,,,,medium_low,unavailable
44b6_0b24845f,44b6,43,122000000028,123000000028,13775.0,14025.0,123000000028.0,14025.0,True,True,3.6336104634371584,3.8540258983302125,True,correct,1,0,0,0.8846321105957031,0.0,0.5745242597140698,1,1,False,1,15.0,,,,,,low,unavailable
44b6_0b24845f,44b6,43,122000000037,123000000037,13882.0,14141.0,123000000037.0,14141.0,True,True,1.284675299443404,2.4375,True,correct,1,0,0,0.9222118854522705,3.6336104634371584,2.0714766773970688,1,1,False,5,15.0,,,,,,medium_low,unavailable
44b6_0b24845f,44b6,44,123000000028,124000000028,14025.0,14313.0,124000000028.0,14313.0,True,True,3.8540258983302125,3.040096626753827,True,correct,1,0,0,0.8635967969894409,0.0,2.0714766773970688,1,1,False,1,15.0,,,,,,low,unavailable
44b6_0b24845f,44b6,44,123000000037,124000000037,14141.0,14443.0,124000000037.0,14443.0,True,True,2.4375,0.40625,True,correct,1,0,0,0.9683583974838257,1.625,1.86167137607581,1,1,False,4,15.0,,,,,,medium_low,unavailable
44b6_0b24845f,44b6,45,124000000028,125000000028,14313.0,14604.0,125000000028.0,14604.0,True,True,3.040096626753827,3.2752922102462856,True,correct,1,0,0,0.8210009932518005,1.625,0.9084026158592896,1,1,False,1,15.0,,,,,,low,unavailable
44b6_0b24845f,44b6,45,124000000037,125000000037,14443.0,14733.0,125000000037.0,14733.0,True,True,0.40625,2.1877232028983924,True,correct,1,0,0,0.9117177128791809,2.2980970388562794,1.1490485194281397,1,1,False,4,15.0,,,,,,medium_low,unavailable
44b6_0b24845f,44b6,46,125000000028,126000000029,14604.0,14890.0,126000000029.0,14890.0,True,True,3.2752922102462856,3.65625,True,correct,1,0,0,0.8867119550704956,2.2980970388562794,1.625,1,1,False,1,15.0,,,,,,low,unavailable
44b6_0b24845f,44b6,46,125000000037,126000000038,14733.0,15017.0,126000000038.0,15017.0,True,True,2.1877232028983924,0.5745242597140698,True,correct,1,0,0,0.8696869611740112,2.2980970388562794,1.86167137607581,1,1,False,4,15.0,,,,,,medium_low,unavailable
44b6_0b24845f,44b6,47,126000000029,127000000029,14890.0,15153.0,127000000029.0,15153.0,True,True,3.65625,4.1429533547941375,True,correct,1,0,0,0.9575774073600769,0.0,0.9084026158592896,1,1,False,1,15.0,,,,,,low,unavailable
44b6_0b24845f,44b6,47,126000000038,127000000038,15017.0,15284.0,127000000038.0,15284.0,True,True,0.5745242597140698,1.6750116604071745,True,correct,1,0,0,0.9326865673065186,2.2980970388562794,0.9084026158592896,1,1,False,4,15.0,,,,,,medium_low,unavailable
44b6_0b24845f,44b6,48,127000000029,128000000029,15153.0,15449.0,128000000029.0,15449.0,True,True,4.1429533547941375,4.33756303988772,True,correct,1,0,0,0.9199673533439636,0.0,1.284675299443404,1,1,False,1,15.0,,,,,,low,unavailable
44b6_0b24845f,44b6,48,127000000038,128000000038,15284.0,15569.0,128000000038.0,15569.0,True,True,1.6750116604071745,2.03125,True,correct,1,0,0,0.923701822757721,1.625,2.0714766773970688,1,1,False,5,15.0,,,,,,medium_low,unavailable
44b6_0b24845f,44b6,49,128000000038,129000000039,15569.0,15823.0,129000000039.0,15823.0,True,True,2.03125,1.625,True,correct,1,0,0,0.921789824962616,3.6336104634371584,2.333728575156074,1,1,False,4,15.0,,,,,,medium_low,unavailable
6bba_05b6850b,6bba,0,1000001,2000011,21.0,95.0,2000011.0,95.0,True,True,1.86167137607581,3.374565944310468,True,correct,1,0,0,0.8917167782783508,3.6336104634371584,1.8168052317185792,1,1,False,1,15.0,,,,,,low,unavailable
6bba_05b6850b,6bba,0,1000002,2000013,24.0,100.0,2000013.0,100.0,True,True,1.9902104160113323,1.6750116604071745,True,correct,1,0,0,0.9513781070709229,0.0,0.9084026158592896,1,1,False,2,15.0,,,,,,low,unavailable
6bba_05b6850b,6bba,0,1000003,2000012,22.0,97.0,2000012.0,97.0,True,True,3.374565944310468,1.8168052317185792,True,correct,1,0,0,0.8418528437614441,1.625,3.2752922102462856,1,1,False,2,15.0,,,,,,low,unavailable
6bba_05b6850b,6bba,0,1000006,2000016,49.0,121.0,2000016.0,121.0,True,True,1.8168052317185792,1.7235727791422095,True,correct,1,0,0,0.9322007298469543,2.2980970388562794,2.632800908728193,1,1,False,2,15.0,,,,,,low,unavailable
6bba_05b6850b,6bba,0,1000008,2000018,70.0,150.0,2000018.0,150.0,True,True,0.9084026158592896,1.284675299443404,True,correct,1,0,0,0.9863017797470093,0.0,0.9084026158592896,1,1,False,2,15.0,,,,,,low,unavailable
6bba_05b6850b,6bba,0,1000010,2000017,71.0,149.0,2000017.0,149.0,True,True,1.8168052317185792,0.5745242597140698,True,correct,1,0,0,0.5784463286399841,2.2980970388562794,3.494694639736067,1,1,False,1,15.0,,,,,,low,unavailable
6bba_05b6850b,6bba,1,2000011,3000021,95.0,179.0,3000021.0,179.0,True,True,3.374565944310468,3.2752922102462856,True,correct,1,0,0,0.9627248644828796,2.2980970388562794,1.8168052317185792,1,1,False,3,15.0,,,,,,low,unavailable
6bba_05b6850b,6bba,1,2000012,3000020,97.0,178.0,3000020.0,178.0,True,True,1.8168052317185792,1.7235727791422095,True,correct,1,0,0,0.8192899823188782,3.6336104634371584,3.494694639736067,1,1,False,2,15.0,,,,,,low,unavailable
6bba_05b6850b,6bba,1,2000013,3000022,100.0,184.0,3000022.0,184.0,True,True,1.6750116604071745,1.9902104160113323,True,correct,1,0,0,0.9834701418876648,1.625,2.1877232028983924,1,1,False,2,15.0,,,,,,low,unavailable
6bba_05b6850b,6bba,1,2000016,3000024,121.0,204.0,3000024.0,204.0,True,True,1.7235727791422095,1.625,True,correct,1,0,0,0.9217085838317871,2.8145825622994254,2.368824207280903,1,1,False,2,15.0,,,,,,low,unavailable
6bba_05b6850b,6bba,1,2000017,3000025,149.0,227.0,3000025.0,227.0,True,True,0.5745242597140698,3.494694639736067,True,correct,1,0,0,0.49092939496040344,5.859020822628983,2.2980970388562794,1,1,False,1,15.0,,,,,,low,unavailable
6bba_05b6850b,6bba,1,2000018,3000027,150.0,231.0,3000027.0,231.0,True,True,1.284675299443404,0.0,True,correct,1,0,0,0.969738781452179,1.625,0.5745242597140698,1,1,False,1,15.0,,,,,,low,unavailable
6bba_05b6850b,6bba,2,3000020,4000028,178.0,256.0,4000028.0,256.0,True,True,1.7235727791422095,1.6750116604071745,True,correct,1,0,0,0.7644211053848267,0.0,0.40625,1,1,False,2,15.0,,,,,,low,unavailable
6bba_05b6850b,6bba,2,3000021,4000029,179.0,260.0,4000029.0,260.0,True,True,3.2752922102462856,1.6750116604071745,True,correct,1,0,0,0.9020256996154785,2.8145825622994254,2.2980970388562794,1,1,False,5,15.0,,,,,,medium_low,unavailable
6bba_05b6850b,6bba,2,3000022,4000030,184.0,263.0,4000030.0,263.0,True,True,1.9902104160113323,1.6750116604071745,True,correct,1,0,0,0.9701095223426819,2.8145825622994254,2.1877232028983924,1,1,False,1,15.0,,,,,,low,unavailable
6bba_05b6850b,6bba,2,3000024,4000032,204.0,283.0,4000032.0,283.0,True,True,1.625,3.447145558284419,True,correct,1,0,0,0.9630703926086426,1.625,1.1490485194281397,1,1,False,2,15.0,,,,,,low,unavailable
6bba_05b6850b,6bba,2,3000025,4000033,227.0,308.0,4000033.0,308.0,True,True,3.494694639736067,0.9084026158592896,True,correct,1,0,0,0.5410671830177307,3.6336104634371584,0.40625,1,1,False,1,15.0,,,,,,low,unavailable
6bba_05b6850b,6bba,2,3000027,4000035,231.0,309.0,4000035.0,309.0,True,True,0.0,1.9902104160113323,True,correct,1,0,0,0.938875138759613,0.0,1.9902104160113323,1,1,False,1,15.0,,,,,,low,unavailable
6bba_05b6850b,6bba,3,4000028,5000037,256.0,336.0,5000037.0,336.0,True,True,1.6750116604071745,0.40625,True,correct,1,0,0,0.9442064762115479,0.0,1.625,1,1,False,2,15.0,,,,,,low,unavailable
6bba_05b6850b,6bba,3,4000029,5000038,260.0,338.0,5000038.0,338.0,True,True,1.6750116604071745,3.2752922102462856,True,correct,1,0,0,0.8743213415145874,1.625,0.5745242597140698,1,1,False,3,15.0,,,,,,low,unavailable
6bba_05b6850b,6bba,3,4000030,5000039,263.0,340.0,5000039.0,340.0,True,True,1.6750116604071745,1.7235727791422095,True,correct,1,0,0,0.9045087695121765,2.2980970388562794,1.86167137607581,1,1,False,1,15.0,,,,,,low,unavailable
6bba_05b6850b,6bba,3,4000032,5000040,283.0,360.0,5000040.0,360.0,True,True,3.447145558284419,1.8168052317185792,True,correct,1,0,0,0.9367201328277588,1.625,3.72334275215162,1,1,False,2,15.0,,,,,,low,unavailable
6bba_05b6850b,6bba,3,4000033,5000042,308.0,383.0,5000042.0,383.0,True,True,0.9084026158592896,1.9902104160113323,True,correct,1,0,0,0.545245885848999,3.6336104634371584,1.6750116604071745,1,1,False,1,15.0,,,,,,low,unavailable
6bba_05b6850b,6bba,3,4000035,5000044,309.0,388.0,5000044.0,388.0,True,True,1.9902104160113323,2.1877232028983924,True,correct,1,0,0,0.9384682178497314,1.625,1.6750116604071745,1,1,False,1,15.0,,,,,,low,unavailable
6bba_05b6850b,6bba,4,5000037,6000046,336.0,412.0,6000046.0,412.0,True,True,0.40625,0.40625,True,correct,1,0,0,0.9032053351402283,0.0,0.0,1,1,False,2,15.0,,,,,,low,unavailable
6bba_05b6850b,6bba,4,5000038,6000047,338.0,414.0,6000047.0,414.0,True,True,3.2752922102462856,3.2752922102462856,True,correct,1,0,0,0.9067646861076355,0.0,0.0,1,1,False,3,15.0,,,,,,low,unavailable
6bba_05b6850b,6bba,4,5000039,6000048,340.0,416.0,6000048.0,416.0,True,True,1.7235727791422095,1.7235727791422095,True,correct,1,0,0,0.9476916193962097,0.0,0.0,1,1,False,1,15.0,,,,,,low,unavailable
6bba_05b6850b,6bba,4,5000040,6000049,360.0,435.0,6000049.0,435.0,True,True,1.8168052317185792,1.8168052317185792,True,correct,1,0,0,0.9558875560760498,0.0,0.0,1,1,False,2,15.0,,,,,,low,unavailable
6bba_05b6850b,6bba,4,5000042,6000051,383.0,458.0,6000051.0,458.0,True,True,1.9902104160113323,1.9902104160113323,True,correct,1,0,0,0.9322674870491028,0.0,0.0,1,1,False,1,15.0,,,,,,low,unavailable
6bba_05b6850b,6bba,4,5000044,6000053,388.0,463.0,6000053.0,463.0,True,True,2.1877232028983924,2.1877232028983924,True,correct,1,0,0,0.9380893707275391,0.0,0.0,1,1,False,1,15.0,,,,,,low,unavailable
6bba_05b6850b,6bba,5,6000046,7000054,412.0,486.0,7000054.0,486.0,True,True,0.40625,0.40625,True,correct,1,0,0,0.9394848942756653,1.625,1.7235727791422095,1,1,False,2,15.0,,,,,,low,unavailable
6bba_05b6850b,6bba,5,6000047,7000055,414.0,489.0,7000055.0,489.0,True,True,3.2752922102462856,1.7235727791422095,True,correct,1,0,0,0.8811573386192322,2.2980970388562794,2.1877232028983924,1,1,False,3,15.0,,,,,,low,unavailable
6bba_05b6850b,6bba,5,6000048,7000056,416.0,493.0,7000056.0,493.0,True,True,1.7235727791422095,1.9902104160113323,True,correct,1,0,0,0.9944181442260742,1.625,0.5745242597140698,1,1,False,2,15.0,,,,,,low,unavailable
6bba_05b6850b,6bba,5,6000049,7000057,435.0,509.0,7000057.0,509.0,True,True,1.8168052317185792,1.625,True,correct,1,0,0,0.9662050604820251,2.2980970388562794,1.8168052317185792,1,1,False,1,15.0,,,,,,low,unavailable
6bba_05b6850b,6bba,5,6000051,7000059,458.0,531.0,7000059.0,531.0,True,True,1.9902104160113323,1.7235727791422095,True,correct,1,0,0,0.9445755481719971,0.0,0.5745242597140698,1,1,False,1,15.0,,,,,,low,unavailable
6bba_05b6850b,6bba,5,6000053,7000061,463.0,537.0,7000061.0,537.0,True,True,2.1877232028983924,1.4647552056572457,True,correct,1,0,0,0.9597848653793335,1.625,0.0,1,1,False,1,15.0,,,,,,low,unavailable
6bba_05b6850b,6bba,6,7000054,8000062,486.0,558.0,8000062.0,558.0,True,True,0.40625,1.284675299443404,True,correct,1,0,0,0.930409848690033,0.0,0.9084026158592896,1,1,False,2,15.0,,,,,,low,unavailable
6bba_05b6850b,6bba,6,7000055,8000063,489.0,561.0,8000063.0,561.0,True,True,1.7235727791422095,1.6750116604071745,True,correct,1,0,0,0.8975955843925476,0.0,0.40625,1,1,False,2,15.0,,,,,,low,unavailable
6bba_05b6850b,6bba,6,7000056,8000064,493.0,564.0,8000064.0,564.0,True,True,1.9902104160113323,1.6750116604071745,True,correct,1,0,0,0.9574102163314819,0.0,0.9084026158592896,1,1,False,2,15.0,,,,,,low,unavailable
6bba_05b6850b,6bba,6,7000057,8000065,509.0,581.0,8000065.0,581.0,True,True,1.625,3.2752922102462856,True,correct,1,0,0,0.972939670085907,1.625,2.03125,1,1,False,1,15.0,,,,,,low,unavailable
6bba_05b6850b,6bba,6,7000059,8000067,531.0,606.0,8000067.0,606.0,True,True,1.7235727791422095,3.374565944310468,True,correct,1,0,0,0.9148199558258057,2.2980970388562794,0.40625,1,1,False,1,15.0,,,,,,low,unavailable
6bba_05b6850b,6bba,6,7000061,8000068,537.0,612.0,8000068.0,612.0,True,True,1.4647552056572457,1.4647552056572457,True,correct,1,0,0,0.9600996971130371,0.0,0.5745242597140698,1,1,False,1,15.0,,,,,,low,unavailable
6bba_05b6850b,6bba,7,8000062,9000069,558.0,630.0,9000069.0,630.0,True,True,1.284675299443404,1.7235727791422095,True,correct,1,0,0,0.8600994944572449,2.2980970388562794,0.8125,1,1,False,2,15.0,,,,,,low,unavailable
6bba_05b6850b,6bba,7,8000063,9000070,561.0,633.0,9000070.0,633.0,True,True,1.6750116604071745,1.7235727791422095,True,correct,1,0,0,0.9523015022277832,2.2980970388562794,1.86167137607581,1,1,False,1,15.0,,,,,,low,unavailable
6bba_05b6850b,6bba,7,8000064,9000071,564.0,636.0,9000071.0,636.0,True,True,1.6750116604071745,1.7235727791422095,True,correct,1,0,0,0.9101100564002991,1.625,0.9084026158592896,1,1,False,2,15.0,,,,,,low,unavailable
6bba_05b6850b,6bba,7,8000065,9000072,581.0,654.0,9000072.0,654.0,True,True,3.2752922102462856,1.86167137607581,True,correct,1,0,0,0.9170292019844055,1.625,1.284675299443404,1,1,False,3,15.0,,,,,,low,unavailable
6bba_05b6850b,6bba,7,8000067,9000073,606.0,679.0,9000073.0,679.0,True,True,3.374565944310468,1.625,True,correct,1,0,0,0.8415869474411011,1.625,0.9084026158592896,1,1,False,1,15.0,,,,,,low,unavailable
6bba_05b6850b,6bba,7,8000068,9000075,612.0,682.0,9000075.0,682.0,True,True,1.4647552056572457,2.368824207280903,True,correct,1,0,0,0.8985661864280701,2.2980970388562794,1.21875,1,1,False,1,15.0,,,,,,low,unavailable
6bba_05b6850b,6bba,8,9000069,10000076,630.0,699.0,10000076.0,699.0,True,True,1.7235727791422095,0.9084026158592896,True,correct,1,0,0,0.9305986762046814,3.6336104634371584,4.958913218891817,1,1,False,3,15.0,,,,,,low,unavailable
6bba_05b6850b,6bba,8,9000070,10000077,633.0,703.0,10000077.0,703.0,True,True,1.7235727791422095,0.8125,True,correct,1,0,0,0.9803693890571594,1.625,3.300390601883359,1,1,False,2,15.0,,,,,,low,unavailable
6bba_05b6850b,6bba,8,9000071,10000078,636.0,705.0,10000078.0,705.0,True,True,1.7235727791422095,1.86167137607581,True,correct,1,0,0,0.9758912324905396,5.138701197773616,4.958913218891817,1,1,False,2,15.0,,,,,,low,unavailable
6bba_05b6850b,6bba,8,9000072,10000081,654.0,721.0,10000081.0,721.0,True,True,1.86167137607581,3.350023320814349,True,correct,1,0,0,0.953307569026947,10.277402395547233,8.492471390149042,1,1,False,3,15.0,,,,,,low,unavailable
6bba_05b6850b,6bba,8,9000073,10000082,679.0,752.0,10000082.0,752.0,True,True,1.625,6.822097597147082,True,correct,1,0,0,0.8611029982566833,8.75089281159357,3.494694639736067,1,1,False,2,15.0,,,,,,low,unavailable
6bba_05b6850b,6bba,8,9000074,10000083,680.0,753.0,10000083.0,753.0,True,True,1.1490485194281397,0.9084026158592896,True,correct,1,0,0,0.9548497200012207,6.5,6.512682938889317,1,1,False,4,15.0,,,,,,medium_low,unavailable
6bba_05b6850b,6bba,8,9000075,10000084,682.0,755.0,10000084.0,755.0,True,True,2.368824207280903,3.832554834897995,True,correct,1,0,0,0.8525049686431885,6.700046641628698,5.154734625807618,1,1,False,1,15.0,,,,,,low,unavailable
6bba_05b6850b,6bba,9,10000076,11000085,699.0,784.0,11000085.0,784.0,True,True,0.9084026158592896,1.1490485194281397,True,correct,1,0,0,0.8881941437721252,1.625,2.03125,1,1,False,3,15.0,,,,,,low,unavailable
6bba_05b6850b,6bba,9,10000077,11000086,703.0,788.0,11000086.0,788.0,True,True,0.8125,1.6750116604071745,True,correct,1,0,0,0.9729611277580261,3.6336104634371584,4.89189779763437,1,1,False,2,15.0,,,,,,low,unavailable
6bba_05b6850b,6bba,9,10000078,11000087,705.0,791.0,11000087.0,791.0,True,True,1.86167137607581,1.8168052317185792,True,correct,1,0,0,0.8994819521903992,4.875,4.89189779763437,1,1,False,2,15.0,,,,,,low,unavailable
6bba_05b6850b,6bba,9,10000081,11000089,721.0,805.0,11000089.0,805.0,True,True,3.350023320814349,3.374565944310468,True,correct,1,0,0,0.9247717261314392,5.138701197773616,5.025034981221523,1,1,False,4,15.0,,,,,,medium_low,unavailable
6bba_05b6850b,6bba,9,10000082,11000091,752.0,833.0,11000091.0,833.0,True,True,6.822097597147082,3.374565944310468,True,correct,1,0,0,0.9617295265197754,6.894291116568838,3.374565944310468,1,1,False,2,15.0,,,,,,low,unavailable
6bba_05b6850b,6bba,9,10000083,11000092,753.0,835.0,11000092.0,835.0,True,True,0.9084026158592896,2.0714766773970688,True,correct,1,0,0,0.9553018808364868,6.700046641628698,8.175623542733605,1,1,False,3,15.0,,,,,,low,unavailable
6bba_05b6850b,6bba,9,10000084,11000093,755.0,836.0,11000093.0,836.0,True,True,3.832554834897995,3.5648292823780494,True,correct,1,0,0,0.5655641555786133,5.138701197773616,3.447145558284419,1,1,False,1,15.0,,,,,,low,unavailable
6bba_05b6850b,6bba,10,11000085,12000094,784.0,859.0,12000094.0,859.0,True,True,1.1490485194281397,1.1490485194281397,True,correct,1,0,0,0.8380392789840698,1.625,0.0,1,1,False,3,15.0,,,,,,low,unavailable
6bba_05b6850b,6bba,10,11000086,12000095,788.0,862.0,12000095.0,862.0,True,True,1.6750116604071745,3.374565944310468,True,correct,1,0,0,0.946294367313385,1.625,0.8125,1,1,False,2,15.0,,,,,,low,unavailable
6bba_05b6850b,6bba,10,11000087,12000096,791.0,867.0,12000096.0,867.0,True,True,1.8168052317185792,1.7235727791422095,True,correct,1,0,0,0.9647970199584961,0.0,0.5745242597140698,1,1,False,2,15.0,,,,,,low,unavailable
6bba_05b6850b,6bba,10,11000089,12000098,805.0,882.0,12000098.0,882.0,True,True,3.374565944310468,2.0714766773970688,True,correct,1,0,0,0.8968347907066345,2.8145825622994254,0.40625,1,1,False,4,15.0,,,,,,medium_low,unavailable
6bba_05b6850b,6bba,10,11000091,12000099,833.0,906.0,12000099.0,906.0,True,True,3.374565944310468,3.374565944310468,True,correct,1,0,0,0.9207563996315002,0.0,0.0,1,1,False,2,15.0,,,,,,low,unavailable
6bba_05b6850b,6bba,10,11000092,12000100,835.0,907.0,12000100.0,907.0,True,True,2.0714766773970688,0.9084026158592896,True,correct,1,0,0,0.9913550019264221,1.625,2.333728575156074,1,1,False,3,15.0,,,,,,low,unavailable
6bba_05b6850b,6bba,10,11000093,12000101,836.0,909.0,12000101.0,909.0,True,True,3.5648292823780494,3.350023320814349,True,correct,1,0,0,0.5222660303115845,0.0,0.40625,1,1,False,1,15.0,,,,,,low,unavailable
6bba_05b6850b,6bba,11,12000094,13000102,859.0,932.0,13000102.0,932.0,True,True,1.1490485194281397,1.284675299443404,True,correct,1,0,0,0.9720277190208435,2.2980970388562794,0.5745242597140698,1,1,False,3,15.0,,,,,,low,unavailable
6bba_05b6850b,6bba,11,12000095,13000103,862.0,936.0,13000103.0,936.0,True,True,3.374565944310468,3.494694639736067,True,correct,1,0,0,0.9027153849601746,1.625,0.9084026158592896,1,1,False,2,15.0,,,,,,low,unavailable
6bba_05b6850b,6bba,11,12000096,13000104,867.0,941.0,13000104.0,941.0,True,True,1.7235727791422095,1.7235727791422095,True,correct,1,0,0,0.9729687571525574,0.0,0.0,1,1,False,2,15.0,,,,,,low,unavailable
6bba_05b6850b,6bba,11,12000098,13000106,882.0,957.0,13000106.0,957.0,True,True,2.0714766773970688,1.86167137607581,True,correct,1,0,0,0.9824070930480957,2.2980970388562794,0.40625,1,1,False,5,15.0,,,,,,medium_low,unavailable
6bba_05b6850b,6bba,11,12000099,13000107,906.0,983.0,13000107.0,983.0,True,True,3.374565944310468,1.86167137607581,True,correct,1,0,0,0.9160013198852539,0.0,2.0714766773970688,1,1,False,2,15.0,,,,,,low,unavailable
6bba_05b6850b,6bba,11,12000100,13000108,907.0,986.0,13000108.0,986.0,True,True,0.9084026158592896,1.6750116604071745,True,correct,1,0,0,0.9486908316612244,0.0,2.0714766773970688,1,1,False,3,15.0,,,,,,low,unavailable
6bba_05b6850b,6bba,11,12000101,13000109,909.0,987.0,13000109.0,987.0,True,True,3.350023320814349,3.350023320814349,True,correct,1,0,0,0.9131646156311035,0.0,0.0,1,1,False,1,15.0,,,,,,low,unavailable
6bba_05b6850b,6bba,12,13000102,14000110,932.0,1010.0,14000110.0,1010.0,True,True,1.284675299443404,1.284675299443404,True,correct,1,0,0,0.9556383490562439,0.0,0.0,1,1,False,3,15.0,,,,,,low,unavailable
6bba_05b6850b,6bba,12,13000103,14000111,936.0,1014.0,14000111.0,1014.0,True,True,3.494694639736067,2.0714766773970688,True,correct,1,0,0,0.8872491717338562,1.625,0.0,1,1,False,2,15.0,,,,,,low,unavailable
6bba_05b6850b,6bba,12,13000104,14000112,941.0,1018.0,14000112.0,1018.0,True,True,1.7235727791422095,1.7235727791422095,True,correct,1,0,0,0.9665917158126831,0.0,0.0,1,1,False,2,15.0,,,,,,low,unavailable
6bba_05b6850b,6bba,12,13000106,14000114,957.0,1034.0,14000114.0,1034.0,True,True,1.86167137607581,1.86167137607581,True,correct,1,0,0,0.9734688401222229,0.0,0.0,1,1,False,5,15.0,,,,,,medium_low,unavailable
6bba_05b6850b,6bba,12,13000107,14000115,983.0,1059.0,14000115.0,1059.0,True,True,1.86167137607581,1.86167137607581,True,correct,1,0,0,0.9169647097587585,0.0,0.0,1,1,False,2,15.0,,,,,,low,unavailable
6bba_05b6850b,6bba,12,13000108,14000116,986.0,1062.0,14000116.0,1062.0,True,True,1.6750116604071745,1.6750116604071745,True,correct,1,0,0,0.9699406027793884,0.0,0.0,1,1,False,3,15.0,,,,,,low,unavailable
6bba_05b6850b,6bba,12,13000109,14000117,987.0,1063.0,14000117.0,1063.0,True,True,3.350023320814349,3.350023320814349,True,correct,1,0,0,0.9134443402290344,0.0,0.0,1,1,False,1,15.0,,,,,,low,unavailable
6bba_05b6850b,6bba,13,14000110,15000118,1010.0,1084.0,15000118.0,1084.0,True,True,1.284675299443404,1.8168052317185792,True,correct,1,0,0,0.9396461248397827,2.2980970388562794,1.284675299443404,1,1,False,2,15.0,,,,,,low,unavailable
6bba_05b6850b,6bba,13,14000111,15000119,1014.0,1089.0,15000119.0,1089.0,True,True,2.0714766773970688,3.5648292823780494,True,correct,1,0,0,0.9082958102226257,2.8145825622994254,1.6750116604071745,1,1,False,2,15.0,,,,,,low,unavailable
6bba_05b6850b,6bba,13,14000112,15000120,1018.0,1092.0,15000120.0,1092.0,True,True,1.7235727791422095,1.6750116604071745,True,correct,1,0,0,0.8963097929954529,2.2980970388562794,1.86167137607581,1,1,False,3,15.0,,,,,,low,unavailable
6bba_05b6850b,6bba,13,14000114,15000122,1034.0,1108.0,15000122.0,1108.0,True,True,1.86167137607581,3.374565944310468,True,correct,1,0,0,0.9389446973800659,2.2980970388562794,1.625,1,1,False,3,15.0,,,,,,low,unavailable
6bba_05b6850b,6bba,13,14000115,15000124,1059.0,1134.0,15000124.0,1134.0,True,True,1.86167137607581,2.1877232028983924,True,correct,1,0,0,0.9383091926574707,2.2980970388562794,2.4375,1,1,False,2,15.0,,,,,,low,unavailable
6bba_05b6850b,6bba,13,14000116,15000126,1062.0,1136.0,15000126.0,1136.0,True,True,1.6750116604071745,0.40625,True,correct,1,0,0,0.984531819820404,2.8145825622994254,2.2980970388562794,1,1,False,3,15.0,,,,,,low,unavailable
6bba_05b6850b,6bba,13,14000117,15000125,1063.0,1135.0,15000125.0,1135.0,True,True,3.350023320814349,2.4375,True,correct,1,0,0,0.887309193611145,1.625,1.1490485194281397,1,1,False,1,15.0,,,,,,low,unavailable
6bba_05b6850b,6bba,14,15000118,16000127,1084.0,1158.0,16000127.0,1158.0,True,True,1.8168052317185792,0.8125,True,correct,1,0,0,0.9566500782966614,1.625,0.0,1,1,False,2,15.0,,,,,,low,unavailable
6bba_05b6850b,6bba,14,15000119,16000128,1089.0,1162.0,16000128.0,1162.0,True,True,3.5648292823780494,3.72334275215162,True,correct,1,0,0,0.9065043330192566,1.625,1.6750116604071745,1,1,False,2,15.0,,,,,,low,unavailable
6bba_05b6850b,6bba,14,15000120,16000129,1092.0,1164.0,16000129.0,1164.0,True,True,1.6750116604071745,3.350023320814349,True,correct,1,0,0,0.9236828684806824,0.0,1.6750116604071745,1,1,False,3,15.0,,,,,,low,unavailable
6bba_05b6850b,6bba,14,15000122,16000131,1108.0,1183.0,16000131.0,1183.0,True,True,3.374565944310468,1.9902104160113323,True,correct,1,0,0,0.9786433577537537,0.0,1.6750116604071745,1,1,False,2,15.0,,,,,,low,unavailable
6bba_05b6850b,6bba,14,15000123,16000132,1120.0,1195.0,16000132.0,1195.0,True,True,2.03125,1.7235727791422095,True,correct,1,0,0,0.9501204490661621,0.0,0.9084026158592896,1,1,False,1,15.0,,,,,,low,unavailable
6bba_05b6850b,6bba,14,15000124,16000133,1134.0,1207.0,16000133.0,1207.0,True,True,2.1877232028983924,5.025034981221523,True,correct,1,0,0,0.8578958511352539,2.8145825622994254,1.7235727791422095,1,1,False,2,15.0,,,,,,low,unavailable
6bba_05b6850b,6bba,14,15000125,16000134,1135.0,1210.0,16000134.0,1210.0,True,True,2.4375,3.0671202393287422,True,correct,1,0,0,0.7143075466156006,0.0,0.9084026158592896,1,1,False,1,15.0,,,,,,low,unavailable
6bba_05b6850b,6bba,14,15000126,16000135,1136.0,1211.0,16000135.0,1211.0,True,True,0.40625,1.8168052317185792,True,correct,1,0,0,0.996537446975708,2.2980970388562794,2.333728575156074,1,1,False,3,15.0,,,,,,low,unavailable
6bba_05b6850b,6bba,15,16000127,17000136,1158.0,1230.0,17000136.0,1230.0,True,True,0.8125,0.8125,True,correct,1,0,0,0.9768990874290466,2.2980970388562794,1.1490485194281397,1,1,False,2,15.0,,,,,,low,unavailable
6bba_05b6850b,6bba,15,16000128,17000137,1162.0,1234.0,17000137.0,1234.0,True,True,3.72334275215162,3.2752922102462856,True,correct,1,0,0,0.9472132921218872,1.625,1.4647552056572457,1,1,False,2,15.0,,,,,,low,unavailable
6bba_05b6850b,6bba,15,16000129,17000138,1164.0,1236.0,17000138.0,1236.0,True,True,3.350023320814349,1.9902104160113323,True,correct,1,0,0,0.8461182713508606,2.2980970388562794,1.8168052317185792,1,1,False,3,15.0,,,,,,low,unavailable
6bba_05b6850b,6bba,15,16000131,17000139,1183.0,1254.0,17000139.0,1254.0,True,True,1.9902104160113323,3.300390601883359,True,correct,1,0,0,0.9817991852760315,1.625,2.0714766773970688,1,1,False,3,15.0,,,,,,low,unavailable
6bba_05b6850b,6bba,15,16000132,17000140,1195.0,1269.0,17000140.0,1269.0,True,True,1.7235727791422095,1.6750116604071745,True,correct,1,0,0,0.9087306261062622,2.2980970388562794,2.333728575156074,1,1,False,1,15.0,,,,,,low,unavailable
6bba_05b6850b,6bba,15,16000133,17000141,1207.0,1282.0,17000141.0,1282.0,True,True,5.025034981221523,3.374565944310468,True,correct,1,0,0,0.9120171666145325,1.625,2.632800908728193,1,1,False,2,15.0,,,,,,low,unavailable
6bba_05b6850b,6bba,15,16000134,17000142,1210.0,1286.0,17000142.0,1286.0,True,True,3.0671202393287422,4.162823748671087,True,correct,1,0,0,0.5317196249961853,1.625,1.7235727791422095,1,1,False,2,15.0,,,,,,low,unavailable
6bba_05b6850b,6bba,15,16000135,17000143,1211.0,1287.0,17000143.0,1287.0,True,True,1.8168052317185792,2.0714766773970688,True,correct,1,0,0,0.9596662521362305,0.0,0.5745242597140698,1,1,False,3,15.0,,,,,,low,unavailable
6bba_05b6850b,6bba,16,17000136,18000144,1230.0,1305.0,18000144.0,1305.0,True,True,0.8125,1.7235727791422095,True,correct,1,0,0,0.9622791409492493,2.2980970388562794,2.0714766773970688,1,1,False,2,15.0,,,,,,low,unavailable
6bba_05b6850b,6bba,16,17000137,18000145,1234.0,1313.0,18000145.0,1313.0,True,True,3.2752922102462856,3.471001521535247,True,correct,1,0,0,0.764921247959137,1.625,2.8726212985703494,1,1,False,3,15.0,,,,,,low,unavailable
6bba_05b6850b,6bba,16,17000138,18000146,1236.0,1314.0,18000146.0,1314.0,True,True,1.9902104160113323,1.86167137607581,True,correct,1,0,0,0.8596816062927246,2.2980970388562794,1.6750116604071745,1,1,False,1,15.0,,,,,,low,unavailable
6bba_05b6850b,6bba,16,17000139,18000147,1254.0,1330.0,18000147.0,1330.0,True,True,3.300390601883359,2.03125,True,correct,1,0,0,0.9785746335983276,2.2980970388562794,3.917733121653388,1,1,False,3,15.0,,,,,,low,unavailable
6bba_05b6850b,6bba,16,17000140,18000149,1269.0,1343.0,18000149.0,1343.0,True,True,1.6750116604071745,2.0714766773970688,True,correct,1,0,0,0.986721396446228,2.2980970388562794,1.6750116604071745,1,1,False,1,15.0,,,,,,low,unavailable
6bba_05b6850b,6bba,16,17000141,18000150,1282.0,1362.0,18000150.0,1362.0,True,True,3.374565944310468,3.300390601883359,True,correct,1,0,0,0.9426540732383728,1.625,0.9084026158592896,1,1,False,2,15.0,,,,,,low,unavailable
6bba_05b6850b,6bba,16,17000142,18000151,1286.0,1363.0,18000151.0,1363.0,True,True,4.162823748671087,3.350023320814349,True,correct,1,0,0,0.7765516042709351,1.625,0.9084026158592896,1,1,False,2,15.0,,,,,,low,unavailable
6bba_05b6850b,6bba,16,17000143,18000152,1287.0,1365.0,18000152.0,1365.0,True,True,2.0714766773970688,0.5745242597140698,True,correct,1,0,0,0.9679612517356873,2.8145825622994254,0.8125,1,1,False,2,15.0,,,,,,low,unavailable
6bba_05b6850b,6bba,17,18000144,19000153,1305.0,1383.0,19000153.0,1383.0,True,True,1.7235727791422095,1.8168052317185792,True,correct,1,0,0,0.9810344576835632,0.0,0.5745242597140698,1,1,False,2,15.0,,,,,,low,unavailable
6bba_05b6850b,6bba,17,18000145,19000154,1313.0,1391.0,19000154.0,1391.0,True,True,3.471001521535247,3.350023320814349,True,correct,1,0,0,0.836161196231842,1.625,2.1877232028983924,1,1,False,4,15.0,,,,,,medium_low,unavailable
6bba_05b6850b,6bba,17,18000146,19000155,1314.0,1393.0,19000155.0,1393.0,True,True,1.86167137607581,1.7235727791422095,True,correct,1,0,0,0.8413357734680176,0.0,0.9084026158592896,1,1,False,2,15.0,,,,,,low,unavailable
6bba_05b6850b,6bba,17,18000147,19000156,1330.0,1407.0,19000156.0,1407.0,True,True,2.03125,1.86167137607581,True,correct,1,0,0,0.9824901223182678,1.625,1.284675299443404,1,1,False,3,15.0,,,,,,low,unavailable
6bba_05b6850b,6bba,17,18000149,19000158,1343.0,1419.0,19000158.0,1419.0,True,True,2.0714766773970688,1.86167137607581,True,correct,1,0,0,0.9358287453651428,1.625,0.9084026158592896,1,1,False,1,15.0,,,,,,low,unavailable
6bba_05b6850b,6bba,17,18000150,19000159,1362.0,1435.0,19000159.0,1435.0,True,True,3.300390601883359,1.9902104160113323,True,correct,1,0,0,0.9602131247520447,0.0,2.0714766773970688,1,1,False,2,15.0,,,,,,low,unavailable
6bba_05b6850b,6bba,17,18000151,19000160,1363.0,1437.0,19000160.0,1437.0,True,True,3.350023320814349,4.162823748671087,True,correct,1,0,0,0.5862069725990295,2.2980970388562794,1.4647552056572457,1,1,False,2,15.0,,,,,,low,unavailable
6bba_05b6850b,6bba,17,18000152,19000161,1365.0,1439.0,19000161.0,1439.0,True,True,0.5745242597140698,1.7235727791422095,True,correct,1,0,0,0.9942700862884521,0.0,1.625,1,1,False,3,15.0,,,,,,low,unavailable
6bba_05b6850b,6bba,18,19000153,20000162,1383.0,1460.0,20000162.0,1460.0,True,True,1.8168052317185792,2.1877232028983924,True,correct,1,0,0,0.9572259783744812,0.0,2.6012692214570947,1,1,False,2,15.0,,,,,,low,unavailable
6bba_05b6850b,6bba,18,19000154,20000163,1391.0,1469.0,20000163.0,1469.0,True,True,3.350023320814349,3.6787502123683256,True,correct,1,0,0,0.8732810616493225,1.625,2.0714766773970688,1,1,False,3,15.0,,,,,,low,unavailable
6bba_05b6850b,6bba,18,19000155,20000164,1393.0,1471.0,20000164.0,1471.0,True,True,1.7235727791422095,1.6750116604071745,True,correct,1,0,0,0.9480210542678833,2.2980970388562794,1.86167137607581,1,1,False,2,15.0,,,,,,low,unavailable
6bba_05b6850b,6bba,18,19000156,20000165,1407.0,1486.0,20000165.0,1486.0,True,True,1.86167137607581,1.6750116604071745,True,correct,1,0,0,0.9704036712646484,0.0,1.1490485194281397,1,1,False,1,15.0,,,,,,low,unavailable
6bba_05b6850b,6bba,18,19000158,20000167,1419.0,1496.0,20000167.0,1496.0,True,True,1.86167137607581,3.300390601883359,True,correct,1,0,0,0.9579287767410278,1.625,0.40625,1,1,False,1,15.0,,,,,,low,unavailable
6bba_05b6850b,6bba,18,19000159,20000168,1435.0,1512.0,20000168.0,1512.0,True,True,1.9902104160113323,3.494694639736067,True,correct,1,0,0,0.8605226278305054,2.2980970388562794,1.284675299443404,1,1,False,2,15.0,,,,,,low,unavailable
6bba_05b6850b,6bba,18,19000160,20000169,1437.0,1515.0,20000169.0,1515.0,True,True,4.162823748671087,1.86167137607581,True,correct,1,0,0,0.9395052790641785,2.2980970388562794,1.7235727791422095,1,1,False,2,15.0,,,,,,low,unavailable
6bba_05b6850b,6bba,18,19000161,20000170,1439.0,1517.0,20000170.0,1517.0,True,True,1.7235727791422095,1.6750116604071745,True,correct,1,0,0,0.9939829707145691,2.2980970388562794,1.86167137607581,1,1,False,3,15.0,,,,,,low,unavailable
6bba_05b6850b,6bba,19,20000162,21000171,1460.0,1535.0,21000171.0,1535.0,True,True,2.1877232028983924,2.368824207280903,True,correct,1,0,0,0.913952112197876,0.0,0.40625,1,1,False,2,15.0,,,,,,low,unavailable
6bba_05b6850b,6bba,19,20000163,21000172,1469.0,1543.0,21000172.0,1543.0,True,True,3.6787502123683256,3.832554834897995,True,correct,1,0,0,0.8758881092071533,0.0,0.40625,1,1,False,2,15.0,,,,,,low,unavailable
6bba_05b6850b,6bba,19,20000164,21000173,1471.0,1544.0,21000173.0,1544.0,True,True,1.6750116604071745,1.6750116604071745,True,correct,1,0,0,0.9695092439651489,0.0,0.8125,1,1,False,2,15.0,,,,,,low,unavailable
6bba_05b6850b,6bba,19,20000165,21000174,1486.0,1560.0,21000174.0,1560.0,True,True,1.6750116604071745,1.6750116604071745,True,correct,1,0,0,0.9863341450691223,0.0,0.0,1,1,False,1,15.0,,,,,,low,unavailable
6bba_05b6850b,6bba,19,20000167,21000176,1496.0,1567.0,21000176.0,1567.0,True,True,3.300390601883359,3.2752922102462856,True,correct,1,0,0,0.9718682765960693,1.625,1.6750116604071745,1,1,False,1,15.0,,,,,,low,unavailable
6bba_05b6850b,6bba,19,20000168,21000177,1512.0,1583.0,21000177.0,1583.0,True,True,3.494694639736067,0.9084026158592896,True,correct,1,0,0,0.542317271232605,1.625,1.86167137607581,1,1,False,2,15.0,,,,,,low,unavailable
6bba_05b6850b,6bba,19,20000169,21000178,1515.0,1587.0,21000178.0,1587.0,True,True,1.86167137607581,2.0714766773970688,True,correct,1,0,0,0.9298450350761414,0.0,1.4647552056572457,1,1,False,2,15.0,,,,,,low,unavailable
6bba_05b6850b,6bba,19,20000170,21000179,1517.0,1588.0,21000179.0,1588.0,True,True,1.6750116604071745,1.86167137607581,True,correct,1,0,0,0.9859234094619751,1.625,1.8168052317185792,1,1,False,3,15.0,,,,,,low,unavailable
6bba_05b6850b,6bba,20,21000171,22000180,1535.0,1601.0,22000180.0,1601.0,True,True,2.368824207280903,0.9084026158592896,True,correct,1,0,0,0.971825897693634,2.2980970388562794,0.40625,1,1,False,2,15.0,,,,,,low,unavailable
6bba_05b6850b,6bba,20,21000172,22000181,1543.0,1606.0,22000181.0,1606.0,True,True,3.832554834897995,3.374565944310468,True,correct,1,0,0,0.950434684753418,2.2980970388562794,1.1490485194281397,1,1,False,2,15.0,,,,,,low,unavailable
6bba_05b6850b,6bba,20,21000173,22000182,1544.0,1608.0,22000182.0,1608.0,True,True,1.6750116604071745,1.625,True,correct,1,0,0,0.9770534634590149,0.0,0.40625,1,1,False,2,15.0,,,,,,low,unavailable
6bba_05b6850b,6bba,20,21000174,22000183,1560.0,1621.0,22000183.0,1621.0,True,True,1.6750116604071745,1.9902104160113323,True,correct,1,0,0,0.9959008097648621,2.2980970388562794,0.9084026158592896,1,1,False,1,15.0,,,,,,low,unavailable
6bba_05b6850b,6bba,20,21000176,22000185,1567.0,1628.0,22000185.0,1628.0,True,True,3.2752922102462856,1.7235727791422095,True,correct,1,0,0,0.9853562712669373,0.0,1.6750116604071745,1,1,False,2,15.0,,,,,,low,unavailable
6bba_05b6850b,6bba,20,21000177,22000186,1583.0,1644.0,22000186.0,1644.0,True,True,0.9084026158592896,3.65625,True,correct,1,0,0,0.5463690757751465,3.6336104634371584,0.5745242597140698,1,1,False,2,15.0,,,,,,low,unavailable
6bba_05b6850b,6bba,20,21000178,22000187,1587.0,1648.0,22000187.0,1648.0,True,True,2.0714766773970688,2.1877232028983924,True,correct,1,0,0,0.9604433178901672,0.0,0.40625,1,1,False,2,15.0,,,,,,low,unavailable
6bba_05b6850b,6bba,20,21000179,22000188,1588.0,1649.0,22000188.0,1649.0,True,True,1.86167137607581,1.7235727791422095,True,correct,1,0,0,0.9962976574897766,1.625,0.9084026158592896,1,1,False,3,15.0,,,,,,low,unavailable
6bba_05b6850b,6bba,21,22000180,23000189,1601.0,1666.0,23000189.0,1666.0,True,True,0.9084026158592896,1.21875,True,correct,1,0,0,0.9645257592201233,0.0,0.5745242597140698,1,1,False,4,15.0,,,,,,medium_low,unavailable
6bba_05b6850b,6bba,21,22000181,23000190,1606.0,1671.0,23000190.0,1671.0,True,True,3.374565944310468,5.202538442914189,True,correct,1,0,0,0.9045602083206177,0.0,1.86167137607581,1,1,False,2,15.0,,,,,,low,unavailable
6bba_05b6850b,6bba,21,22000182,23000191,1608.0,1673.0,23000191.0,1673.0,True,True,1.625,3.374565944310468,True,correct,1,0,0,0.9389336705207825,1.625,0.9084026158592896,1,1,False,2,15.0,,,,,,low,unavailable
6bba_05b6850b,6bba,21,22000183,23000192,1621.0,1687.0,23000192.0,1687.0,True,True,1.9902104160113323,1.6750116604071745,True,correct,1,0,0,0.969748854637146,1.625,2.1877232028983924,1,1,False,1,15.0,,,,,,low,unavailable
6bba_05b6850b,6bba,21,22000185,23000194,1628.0,1691.0,23000194.0,1691.0,True,True,1.7235727791422095,3.25,True,correct,1,0,0,0.973854124546051,0.0,1.7235727791422095,1,1,False,1,15.0,,,,,,low,unavailable
6bba_05b6850b,6bba,21,22000186,23000195,1644.0,1709.0,23000195.0,1709.0,True,True,3.65625,3.300390601883359,True,correct,1,0,0,0.9186110496520996,2.2980970388562794,1.86167137607581,1,1,False,2,15.0,,,,,,low,unavailable
6bba_05b6850b,6bba,21,22000187,23000196,1648.0,1713.0,23000196.0,1713.0,True,True,2.1877232028983924,0.8125,True,correct,1,0,0,0.9556837677955627,0.0,2.6012692214570947,1,1,False,2,15.0,,,,,,low,unavailable
6bba_05b6850b,6bba,21,22000188,23000197,1649.0,1714.0,23000197.0,1714.0,True,True,1.7235727791422095,2.0714766773970688,True,correct,1,0,0,0.9933972358703613,1.625,0.0,1,1,False,3,15.0,,,,,,low,unavailable
6bba_05b6850b,6bba,22,23000189,24000198,1666.0,1730.0,24000198.0,1730.0,True,True,1.21875,0.40625,True,correct,1,0,0,0.9617728590965271,1.625,0.8125,1,1,False,4,15.0,,,,,,medium_low,unavailable
6bba_05b6850b,6bba,22,23000190,24000199,1671.0,1737.0,24000199.0,1737.0,True,True,5.202538442914189,3.9804208320226646,True,correct,1,0,0,0.7965858578681946,2.2980970388562794,0.8125,1,1,False,2,15.0,,,,,,low,unavailable
6bba_05b6850b,6bba,22,23000191,24000200,1673.0,1738.0,24000200.0,1738.0,True,True,3.374565944310468,3.350023320814349,True,correct,1,0,0,0.9626919627189636,0.0,0.40625,1,1,False,2,15.0,,,,,,low,unavailable
6bba_05b6850b,6bba,22,23000192,24000202,1687.0,1753.0,24000202.0,1753.0,True,True,1.6750116604071745,3.6336104634371584,True,correct,1,0,0,0.9866569638252258,2.8145825622994254,1.21875,1,1,False,1,15.0,,,,,,low,unavailable
6bba_05b6850b,6bba,22,23000194,24000204,1691.0,1759.0,24000204.0,1759.0,True,True,3.25,3.25,True,correct,1,0,0,0.9841371774673462,1.625,1.625,1,1,False,1,15.0,,,,,,low,unavailable
6bba_05b6850b,6bba,22,23000195,24000205,1709.0,1775.0,24000205.0,1775.0,True,True,3.300390601883359,3.471001521535247,True,correct,1,0,0,0.8698128461837769,2.2980970388562794,1.86167137607581,1,1,False,1,15.0,,,,,,low,unavailable
6bba_05b6850b,6bba,22,23000196,24000206,1713.0,1778.0,24000206.0,1778.0,True,True,0.8125,1.8168052317185792,True,correct,1,0,0,0.9359663724899292,2.2980970388562794,0.0,1,1,False,2,15.0,,,,,,low,unavailable
6bba_05b6850b,6bba,22,23000197,24000207,1714.0,1780.0,24000207.0,1780.0,True,True,2.0714766773970688,1.8168052317185792,True,correct,1,0,0,0.9935146570205688,1.625,1.7235727791422095,1,1,False,3,15.0,,,,,,low,unavailable
6bba_05b6850b,6bba,23,24000198,25000208,1730.0,1794.0,25000208.0,1794.0,True,True,0.40625,0.9084026158592896,True,correct,1,0,0,0.94841068983078,0.0,0.5745242597140698,1,1,False,3,15.0,,,,,,low,unavailable
6bba_05b6850b,6bba,23,24000199,25000209,1737.0,1802.0,25000209.0,1802.0,True,True,3.9804208320226646,1.86167137607581,True,correct,1,0,0,0.9294900894165039,3.9804208320226646,1.4647552056572457,1,1,False,2,15.0,,,,,,low,unavailable
6bba_05b6850b,6bba,23,24000200,25000210,1738.0,1803.0,25000210.0,1803.0,True,True,3.350023320814349,1.625,True,correct,1,0,0,0.9201481342315674,2.8145825622994254,1.8168052317185792,1,1,False,2,15.0,,,,,,low,unavailable
6bba_05b6850b,6bba,23,24000201,25000211,1746.0,1809.0,25000211.0,1809.0,True,True,1.7235727791422095,3.832554834897995,True,correct,1,0,0,0.9430304765701294,3.9804208320226646,3.65625,1,1,False,1,15.0,,,,,,low,unavailable
6bba_05b6850b,6bba,23,24000202,25000212,1753.0,1822.0,25000212.0,1822.0,True,True,3.6336104634371584,3.350023320814349,True,correct,1,0,0,0.9155991673469543,2.2980970388562794,3.350023320814349,1,1,False,2,15.0,,,,,,low,unavailable
6bba_05b6850b,6bba,23,24000204,25000214,1759.0,1828.0,25000214.0,1828.0,True,True,3.25,2.1877232028983924,True,correct,1,0,0,0.9668381810188293,2.8145825622994254,0.9084026158592896,1,1,False,2,15.0,,,,,,low,unavailable
6bba_05b6850b,6bba,23,24000205,25000215,1775.0,1842.0,25000215.0,1842.0,True,True,3.471001521535247,1.9902104160113323,True,correct,1,0,0,0.9209728837013245,2.8145825622994254,2.1877232028983924,1,1,False,1,15.0,,,,,,low,unavailable
6bba_05b6850b,6bba,23,24000206,25000216,1778.0,1846.0,25000216.0,1846.0,True,True,1.8168052317185792,1.6750116604071745,True,correct,1,0,0,0.9716563820838928,0.0,2.1877232028983924,1,1,False,1,15.0,,,,,,low,unavailable
6bba_05b6850b,6bba,24,25000208,26000217,1794.0,1863.0,26000217.0,1863.0,True,True,0.9084026158592896,0.0,True,correct,1,0,0,0.9764067530632019,0.0,0.9084026158592896,1,1,False,3,15.0,,,,,,low,unavailable
6bba_05b6850b,6bba,24,25000209,26000219,1802.0,1869.0,26000219.0,1869.0,True,True,1.86167137607581,3.5648292823780494,True,correct,1,0,0,0.9524385333061218,2.2980970388562794,0.0,1,1,False,2,15.0,,,,,,low,unavailable
6bba_05b6850b,6bba,24,25000210,26000218,1803.0,1872.0,26000218.0,1872.0,True,True,1.625,1.86167137607581,True,correct,1,0,0,0.9645885229110718,2.8145825622994254,2.1877232028983924,1,1,False,1,15.0,,,,,,low,unavailable
6bba_05b6850b,6bba,24,25000211,26000220,1809.0,1877.0,26000220.0,1877.0,True,True,3.832554834897995,3.0671202393287422,True,correct,1,0,0,0.9334686994552612,0.0,1.7235727791422095,1,1,False,1,15.0,,,,,,low,unavailable
6bba_05b6850b,6bba,24,25000212,26000221,1822.0,1891.0,26000221.0,1891.0,True,True,3.350023320814349,3.374565944310468,True,correct,1,0,0,0.9598019123077393,2.2980970388562794,0.9084026158592896,1,1,False,2,15.0,,,,,,low,unavailable
6bba_05b6850b,6bba,24,25000214,26000223,1828.0,1896.0,26000223.0,1896.0,True,True,2.1877232028983924,1.8168052317185792,True,correct,1,0,0,0.9564291834831238,0.0,1.21875,1,1,False,2,15.0,,,,,,low,unavailable
6bba_05b6850b,6bba,24,25000215,26000224,1842.0,1910.0,26000224.0,1910.0,True,True,1.9902104160113323,3.300390601883359,True,correct,1,0,0,0.9034328460693359,1.625,0.5745242597140698,1,1,False,1,15.0,,,,,,low,unavailable
6bba_05b6850b,6bba,24,25000216,26000225,1846.0,1913.0,26000225.0,1913.0,True,True,1.6750116604071745,3.2752922102462856,True,correct,1,0,0,0.9570960402488708,0.0,1.7235727791422095,1,1,False,1,15.0,,,,,,low,unavailable
6bba_05b6850b,6bba,25,26000217,27000226,1863.0,1931.0,27000226.0,1931.0,True,True,0.0,0.40625,True,correct,1,0,0,0.9803051948547363,0.0,0.40625,1,1,False,3,15.0,,,,,,low,unavailable
6bba_05b6850b,6bba,25,26000218,27000228,1872.0,1939.0,27000228.0,1939.0,True,True,1.86167137607581,1.86167137607581,True,correct,1,0,0,0.9154363870620728,2.8145825622994254,2.4375,1,1,False,2,15.0,,,,,,low,unavailable
6bba_05b6850b,6bba,25,26000219,27000227,1869.0,1937.0,27000227.0,1937.0,True,True,3.5648292823780494,3.374565944310468,True,correct,1,0,0,0.9494958519935608,0.0,0.5745242597140698,1,1,False,2,15.0,,,,,,low,unavailable
6bba_05b6850b,6bba,25,26000220,27000229,1877.0,1942.0,27000229.0,1942.0,True,True,3.0671202393287422,3.447145558284419,True,correct,1,0,0,0.9701367020606995,2.2980970388562794,1.4647552056572457,1,1,False,1,15.0,,,,,,low,unavailable
6bba_05b6850b,6bba,25,26000221,27000231,1891.0,1954.0,27000231.0,1954.0,True,True,3.374565944310468,3.374565944310468,True,correct,1,0,0,0.8767628073692322,1.625,1.284675299443404,1,1,False,2,15.0,,,,,,low,unavailable
6bba_05b6850b,6bba,25,26000223,27000232,1896.0,1958.0,27000232.0,1958.0,True,True,1.8168052317185792,3.25,True,correct,1,0,0,0.8808817863464355,0.0,1.8168052317185792,1,1,False,2,15.0,,,,,,low,unavailable
6bba_05b6850b,6bba,25,26000224,27000233,1910.0,1974.0,27000233.0,1974.0,True,True,3.300390601883359,1.625,True,correct,1,0,0,0.8955683708190918,1.625,0.5745242597140698,1,1,False,1,15.0,,,,,,low,unavailable
6bba_05b6850b,6bba,25,26000225,27000234,1913.0,1977.0,27000234.0,1977.0,True,True,3.2752922102462856,0.8125,True,correct,1,0,0,0.9709597826004028,2.2980970388562794,1.86167137607581,1,1,False,1,15.0,,,,,,low,unavailable
6bba_05b6850b,6bba,26,27000226,28000235,1931.0,1993.0,28000235.0,1993.0,True,True,0.40625,0.40625,True,correct,1,0,0,0.9705795049667358,0.0,0.0,1,1,False,3,15.0,,,,,,low,unavailable
6bba_05b6850b,6bba,26,27000227,28000236,1937.0,2000.0,28000236.0,2000.0,True,True,3.374565944310468,3.2752922102462856,True,correct,1,0,0,0.9641308784484863,0.0,0.5745242597140698,1,1,False,2,15.0,,,,,,low,unavailable
6bba_05b6850b,6bba,26,27000228,28000237,1939.0,2001.0,28000237.0,2001.0,True,True,1.86167137607581,3.447145558284419,True,correct,1,0,0,0.9435335993766785,2.2980970388562794,0.40625,1,1,False,2,15.0,,,,,,low,unavailable
6bba_05b6850b,6bba,26,27000229,28000238,1942.0,2004.0,28000238.0,2004.0,True,True,3.447145558284419,1.6750116604071745,True,correct,1,0,0,0.931260883808136,1.625,2.1877232028983924,1,1,False,2,15.0,,,,,,low,unavailable
6bba_05b6850b,6bba,26,27000231,28000240,1954.0,2013.0,28000240.0,2013.0,True,True,3.374565944310468,4.958913218891817,True,correct,1,0,0,0.9086509346961975,2.2980970388562794,0.0,1,1,False,2,15.0,,,,,,low,unavailable
6bba_05b6850b,6bba,26,27000232,28000242,1958.0,2018.0,28000242.0,2018.0,True,True,3.25,3.6787502123683256,True,correct,1,0,0,0.9798517823219299,2.2980970388562794,0.5745242597140698,1,1,False,2,15.0,,,,,,low,unavailable
6bba_05b6850b,6bba,26,27000233,28000243,1974.0,2034.0,28000243.0,2034.0,True,True,1.625,3.374565944310468,True,correct,1,0,0,0.8966584205627441,0.0,1.86167137607581,1,1,False,2,15.0,,,,,,low,unavailable
6bba_05b6850b,6bba,26,27000234,28000244,1977.0,2037.0,28000244.0,2037.0,True,True,0.8125,2.1877232028983924,True,correct,1,0,0,0.9872937202453613,2.2980970388562794,0.40625,1,1,False,2,15.0,,,,,,low,unavailable
6bba_05b6850b,6bba,27,28000235,29000246,1993.0,2054.0,29000246.0,2054.0,True,True,0.40625,0.40625,True,correct,1,0,0,0.9725770950317383,0.0,0.0,1,1,False,3,15.0,,,,,,low,unavailable
6bba_05b6850b,6bba,27,28000236,29000247,2000.0,2061.0,29000247.0,2061.0,True,True,3.2752922102462856,3.2752922102462856,True,correct,1,0,0,0.9561536908149719,0.0,0.0,1,1,False,2,15.0,,,,,,low,unavailable
6bba_05b6850b,6bba,27,28000237,29000248,2001.0,2062.0,29000248.0,2062.0,True,True,3.447145558284419,3.447145558284419,True,correct,1,0,0,0.9478514790534973,0.0,0.0,1,1,False,2,15.0,,,,,,low,unavailable
6bba_05b6850b,6bba,27,28000238,29000249,2004.0,2066.0,29000249.0,2066.0,True,True,1.6750116604071745,1.6750116604071745,True,correct,1,0,0,0.9385421276092529,0.0,0.0,1,1,False,2,15.0,,,,,,low,unavailable
6bba_05b6850b,6bba,27,28000240,29000251,2013.0,2076.0,29000251.0,2076.0,True,True,4.958913218891817,4.958913218891817,True,correct,1,0,0,0.9373476505279541,0.0,0.0,1,1,False,2,15.0,,,,,,low,unavailable
6bba_05b6850b,6bba,27,28000242,29000253,2018.0,2081.0,29000253.0,2081.0,True,True,3.6787502123683256,3.6787502123683256,True,correct,1,0,0,0.9697876572608948,0.0,0.0,1,1,False,2,15.0,,,,,,low,unavailable
6bba_05b6850b,6bba,27,28000243,29000254,2034.0,2097.0,29000254.0,2097.0,True,True,3.374565944310468,3.374565944310468,True,correct,1,0,0,0.9046486616134644,0.0,0.0,1,1,False,2,15.0,,,,,,low,unavailable
6bba_05b6850b,6bba,27,28000244,29000255,2037.0,2100.0,29000255.0,2100.0,True,True,2.1877232028983924,2.1877232028983924,True,correct,1,0,0,0.9816049933433533,0.0,0.0,1,1,False,2,15.0,,,,,,low,unavailable
6bba_05b6850b,6bba,27,28000245,29000256,2040.0,2103.0,29000256.0,2103.0,True,True,1.86167137607581,1.86167137607581,True,correct,1,0,0,0.9940235018730164,0.0,0.0,1,1,False,4,15.0,,,,,,medium_low,unavailable
6bba_05b6850b,6bba,28,29000246,30000257,2054.0,2115.0,30000257.0,2115.0,True,True,0.40625,3.471001521535247,True,correct,1,0,0,0.8346040844917297,1.625,3.494694639736067,1,1,False,3,15.0,,,,,,low,unavailable
6bba_05b6850b,6bba,28,29000247,30000258,2061.0,2122.0,30000258.0,2122.0,True,True,3.2752922102462856,1.86167137607581,True,correct,1,0,0,0.8986251354217529,2.2980970388562794,3.72334275215162,1,1,False,3,15.0,,,,,,low,unavailable
6bba_05b6850b,6bba,28,29000248,30000259,2062.0,2125.0,30000259.0,2125.0,True,True,3.447145558284419,0.8125,True,correct,1,0,0,0.9376860857009888,1.625,3.350023320814349,1,1,False,2,15.0,,,,,,low,unavailable
6bba_05b6850b,6bba,28,29000249,30000260,2066.0,2128.0,30000260.0,2128.0,True,True,1.6750116604071745,1.86167137607581,True,correct,1,0,0,0.9864436388015747,6.080193253507654,5.008586377412294,1,1,False,3,15.0,,,,,,low,unavailable
6bba_05b6850b,6bba,28,29000251,30000262,2076.0,2138.0,30000262.0,2138.0,True,True,4.958913218891817,4.942244555867304,True,correct,1,0,0,0.9712921977043152,5.3895152843275245,4.5420130792964475,1,1,False,2,15.0,,,,,,low,unavailable
6bba_05b6850b,6bba,28,29000253,30000264,2081.0,2146.0,30000264.0,2146.0,True,True,3.6787502123683256,1.86167137607581,True,correct,1,0,0,0.9688979387283325,2.8145825622994254,3.1729139308370784,1,1,False,2,15.0,,,,,,low,unavailable
6bba_05b6850b,6bba,28,29000254,30000265,2097.0,2163.0,30000265.0,2163.0,True,True,3.374565944310468,3.350023320814349,True,correct,1,0,0,0.9402492046356201,3.25,2.471122277933652,1,1,False,2,15.0,,,,,,low,unavailable
6bba_05b6850b,6bba,28,29000255,30000266,2100.0,2165.0,30000266.0,2165.0,True,True,2.1877232028983924,1.6750116604071745,True,correct,1,0,0,0.9168427586555481,0.0,1.284675299443404,1,1,False,2,15.0,,,,,,low,unavailable
6bba_05b6850b,6bba,28,29000256,30000267,2103.0,2167.0,30000267.0,2167.0,True,True,1.86167137607581,0.5745242597140698,True,correct,1,0,0,0.990519642829895,2.8145825622994254,3.832554834897995,1,1,False,3,15.0,,,,,,low,unavailable
6bba_05b6850b,6bba,29,30000257,31000268,2115.0,2177.0,31000268.0,2177.0,True,True,3.471001521535247,2.368824207280903,True,correct,1,0,0,0.5084782242774963,1.625,0.40625,1,1,False,2,15.0,,,,,,low,unavailable
6bba_05b6850b,6bba,29,30000258,31000269,2122.0,2186.0,31000269.0,2186.0,True,True,1.86167137607581,2.1877232028983924,True,correct,1,0,0,0.8840163350105286,0.0,0.8125,1,1,False,2,15.0,,,,,,low,unavailable
6bba_05b6850b,6bba,29,30000259,31000270,2125.0,2188.0,31000270.0,2188.0,True,True,0.8125,0.40625,True,correct,1,0,0,0.9230426549911499,0.0,0.9084026158592896,1,1,False,2,15.0,,,,,,low,unavailable
6bba_05b6850b,6bba,29,30000260,31000271,2128.0,2192.0,31000271.0,2192.0,True,True,1.86167137607581,1.8168052317185792,True,correct,1,0,0,0.9619061946868896,0.0,0.40625,1,1,False,3,15.0,,,,,,low,unavailable
6bba_05b6850b,6bba,29,30000262,31000272,2138.0,2201.0,31000272.0,2201.0,True,True,4.942244555867304,3.25,True,correct,1,0,0,0.7525124549865723,0.0,1.8168052317185792,1,1,False,3,15.0,,,,,,low,unavailable
6bba_05b6850b,6bba,29,30000264,31000274,2146.0,2212.0,31000274.0,2212.0,True,True,1.86167137607581,1.284675299443404,True,correct,1,0,0,0.8314132690429688,1.625,0.9084026158592896,1,1,False,1,15.0,,,,,,low,unavailable
6bba_05b6850b,6bba,29,30000265,31000275,2163.0,2224.0,31000275.0,2224.0,True,True,3.350023320814349,4.942244555867304,True,correct,1,0,0,0.7249321341514587,0.0,1.625,1,1,False,2,15.0,,,,,,low,unavailable
6bba_05b6850b,6bba,29,30000266,31000276,2165.0,2226.0,31000276.0,2226.0,True,True,1.6750116604071745,1.7235727791422095,True,correct,1,0,0,0.8275113701820374,0.0,0.40625,1,1,False,2,15.0,,,,,,low,unavailable
6bba_05b6850b,6bba,29,30000267,31000277,2167.0,2227.0,31000277.0,2227.0,True,True,0.5745242597140698,1.7235727791422095,True,correct,1,0,0,0.9823060631752014,2.8145825622994254,1.8168052317185792,1,1,False,2,15.0,,,,,,low,unavailable
6bba_05b6850b,6bba,30,31000268,32000278,2177.0,2237.0,32000278.0,2237.0,True,True,2.368824207280903,2.1877232028983924,True,correct,1,0,0,0.966152012348175,0.0,0.40625,1,1,False,2,15.0,,,,,,low,unavailable
6bba_05b6850b,6bba,30,31000269,32000279,2186.0,2244.0,32000279.0,2244.0,True,True,2.1877232028983924,1.86167137607581,True,correct,1,0,0,0.9065291881561279,1.625,0.5745242597140698,1,1,False,2,15.0,,,,,,low,unavailable
6bba_05b6850b,6bba,30,31000270,32000280,2188.0,2245.0,32000280.0,2245.0,True,True,0.40625,1.6750116604071745,True,correct,1,0,0,0.9496622681617737,0.0,1.7235727791422095,1,1,False,2,15.0,,,,,,low,unavailable
6bba_05b6850b,6bba,30,31000271,32000281,2192.0,2249.0,32000281.0,2249.0,True,True,1.8168052317185792,1.1490485194281397,True,correct,1,0,0,0.982941210269928,1.625,1.8168052317185792,1,1,False,3,15.0,,,,,,low,unavailable
6bba_05b6850b,6bba,30,31000272,32000282,2201.0,2258.0,32000282.0,2258.0,True,True,3.25,3.374565944310468,True,correct,1,0,0,0.816243052482605,0.0,0.9084026158592896,1,1,False,3,15.0,,,,,,low,unavailable
6bba_05b6850b,6bba,30,31000274,32000284,2212.0,2271.0,32000284.0,2271.0,True,True,1.284675299443404,0.9084026158592896,True,correct,1,0,0,0.8257209658622742,1.625,0.40625,1,1,False,2,15.0,,,,,,low,unavailable
6bba_05b6850b,6bba,30,31000275,32000285,2224.0,2282.0,32000285.0,2282.0,True,True,4.942244555867304,3.447145558284419,True,correct,1,0,0,0.8789003491401672,0.0,1.8168052317185792,1,1,False,2,15.0,,,,,,low,unavailable
6bba_05b6850b,6bba,30,31000276,32000286,2226.0,2284.0,32000286.0,2284.0,True,True,1.7235727791422095,1.7235727791422095,True,correct,1,0,0,0.9501081109046936,1.625,0.8125,1,1,False,2,15.0,,,,,,low,unavailable
6bba_05b6850b,6bba,30,31000277,32000287,2227.0,2285.0,32000287.0,2285.0,True,True,1.7235727791422095,2.333728575156074,True,correct,1,0,0,0.9949486255645752,1.625,0.9084026158592896,1,1,False,1,15.0,,,,,,low,unavailable
6bba_05b6850b,6bba,31,32000278,33000288,2237.0,2296.0,33000288.0,2296.0,True,True,2.1877232028983924,2.7252078475778685,True,correct,1,0,0,0.948747992515564,0.0,0.5745242597140698,1,1,False,1,15.0,,,,,,low,unavailable
6bba_05b6850b,6bba,31,32000279,33000289,2244.0,2300.0,33000289.0,2300.0,True,True,1.86167137607581,3.447145558284419,True,correct,1,0,0,0.9469122886657715,2.2980970388562794,0.40625,1,1,False,2,15.0,,,,,,low,unavailable
6bba_05b6850b,6bba,31,32000280,33000290,2245.0,2303.0,33000290.0,2303.0,True,True,1.6750116604071745,3.2752922102462856,True,correct,1,0,0,0.9817113876342773,1.625,0.5745242597140698,1,1,False,3,15.0,,,,,,low,unavailable
6bba_05b6850b,6bba,31,32000281,33000291,2249.0,2307.0,33000291.0,2307.0,True,True,1.1490485194281397,1.4647552056572457,True,correct,1,0,0,0.981607973575592,1.625,1.6750116604071745,1,1,False,3,15.0,,,,,,low,unavailable
6bba_05b6850b,6bba,31,32000282,33000292,2258.0,2316.0,33000292.0,2316.0,True,True,3.374565944310468,3.471001521535247,True,correct,1,0,0,0.7829729914665222,1.625,0.5745242597140698,1,1,False,2,15.0,,,,,,low,unavailable
6bba_05b6850b,6bba,31,32000284,33000293,2271.0,2323.0,33000293.0,2323.0,True,True,0.9084026158592896,1.86167137607581,True,correct,1,0,0,0.9745327234268188,2.8145825622994254,0.5745242597140698,1,1,False,2,15.0,,,,,,low,unavailable
6bba_05b6850b,6bba,31,32000285,33000294,2282.0,2339.0,33000294.0,2339.0,True,True,3.447145558284419,4.89189779763437,True,correct,1,0,0,0.9187855124473572,0.0,2.1877232028983924,1,1,False,2,15.0,,,,,,low,unavailable
6bba_05b6850b,6bba,31,32000286,33000295,2284.0,2340.0,33000295.0,2340.0,True,True,1.7235727791422095,0.5745242597140698,True,correct,1,0,0,0.9367727637290955,0.0,1.625,1,1,False,2,15.0,,,,,,low,unavailable
6bba_05b6850b,6bba,31,32000287,33000296,2285.0,2342.0,33000296.0,2342.0,True,True,2.333728575156074,1.7235727791422095,True,correct,1,0,0,0.998358428478241,1.625,0.9084026158592896,1,1,False,1,15.0,,,,,,low,unavailable
6bba_05b6850b,6bba,32,33000288,34000297,2296.0,2354.0,34000297.0,2354.0,True,True,2.7252078475778685,3.093907824257213,True,correct,1,0,0,0.923035740852356,0.0,0.40625,1,1,False,1,15.0,,,,,,low,unavailable
6bba_05b6850b,6bba,32,33000289,34000298,2300.0,2359.0,34000298.0,2359.0,True,True,3.447145558284419,1.4647552056572457,True,correct,1,0,0,0.8300473690032959,2.8145825622994254,1.6750116604071745,1,1,False,2,15.0,,,,,,low,unavailable
6bba_05b6850b,6bba,32,33000290,34000299,2303.0,2361.0,34000299.0,2361.0,True,True,3.2752922102462856,1.7235727791422095,True,correct,1,0,0,0.9105900526046753,0.0,1.6750116604071745,1,1,False,3,15.0,,,,,,low,unavailable
6bba_05b6850b,6bba,32,33000291,34000300,2307.0,2365.0,34000300.0,2365.0,True,True,1.4647552056572457,1.7235727791422095,True,correct,1,0,0,0.9487313032150269,0.0,1.86167137607581,1,1,False,2,15.0,,,,,,low,unavailable
6bba_05b6850b,6bba,32,33000292,34000301,2316.0,2378.0,34000301.0,2378.0,True,True,3.471001521535247,3.300390601883359,True,correct,1,0,0,0.8992791175842285,0.0,0.9084026158592896,1,1,False,2,15.0,,,,,,low,unavailable
6bba_05b6850b,6bba,32,33000293,34000302,2323.0,2386.0,34000302.0,2386.0,True,True,1.86167137607581,2.1877232028983924,True,correct,1,0,0,0.9008775949478149,0.0,1.284675299443404,1,1,False,2,15.0,,,,,,low,unavailable
6bba_05b6850b,6bba,32,33000294,34000303,2339.0,2401.0,34000303.0,2401.0,True,True,4.89189779763437,1.8168052317185792,True,correct,1,0,0,0.5950798392295837,3.9804208320226646,2.03125,1,1,False,3,15.0,,,,,,low,unavailable
6bba_05b6850b,6bba,32,33000295,34000304,2340.0,2402.0,34000304.0,2402.0,True,True,0.5745242597140698,0.5745242597140698,True,correct,1,0,0,0.8221216797828674,0.0,0.8125,1,1,False,2,15.0,,,,,,low,unavailable
6bba_05b6850b,6bba,32,33000296,34000305,2342.0,2404.0,34000305.0,2404.0,True,True,1.7235727791422095,1.6750116604071745,True,correct,1,0,0,0.9948185086250305,0.0,0.40625,1,1,False,1,15.0,,,,,,low,unavailable
6bba_05b6850b,6bba,33,34000297,35000306,2354.0,2417.0,35000306.0,2417.0,True,True,3.093907824257213,1.6750116604071745,True,correct,1,0,0,0.9441816210746765,0.0,1.4647552056572457,1,1,False,1,15.0,,,,,,low,unavailable
6bba_05b6850b,6bba,33,34000298,35000307,2359.0,2420.0,35000307.0,2420.0,True,True,1.4647552056572457,1.9902104160113323,True,correct,1,0,0,0.9703589081764221,1.625,0.40625,1,1,False,2,15.0,,,,,,low,unavailable
6bba_05b6850b,6bba,33,34000299,35000308,2361.0,2422.0,35000308.0,2422.0,True,True,1.7235727791422095,1.7235727791422095,True,correct,1,0,0,0.9135324954986572,0.0,0.8125,1,1,False,3,15.0,,,,,,low,unavailable
6bba_05b6850b,6bba,33,34000300,35000309,2365.0,2428.0,35000309.0,2428.0,True,True,1.7235727791422095,1.4647552056572457,True,correct,1,0,0,0.9444877505302429,1.625,0.9084026158592896,1,1,False,1,15.0,,,,,,low,unavailable
6bba_05b6850b,6bba,33,34000301,35000310,2378.0,2435.0,35000310.0,2435.0,True,True,3.300390601883359,3.2752922102462856,True,correct,1,0,0,0.9056733250617981,0.0,0.40625,1,1,False,2,15.0,,,,,,low,unavailable
6bba_05b6850b,6bba,33,34000302,35000311,2386.0,2445.0,35000311.0,2445.0,True,True,2.1877232028983924,1.7235727791422095,True,correct,1,0,0,0.9816479682922363,1.625,0.9084026158592896,1,1,False,2,15.0,,,,,,low,unavailable
6bba_05b6850b,6bba,33,34000303,35000312,2401.0,2461.0,35000312.0,2461.0,True,True,1.8168052317185792,1.8168052317185792,True,correct,1,0,0,0.5927417874336243,0.0,0.0,1,1,False,3,15.0,,,,,,low,unavailable
6bba_05b6850b,6bba,33,34000304,35000313,2402.0,2462.0,35000313.0,2462.0,True,True,0.5745242597140698,2.1877232028983924,True,correct,1,0,0,0.9776654243469238,2.2980970388562794,0.40625,1,1,False,2,15.0,,,,,,low,unavailable
6bba_05b6850b,6bba,33,34000305,35000314,2404.0,2464.0,35000314.0,2464.0,True,True,1.6750116604071745,1.625,True,correct,1,0,0,0.993950605392456,0.0,0.40625,1,1,False,2,15.0,,,,,,low,unavailable
6bba_05b6850b,6bba,34,35000306,36000315,2417.0,2478.0,36000315.0,2478.0,True,True,1.6750116604071745,1.7235727791422095,True,correct,1,0,0,0.9034057855606079,1.625,1.6750116604071745,1,1,False,1,15.0,,,,,,low,unavailable
6bba_05b6850b,6bba,34,35000307,36000316,2420.0,2481.0,36000316.0,2481.0,True,True,1.9902104160113323,3.494694639736067,True,correct,1,0,0,0.8978358507156372,1.625,1.7235727791422095,1,1,False,2,15.0,,,,,,low,unavailable
6bba_05b6850b,6bba,34,35000308,36000317,2422.0,2483.0,36000317.0,2483.0,True,True,1.7235727791422095,1.9902104160113323,True,correct,1,0,0,0.9354419112205505,2.2980970388562794,0.5745242597140698,1,1,False,3,15.0,,,,,,low,unavailable
6bba_05b6850b,6bba,34,35000309,36000318,2428.0,2488.0,36000318.0,2488.0,True,True,1.4647552056572457,2.2980970388562794,True,correct,1,0,0,0.9743475317955017,2.2980970388562794,1.4647552056572457,1,1,False,1,15.0,,,,,,low,unavailable
6bba_05b6850b,6bba,34,35000310,36000319,2435.0,2496.0,36000319.0,2496.0,True,True,3.2752922102462856,3.2752922102462856,True,correct,1,0,0,0.80748051404953,0.0,0.5745242597140698,1,1,False,3,15.0,,,,,,low,unavailable
6bba_05b6850b,6bba,34,35000311,36000321,2445.0,2504.0,36000321.0,2504.0,True,True,1.7235727791422095,1.8168052317185792,True,correct,1,0,0,0.9070006608963013,0.0,0.5745242597140698,1,1,False,2,15.0,,,,,,low,unavailable
6bba_05b6850b,6bba,34,35000312,36000322,2461.0,2520.0,36000322.0,2520.0,True,True,1.8168052317185792,1.4647552056572457,True,correct,1,0,0,0.5600809454917908,1.625,1.6750116604071745,1,1,False,2,15.0,,,,,,low,unavailable
6bba_05b6850b,6bba,34,35000313,36000323,2462.0,2519.0,36000323.0,2519.0,True,True,2.1877232028983924,3.374565944310468,True,correct,1,0,0,0.8883827328681946,0.0,1.7235727791422095,1,1,False,2,15.0,,,,,,low,unavailable
6bba_05b6850b,6bba,34,35000314,36000324,2464.0,2523.0,36000324.0,2523.0,True,True,1.625,0.8125,True,correct,1,0,0,0.9962114095687866,1.625,0.8125,1,1,False,1,15.0,,,,,,low,unavailable
6bba_05b6850b,6bba,35,36000315,37000325,2478.0,2533.0,37000325.0,2533.0,True,True,1.7235727791422095,0.40625,True,correct,1,0,0,0.9486814737319946,1.625,0.40625,1,1,False,1,15.0,,,,,,low,unavailable
6bba_05b6850b,6bba,35,36000316,37000326,2481.0,2539.0,37000326.0,2539.0,True,True,3.494694639736067,1.86167137607581,True,correct,1,0,0,0.9446501731872559,2.2980970388562794,0.40625,1,1,False,2,15.0,,,,,,low,unavailable
6bba_05b6850b,6bba,35,36000317,37000327,2483.0,2541.0,37000327.0,2541.0,True,True,1.9902104160113323,2.1877232028983924,True,correct,1,0,0,0.9189593195915222,1.625,1.6750116604071745,1,1,False,2,15.0,,,,,,low,unavailable
6bba_05b6850b,6bba,35,36000318,37000328,2488.0,2545.0,37000328.0,2545.0,True,True,2.2980970388562794,3.093907824257213,True,correct,1,0,0,0.9744691848754883,2.8145825622994254,0.5745242597140698,1,1,False,1,15.0,,,,,,low,unavailable
6bba_05b6850b,6bba,35,36000319,37000329,2496.0,2552.0,37000329.0,2552.0,True,True,3.2752922102462856,3.374565944310468,True,correct,1,0,0,0.9585508108139038,0.0,0.8125,1,1,False,3,15.0,,,,,,low,unavailable
6bba_05b6850b,6bba,35,36000321,37000330,2504.0,2559.0,37000330.0,2559.0,True,True,1.8168052317185792,1.6750116604071745,True,correct,1,0,0,0.9663687348365784,1.625,0.40625,1,1,False,2,15.0,,,,,,low,unavailable
6bba_05b6850b,6bba,35,36000322,37000331,2520.0,2575.0,37000331.0,2575.0,True,True,1.4647552056572457,0.8125,True,correct,1,0,0,0.5913708806037903,0.0,0.9084026158592896,1,1,False,2,15.0,,,,,,low,unavailable
6bba_05b6850b,6bba,35,36000323,37000332,2519.0,2576.0,37000332.0,2576.0,True,True,3.374565944310468,1.6750116604071745,True,correct,1,0,0,0.8863766193389893,2.2980970388562794,0.8125,1,1,False,2,15.0,,,,,,low,unavailable
6bba_05b6850b,6bba,35,36000324,37000333,2523.0,2578.0,37000333.0,2578.0,True,True,0.8125,1.6750116604071745,True,correct,1,0,0,0.9855676889419556,1.625,0.9084026158592896,1,1,False,1,15.0,,,,,,low,unavailable
6bba_05b6850b,6bba,36,37000325,38000334,2533.0,2589.0,38000334.0,2589.0,True,True,0.40625,0.0,True,correct,1,0,0,0.9041327834129333,0.0,0.40625,1,1,False,1,15.0,,,,,,low,unavailable
6bba_05b6850b,6bba,36,37000326,38000335,2539.0,2594.0,38000335.0,2594.0,True,True,1.86167137607581,2.0714766773970688,True,correct,1,0,0,0.9031463265419006,2.2980970388562794,0.9084026158592896,1,1,False,1,15.0,,,,,,low,unavailable
6bba_05b6850b,6bba,36,37000327,38000336,2541.0,2596.0,38000336.0,2596.0,True,True,2.1877232028983924,1.8168052317185792,True,correct,1,0,0,0.9408488869667053,0.0,0.9084026158592896,1,1,False,2,15.0,,,,,,low,unavailable
6bba_05b6850b,6bba,36,37000328,38000337,2545.0,2599.0,38000337.0,2599.0,True,True,3.093907824257213,1.8168052317185792,True,correct,1,0,0,0.9806548357009888,1.625,2.0714766773970688,1,1,False,1,15.0,,,,,,low,unavailable
6bba_05b6850b,6bba,36,37000329,38000338,2552.0,2607.0,38000338.0,2607.0,True,True,3.374565944310468,1.86167137607581,True,correct,1,0,0,0.962546169757843,1.625,0.0,1,1,False,3,15.0,,,,,,low,unavailable
6bba_05b6850b,6bba,36,37000330,38000339,2559.0,2616.0,38000339.0,2616.0,True,True,1.6750116604071745,0.40625,True,correct,1,0,0,0.9700279831886292,1.625,0.0,1,1,False,2,15.0,,,,,,low,unavailable
6bba_05b6850b,6bba,36,37000331,38000340,2575.0,2628.0,38000340.0,2628.0,True,True,0.8125,0.5745242597140698,True,correct,1,0,0,0.6063068509101868,0.0,0.5745242597140698,1,1,False,2,15.0,,,,,,low,unavailable
6bba_05b6850b,6bba,36,37000332,38000341,2576.0,2630.0,38000341.0,2630.0,True,True,1.6750116604071745,1.8168052317185792,True,correct,1,0,0,0.9809743762016296,1.625,1.86167137607581,1,1,False,2,15.0,,,,,,low,unavailable
6bba_05b6850b,6bba,36,37000333,38000342,2578.0,2633.0,38000342.0,2633.0,True,True,1.6750116604071745,1.284675299443404,True,correct,1,0,0,0.9965985417366028,2.2980970388562794,0.40625,1,1,False,1,15.0,,,,,,low,unavailable
6bba_05b6850b,6bba,37,38000335,39000343,2594.0,2650.0,39000343.0,2650.0,True,True,2.0714766773970688,2.03125,True,correct,1,0,0,0.9466249942779541,1.625,0.9084026158592896,1,1,False,1,15.0,,,,,,low,unavailable
6bba_05b6850b,6bba,37,38000336,39000344,2596.0,2652.0,39000344.0,2652.0,True,True,1.8168052317185792,3.1729139308370784,True,correct,1,0,0,0.7940547466278076,0.0,3.1729139308370784,1,1,False,2,15.0,,,,,,low,unavailable
6bba_05b6850b,6bba,37,38000337,39000345,2599.0,2657.0,39000345.0,2657.0,True,True,1.8168052317185792,1.21875,True,correct,1,0,0,0.9659956693649292,2.2980970388562794,2.7252078475778685,1,1,False,1,15.0,,,,,,low,unavailable
6bba_05b6850b,6bba,37,38000338,39000346,2607.0,2666.0,39000346.0,2666.0,True,True,1.86167137607581,3.374565944310468,True,correct,1,0,0,0.9504283666610718,2.2980970388562794,2.632800908728193,1,1,False,3,15.0,,,,,,low,unavailable
6bba_05b6850b,6bba,37,38000339,39000347,2616.0,2673.0,39000347.0,2673.0,True,True,0.40625,1.6750116604071745,True,correct,1,0,0,0.9695429801940918,2.2980970388562794,2.4375,1,1,False,1,15.0,,,,,,low,unavailable
6bba_05b6850b,6bba,37,38000340,39000348,2628.0,2695.0,39000348.0,2695.0,True,True,0.5745242597140698,5.658407737606049,True,correct,1,0,0,0.5794844627380371,3.9804208320226646,2.4375,1,1,False,2,15.0,,,,,,low,unavailable
6bba_05b6850b,6bba,37,38000341,39000349,2630.0,2691.0,39000349.0,2691.0,True,True,1.8168052317185792,3.374565944310468,True,correct,1,0,0,0.9487000703811646,3.6336104634371584,2.7252078475778685,1,1,False,3,15.0,,,,,,low,unavailable
6bba_05b6850b,6bba,37,38000342,39000350,2633.0,2694.0,39000350.0,2694.0,True,True,1.284675299443404,1.625,True,correct,1,0,0,0.9926263689994812,5.3895152843275245,5.296851954227152,1,1,False,3,15.0,,,,,,low,unavailable
6bba_05b6850b,6bba,38,39000343,40000351,2650.0,2717.0,40000351.0,2717.0,True,True,2.03125,2.1877232028983924,True,correct,1,0,0,0.9179491996765137,0.0,1.284675299443404,1,1,False,2,15.0,,,,,,low,unavailable
6bba_05b6850b,6bba,38,39000344,40000352,2652.0,2719.0,40000352.0,2719.0,True,True,3.1729139308370784,1.8168052317185792,True,correct,1,0,0,0.8373889923095703,3.9804208320226646,2.333728575156074,1,1,False,2,15.0,,,,,,low,unavailable
6bba_05b6850b,6bba,38,39000345,40000353,2657.0,2724.0,40000353.0,2724.0,True,True,1.21875,1.7235727791422095,True,correct,1,0,0,0.9529749751091003,0.0,1.86167137607581,1,1,False,1,15.0,,,,,,low,unavailable
6bba_05b6850b,6bba,38,39000346,40000354,2666.0,2733.0,40000354.0,2733.0,True,True,3.374565944310468,3.374565944310468,True,correct,1,0,0,0.9631995558738708,0.0,0.0,1,1,False,4,15.0,,,,,,medium_low,unavailable
6bba_05b6850b,6bba,38,39000347,40000355,2673.0,2740.0,40000355.0,2740.0,True,True,1.6750116604071745,1.7235727791422095,True,correct,1,0,0,0.9682945609092712,0.0,0.40625,1,1,False,1,15.0,,,,,,low,unavailable
6bba_05b6850b,6bba,38,39000348,40000356,2695.0,2758.0,40000356.0,2758.0,True,True,5.658407737606049,1.1490485194281397,True,correct,1,0,0,0.5758890509605408,2.2980970388562794,3.300390601883359,1,1,False,2,15.0,,,,,,low,unavailable
6bba_05b6850b,6bba,38,39000349,40000357,2691.0,2757.0,40000357.0,2757.0,True,True,3.374565944310468,1.7235727791422095,True,correct,1,0,0,0.9659844636917114,1.625,0.40625,1,1,False,3,15.0,,,,,,low,unavailable
6bba_05b6850b,6bba,38,39000350,40000358,2694.0,2759.0,40000358.0,2759.0,True,True,1.625,1.8168052317185792,True,correct,1,0,0,0.9953698515892029,2.2980970388562794,1.8168052317185792,1,1,False,4,15.0,,,,,,medium_low,unavailable
6bba_05b6850b,6bba,39,40000351,41000359,2717.0,2782.0,41000359.0,2782.0,True,True,2.1877232028983924,1.4647552056572457,True,correct,1,0,0,0.9661258459091187,0.0,1.7235727791422095,1,1,False,2,15.0,,,,,,low,unavailable
6bba_05b6850b,6bba,39,40000352,41000360,2719.0,2783.0,41000360.0,2783.0,True,True,1.8168052317185792,1.8168052317185792,True,correct,1,0,0,0.876182496547699,0.0,0.0,1,1,False,2,15.0,,,,,,low,unavailable
6bba_05b6850b,6bba,39,40000353,41000361,2724.0,2787.0,41000361.0,2787.0,True,True,1.7235727791422095,1.21875,True,correct,1,0,0,0.9632520079612732,1.625,0.9084026158592896,1,1,False,1,15.0,,,,,,low,unavailable
6bba_05b6850b,6bba,39,40000354,41000362,2733.0,2795.0,41000362.0,2795.0,True,True,3.374565944310468,3.25,True,correct,1,0,0,0.9553731679916382,1.625,1.86167137607581,1,1,False,3,15.0,,,,,,low,unavailable
6bba_05b6850b,6bba,39,40000355,41000363,2740.0,2802.0,41000363.0,2802.0,True,True,1.7235727791422095,1.6750116604071745,True,correct,1,0,0,0.9808024168014526,0.0,0.40625,1,1,False,2,15.0,,,,,,low,unavailable
6bba_05b6850b,6bba,39,40000356,41000364,2758.0,2823.0,41000364.0,2823.0,True,True,1.1490485194281397,1.4647552056572457,True,correct,1,0,0,0.625726580619812,2.2980970388562794,2.333728575156074,1,1,False,2,15.0,,,,,,low,unavailable
6bba_05b6850b,6bba,39,40000357,41000367,2757.0,2820.0,41000367.0,2820.0,True,True,1.7235727791422095,3.2752922102462856,True,correct,1,0,0,0.944713830947876,1.625,2.03125,1,1,False,2,15.0,,,,,,low,unavailable
6bba_05b6850b,6bba,39,40000358,41000368,2759.0,2821.0,41000368.0,2821.0,True,True,1.8168052317185792,1.8168052317185792,True,correct,1,0,0,0.9954837560653687,0.0,0.0,1,1,False,4,15.0,,,,,,medium_low,unavailable
6bba_05b6850b,6bba,40,41000359,42000370,2782.0,2844.0,42000370.0,2844.0,True,True,1.4647552056572457,1.86167137607581,True,correct,1,0,0,0.9573131799697876,0.0,1.8168052317185792,1,1,False,2,15.0,,,,,,low,unavailable
6bba_05b6850b,6bba,40,41000360,42000371,2783.0,2845.0,42000371.0,2845.0,True,True,1.8168052317185792,3.494694639736067,True,correct,1,0,0,0.8606013059616089,1.625,0.5745242597140698,1,1,False,2,15.0,,,,,,low,unavailable
6bba_05b6850b,6bba,40,41000361,42000372,2787.0,2849.0,42000372.0,2849.0,True,True,1.21875,0.9084026158592896,True,correct,1,0,0,0.9128067493438721,2.2980970388562794,0.8125,1,1,False,1,15.0,,,,,,low,unavailable
6bba_05b6850b,6bba,40,41000362,42000373,2795.0,2857.0,42000373.0,2857.0,True,True,3.25,3.374565944310468,True,correct,1,0,0,0.9267921447753906,0.0,0.9084026158592896,1,1,False,3,15.0,,,,,,low,unavailable
6bba_05b6850b,6bba,40,41000363,42000374,2802.0,2867.0,42000374.0,2867.0,True,True,1.6750116604071745,3.374565944310468,True,correct,1,0,0,0.9809272289276123,0.0,1.8168052317185792,1,1,False,2,15.0,,,,,,low,unavailable
6bba_05b6850b,6bba,40,41000364,42000375,2823.0,2886.0,42000375.0,2886.0,True,True,1.4647552056572457,1.86167137607581,True,correct,1,0,0,0.7227573394775391,2.2980970388562794,1.8168052317185792,1,1,False,3,15.0,,,,,,low,unavailable
6bba_05b6850b,6bba,40,41000367,42000376,2820.0,2885.0,42000376.0,2885.0,True,True,3.2752922102462856,3.350023320814349,True,correct,1,0,0,0.9253303408622742,0.0,0.40625,1,1,False,2,15.0,,,,,,low,unavailable
6bba_05b6850b,6bba,40,41000368,42000377,2821.0,2888.0,42000377.0,2888.0,True,True,1.8168052317185792,0.0,True,correct,1,0,0,0.9898234009742737,0.0,1.8168052317185792,1,1,False,4,15.0,,,,,,medium_low,unavailable
6bba_05b6850b,6bba,41,42000369,43000377,2835.0,2903.0,43000377.0,2903.0,True,True,1.7235727791422095,0.9084026158592896,True,correct,1,0,0,0.8257859945297241,1.625,1.4647552056572457,1,1,False,2,15.0,,,,,,low,unavailable
6bba_05b6850b,6bba,41,42000370,43000378,2844.0,2912.0,43000378.0,2912.0,True,True,1.86167137607581,2.569350598886808,True,correct,1,0,0,0.9576736092567444,2.2980970388562794,0.40625,1,1,False,2,15.0,,,,,,low,unavailable
6bba_05b6850b,6bba,41,42000371,43000379,2845.0,2915.0,43000379.0,2915.0,True,True,3.494694639736067,2.6012692214570947,True,correct,1,0,0,0.8050397634506226,3.9804208320226646,0.9084026158592896,1,1,False,2,15.0,,,,,,low,unavailable
6bba_05b6850b,6bba,41,42000372,43000380,2849.0,2913.0,43000380.0,2913.0,True,True,0.9084026158592896,1.9902104160113323,True,correct,1,0,0,0.9428191781044006,3.6336104634371584,1.6750116604071745,1,1,False,1,15.0,,,,,,low,unavailable
6bba_05b6850b,6bba,41,42000373,43000381,2857.0,2926.0,43000381.0,2926.0,True,True,3.374565944310468,4.89189779763437,True,correct,1,0,0,0.7735836505889893,2.2980970388562794,0.5745242597140698,1,1,False,3,15.0,,,,,,low,unavailable
6bba_05b6850b,6bba,41,42000374,43000382,2867.0,2936.0,43000382.0,2936.0,True,True,3.374565944310468,3.471001521535247,True,correct,1,0,0,0.8979941606521606,0.0,1.1490485194281397,1,1,False,3,15.0,,,,,,low,unavailable
6bba_05b6850b,6bba,41,42000375,43000383,2886.0,2954.0,43000383.0,2954.0,True,True,1.86167137607581,2.0714766773970688,True,correct,1,0,0,0.6606922149658203,0.0,3.5648292823780494,1,1,False,2,15.0,,,,,,low,unavailable
6bba_05b6850b,6bba,41,42000376,43000385,2885.0,2955.0,43000385.0,2955.0,True,True,3.350023320814349,2.03125,True,correct,1,0,0,0.976856529712677,1.625,0.40625,1,1,False,3,15.0,,,,,,low,unavailable
6bba_05b6850b,6bba,41,42000377,43000384,2888.0,2953.0,43000384.0,2953.0,True,True,0.0,1.86167137607581,True,correct,1,0,0,0.955828070640564,4.596194077712559,2.9575446425202108,1,1,False,3,15.0,,,,,,low,unavailable
6bba_05b6850b,6bba,42,43000377,44000386,2903.0,2970.0,44000386.0,2970.0,True,True,0.9084026158592896,0.9084026158592896,True,correct,1,0,0,0.8599880337715149,0.0,0.0,1,1,False,2,15.0,,,,,,low,unavailable
6bba_05b6850b,6bba,42,43000378,44000387,2912.0,2981.0,44000387.0,2981.0,True,True,2.569350598886808,2.569350598886808,True,correct,1,0,0,0.9348050951957703,0.0,0.0,1,1,False,2,15.0,,,,,,low,unavailable
6bba_05b6850b,6bba,42,43000379,44000388,2915.0,2984.0,44000388.0,2984.0,True,True,2.6012692214570947,2.6012692214570947,True,correct,1,0,0,0.8188588619232178,0.0,0.0,1,1,False,2,15.0,,,,,,low,unavailable
6bba_05b6850b,6bba,42,43000380,44000389,2913.0,2982.0,44000389.0,2982.0,True,True,1.9902104160113323,1.9902104160113323,True,correct,1,0,0,0.9396085143089294,0.0,0.0,1,1,False,1,15.0,,,,,,low,unavailable
6bba_05b6850b,6bba,42,43000381,44000390,2926.0,2995.0,44000390.0,2995.0,True,True,4.89189779763437,4.89189779763437,True,correct,1,0,0,0.9559746980667114,0.0,0.0,1,1,False,3,15.0,,,,,,low,unavailable
6bba_05b6850b,6bba,42,43000382,44000391,2936.0,3005.0,44000391.0,3005.0,True,True,3.471001521535247,3.471001521535247,True,correct,1,0,0,0.952394962310791,0.0,0.0,1,1,False,3,15.0,,,,,,low,unavailable
6bba_05b6850b,6bba,42,43000383,44000392,2954.0,3023.0,44000392.0,3023.0,True,True,2.0714766773970688,2.0714766773970688,True,correct,1,0,0,0.7608919143676758,0.0,0.0,1,1,False,2,15.0,,,,,,low,unavailable
6bba_05b6850b,6bba,42,43000384,44000393,2953.0,3022.0,44000393.0,3022.0,True,True,1.86167137607581,1.86167137607581,True,correct,1,0,0,0.985752284526825,0.0,0.0,1,1,False,3,15.0,,,,,,low,unavailable
6bba_05b6850b,6bba,42,43000385,44000394,2955.0,3024.0,44000394.0,3024.0,True,True,2.03125,2.03125,True,correct,1,0,0,0.9754064679145813,0.0,0.0,1,1,False,3,15.0,,,,,,low,unavailable
6bba_05b6850b,6bba,43,44000386,45000395,2970.0,3039.0,45000395.0,3039.0,True,True,0.9084026158592896,0.40625,True,correct,1,0,0,0.6334439516067505,3.9804208320226646,3.350023320814349,1,1,False,4,15.0,,,,,,medium_low,unavailable
6bba_05b6850b,6bba,43,44000387,45000396,2981.0,3047.0,45000396.0,3047.0,True,True,2.569350598886808,1.86167137607581,True,correct,1,0,0,0.9331663846969604,1.625,2.6012692214570947,1,1,False,4,15.0,,,,,,medium_low,unavailable
6bba_05b6850b,6bba,43,44000388,45000397,2984.0,3053.0,45000397.0,3053.0,True,True,2.6012692214570947,2.2980970388562794,True,correct,1,0,0,0.8150497674942017,2.2980970388562794,2.03125,1,1,False,3,15.0,,,,,,low,unavailable
6bba_05b6850b,6bba,43,44000390,45000398,2995.0,3063.0,45000398.0,3063.0,True,True,4.89189779763437,3.374565944310468,True,correct,1,0,0,0.8784679174423218,1.625,1.9902104160113323,1,1,False,3,15.0,,,,,,low,unavailable
6bba_05b6850b,6bba,43,44000391,45000399,3005.0,3074.0,45000399.0,3074.0,True,True,3.471001521535247,4.958913218891817,True,correct,1,0,0,0.896678626537323,1.625,1.9902104160113323,1,1,False,4,15.0,,,,,,medium_low,unavailable
6bba_05b6850b,6bba,43,44000392,45000400,3023.0,3095.0,45000400.0,3095.0,True,True,2.0714766773970688,1.1490485194281397,True,correct,1,0,0,0.6782258749008179,2.2980970388562794,0.5745242597140698,1,1,False,3,15.0,,,,,,low,unavailable
6bba_05b6850b,6bba,43,44000393,45000401,3022.0,3094.0,45000401.0,3094.0,True,True,1.86167137607581,1.86167137607581,True,correct,1,0,0,0.9896061420440674,0.0,1.284675299443404,1,1,False,3,15.0,,,,,,low,unavailable
6bba_05b6850b,6bba,43,44000394,45000402,3024.0,3096.0,45000402.0,3096.0,True,True,2.03125,3.72334275215162,True,correct,1,0,0,0.9520745277404785,1.625,1.6750116604071745,1,1,False,3,15.0,,,,,,low,unavailable
6bba_05b6850b,6bba,44,45000395,46000403,3039.0,3115.0,46000403.0,3115.0,True,True,0.40625,3.350023320814349,True,correct,1,0,0,0.7001149654388428,3.6336104634371584,1.86167137607581,1,1,False,4,15.0,,,,,,medium_low,unavailable
6bba_05b6850b,6bba,44,45000396,46000404,3047.0,3123.0,46000404.0,3123.0,True,True,1.86167137607581,1.1490485194281397,True,correct,1,0,0,0.9347139596939087,1.625,0.40625,1,1,False,4,15.0,,,,,,medium_low,unavailable
6bba_05b6850b,6bba,44,45000397,46000405,3053.0,3128.0,46000405.0,3128.0,True,True,2.2980970388562794,2.0714766773970688,True,correct,1,0,0,0.9735527038574219,1.625,1.7235727791422095,1,1,False,3,15.0,,,,,,low,unavailable
6bba_05b6850b,6bba,44,45000398,46000406,3063.0,3139.0,46000406.0,3139.0,True,True,3.374565944310468,1.86167137607581,True,correct,1,0,0,0.7479982376098633,1.625,0.0,1,1,False,3,15.0,,,,,,low,unavailable
6bba_05b6850b,6bba,44,45000399,46000407,3074.0,3151.0,46000407.0,3151.0,True,True,4.958913218891817,4.958913218891817,True,correct,1,0,0,0.8957256078720093,1.625,1.7235727791422095,1,1,False,4,15.0,,,,,,medium_low,unavailable
6bba_05b6850b,6bba,44,45000400,46000408,3095.0,3164.0,46000408.0,3164.0,True,True,1.1490485194281397,4.908737426772795,True,correct,1,0,0,0.5902323722839355,3.6336104634371584,1.7235727791422095,1,1,False,3,15.0,,,,,,low,unavailable
6bba_05b6850b,6bba,44,45000401,46000409,3094.0,3165.0,46000409.0,3165.0,True,True,1.86167137607581,0.5745242597140698,True,correct,1,0,0,0.9733109474182129,2.2980970388562794,2.1877232028983924,1,1,False,4,15.0,,,,,,medium_low,unavailable
6bba_05b6850b,6bba,44,45000402,46000410,3096.0,3168.0,46000410.0,3168.0,True,True,3.72334275215162,1.86167137607581,True,correct,1,0,0,0.9626737236976624,2.2980970388562794,0.40625,1,1,False,3,15.0,,,,,,low,unavailable
6bba_05b6850b,6bba,45,46000403,47000411,3115.0,3184.0,47000411.0,3184.0,True,True,3.350023320814349,1.86167137607581,True,correct,1,0,0,0.5364057421684265,1.625,0.9084026158592896,1,1,False,4,15.0,,,,,,medium_low,unavailable
6bba_05b6850b,6bba,45,46000404,47000412,3123.0,3190.0,47000412.0,3190.0,True,True,1.1490485194281397,2.4375,True,correct,1,0,0,0.8954453468322754,1.625,0.8125,1,1,False,4,15.0,,,,,,medium_low,unavailable
6bba_05b6850b,6bba,45,46000405,47000413,3128.0,3198.0,47000413.0,3198.0,True,True,2.0714766773970688,1.8168052317185792,True,correct,1,0,0,0.8712037801742554,1.625,1.284675299443404,1,1,False,3,15.0,,,,,,low,unavailable
6bba_05b6850b,6bba,45,46000406,47000414,3139.0,3209.0,47000414.0,3209.0,True,True,1.86167137607581,3.300390601883359,True,correct,1,0,0,0.7285410761833191,1.625,1.6750116604071745,1,1,False,3,15.0,,,,,,low,unavailable
6bba_05b6850b,6bba,45,46000407,47000415,3151.0,3218.0,47000415.0,3218.0,True,True,4.958913218891817,4.942244555867304,True,correct,1,0,0,0.8740594983100891,2.2980970388562794,2.1877232028983924,1,1,False,5,15.0,,,,,,medium_low,unavailable
6bba_05b6850b,6bba,45,46000408,47000416,3164.0,3234.0,47000416.0,3234.0,True,True,4.908737426772795,1.6750116604071745,True,correct,1,0,0,0.9123803973197937,3.6336104634371584,0.9084026158592896,1,1,False,3,15.0,,,,,,low,unavailable
6bba_05b6850b,6bba,45,46000409,47000417,3165.0,3233.0,47000417.0,3233.0,True,True,0.5745242597140698,1.7235727791422095,True,correct,1,0,0,0.9460974335670471,3.25,1.625,1,1,False,4,15.0,,,,,,medium_low,unavailable
6bba_05b6850b,6bba,45,46000410,47000418,3168.0,3238.0,47000418.0,3238.0,True,True,1.86167137607581,2.0714766773970688,True,correct,1,0,0,0.9562623500823975,1.625,0.9084026158592896,1,1,False,3,15.0,,,,,,low,unavailable
6bba_05b6850b,6bba,46,47000411,48000419,3184.0,3253.0,48000419.0,3253.0,True,True,1.86167137607581,0.40625,True,correct,1,0,0,0.8422954082489014,1.625,2.4375,1,1,False,3,15.0,,,,,,low,unavailable
6bba_05b6850b,6bba,46,47000412,48000420,3190.0,3262.0,48000420.0,3262.0,True,True,2.4375,2.1877232028983924,True,correct,1,0,0,0.9469051361083984,0.0,0.9084026158592896,1,1,False,4,15.0,,,,,,medium_low,unavailable
6bba_05b6850b,6bba,46,47000413,48000421,3198.0,3268.0,48000421.0,3268.0,True,True,1.8168052317185792,1.6750116604071745,True,correct,1,0,0,0.8720291256904602,0.0,0.40625,1,1,False,5,15.0,,,,,,medium_low,unavailable
6bba_05b6850b,6bba,46,47000414,48000422,3209.0,3280.0,48000422.0,3280.0,True,True,3.300390601883359,1.8168052317185792,True,correct,1,0,0,0.9431755542755127,0.0,1.7235727791422095,1,1,False,3,15.0,,,,,,low,unavailable
6bba_05b6850b,6bba,46,47000415,48000423,3218.0,3290.0,48000423.0,3290.0,True,True,4.942244555867304,4.942244555867304,True,correct,1,0,0,0.876297652721405,1.625,1.625,1,1,False,5,15.0,,,,,,medium_low,unavailable
6bba_05b6850b,6bba,46,47000416,48000424,3234.0,3306.0,48000424.0,3306.0,True,True,1.6750116604071745,3.350023320814349,True,correct,1,0,0,0.8827433586120605,2.2980970388562794,0.9084026158592896,1,1,False,3,15.0,,,,,,low,unavailable
6bba_05b6850b,6bba,46,47000417,48000425,3233.0,3305.0,48000425.0,3305.0,True,True,1.7235727791422095,1.284675299443404,True,correct,1,0,0,0.9733961224555969,0.0,1.8168052317185792,1,1,False,3,15.0,,,,,,low,unavailable
6bba_05b6850b,6bba,46,47000418,48000426,3238.0,3310.0,48000426.0,3310.0,True,True,2.0714766773970688,2.8145825622994254,True,correct,1,0,0,0.9885721206665039,2.2980970388562794,1.284675299443404,1,1,False,3,15.0,,,,,,low,unavailable
6bba_05b6850b,6bba,47,48000419,49000427,3253.0,3325.0,49000427.0,3325.0,True,True,0.40625,0.40625,True,correct,1,0,0,0.834904134273529,0.0,0.8125,1,1,False,3,15.0,,,,,,low,unavailable
6bba_05b6850b,6bba,47,48000420,49000430,3262.0,3332.0,49000430.0,3332.0,True,True,2.1877232028983924,0.9084026158592896,True,correct,1,0,0,0.9363914728164673,1.625,0.5745242597140698,1,1,False,3,15.0,,,,,,low,unavailable
6bba_05b6850b,6bba,47,48000421,49000431,3268.0,3337.0,49000431.0,3337.0,True,True,1.6750116604071745,1.9902104160113323,True,correct,1,0,0,0.9218806624412537,1.625,0.9084026158592896,1,1,False,4,15.0,,,,,,medium_low,unavailable
6bba_05b6850b,6bba,47,48000422,49000432,3280.0,3348.0,49000432.0,3348.0,True,True,1.8168052317185792,1.6750116604071745,True,correct,1,0,0,0.9695953130722046,1.625,0.40625,1,1,False,4,15.0,,,,,,medium_low,unavailable
6bba_05b6850b,6bba,47,48000423,49000433,3290.0,3358.0,49000433.0,3358.0,True,True,4.942244555867304,5.041429918683786,True,correct,1,0,0,0.9383093118667603,1.625,1.284675299443404,1,1,False,5,15.0,,,,,,medium_low,unavailable
6bba_05b6850b,6bba,47,48000424,49000434,3306.0,3377.0,49000434.0,3377.0,True,True,3.350023320814349,3.65625,True,correct,1,0,0,0.9365831613540649,1.625,0.9084026158592896,1,1,False,3,15.0,,,,,,low,unavailable
6bba_05b6850b,6bba,47,48000425,49000435,3305.0,3375.0,49000435.0,3375.0,True,True,1.284675299443404,0.9084026158592896,True,correct,1,0,0,0.9837327599525452,2.2980970388562794,2.03125,1,1,False,4,15.0,,,,,,medium_low,unavailable
6bba_05b6850b,6bba,47,48000426,49000436,3310.0,3383.0,49000436.0,3383.0,True,True,2.8145825622994254,1.8168052317185792,True,correct,1,0,0,0.9237768650054932,1.625,0.8125,1,1,False,2,15.0,,,,,,low,unavailable
6bba_05b6850b,6bba,48,49000427,50000437,3325.0,3401.0,50000437.0,3401.0,True,True,0.40625,0.5745242597140698,True,correct,1,0,0,0.7694843411445618,1.625,0.9084026158592896,1,1,False,3,15.0,,,,,,low,unavailable
6bba_05b6850b,6bba,48,49000430,50000440,3332.0,3407.0,50000440.0,3407.0,True,True,0.9084026158592896,2.2980970388562794,True,correct,1,0,0,0.9404460787773132,2.2980970388562794,0.9084026158592896,1,1,False,3,15.0,,,,,,low,unavailable
6bba_05b6850b,6bba,48,49000431,50000441,3337.0,3414.0,50000441.0,3414.0,True,True,1.9902104160113323,2.2980970388562794,True,correct,1,0,0,0.8715642690658569,2.2980970388562794,1.9902104160113323,1,1,False,5,15.0,,,,,,medium_low,unavailable
6bba_05b6850b,6bba,48,49000432,50000442,3348.0,3426.0,50000442.0,3426.0,True,True,1.6750116604071745,1.86167137607581,True,correct,1,0,0,0.8672025203704834,0.0,1.284675299443404,1,1,False,4,15.0,,,,,,medium_low,unavailable
6bba_05b6850b,6bba,48,49000433,50000443,3358.0,3436.0,50000443.0,3436.0,True,True,5.041429918683786,2.0714766773970688,True,correct,1,0,0,0.9255552291870117,0.0,3.447145558284419,1,1,False,3,15.0,,,,,,low,unavailable
6bba_05b6850b,6bba,48,49000434,50000444,3377.0,3455.0,50000444.0,3455.0,True,True,3.65625,1.8168052317185792,True,correct,1,0,0,0.9021164774894714,3.25,1.4647552056572457,1,1,False,3,15.0,,,,,,low,unavailable
6bba_05b6850b,6bba,48,49000435,50000445,3375.0,3450.0,50000445.0,3450.0,True,True,0.9084026158592896,0.9084026158592896,True,correct,1,0,0,0.9630869626998901,2.2980970388562794,0.5745242597140698,1,1,False,4,15.0,,,,,,medium_low,unavailable
6bba_05b6850b,6bba,48,49000436,50000446,3383.0,3458.0,50000446.0,3458.0,True,True,1.8168052317185792,1.7235727791422095,True,correct,1,0,0,0.8532505035400391,0.0,1.284675299443404,1,1,False,3,15.0,,,,,,low,unavailable
6bba_05b6850b,6bba,49,50000437,51000447,3401.0,3474.0,51000447.0,3474.0,True,True,0.5745242597140698,0.40625,True,correct,1,0,0,0.6379724740982056,0.0,0.9084026158592896,1,1,False,4,15.0,,,,,,medium_low,unavailable
6bba_05b6850b,6bba,49,50000440,51000450,3407.0,3481.0,51000450.0,3481.0,True,True,2.2980970388562794,2.03125,True,correct,1,0,0,0.9777862429618835,2.2980970388562794,0.40625,1,1,False,3,15.0,,,,,,low,unavailable
6bba_05b6850b,6bba,49,50000441,51000451,3414.0,3488.0,51000451.0,3488.0,True,True,2.2980970388562794,2.7252078475778685,True,correct,1,0,0,0.8730946779251099,0.0,1.86167137607581,1,1,False,3,15.0,,,,,,low,unavailable
6bba_05b6850b,6bba,49,50000442,51000452,3426.0,3494.0,51000452.0,3494.0,True,True,1.86167137607581,4.958913218891817,True,correct,1,0,0,0.7879869341850281,2.2980970388562794,1.8168052317185792,1,1,False,3,15.0,,,,,,low,unavailable
6bba_05b6850b,6bba,49,50000443,51000453,3436.0,3505.0,51000453.0,3505.0,True,True,2.0714766773970688,1.86167137607581,True,correct,1,0,0,0.9351597428321838,1.625,1.21875,1,1,False,4,15.0,,,,,,medium_low,unavailable
6bba_05b6850b,6bba,49,50000444,51000454,3455.0,3530.0,51000454.0,3530.0,True,True,1.8168052317185792,2.0714766773970688,True,correct,1,0,0,0.6959773898124695,1.625,2.0714766773970688,1,1,False,3,15.0,,,,,,low,unavailable
6bba_05b6850b,6bba,49,50000445,51000455,3450.0,3524.0,51000455.0,3524.0,True,True,0.9084026158592896,1.7235727791422095,True,correct,1,0,0,0.9785147309303284,0.0,1.86167137607581,1,1,False,3,15.0,,,,,,low,unavailable
6bba_05b6850b,6bba,49,50000446,51000456,3458.0,3533.0,51000456.0,3533.0,True,True,1.7235727791422095,1.7235727791422095,True,correct,1,0,0,0.9284729957580566,1.625,1.625,1,1,False,3,15.0,,,,,,low,unavailable
6bba_05b6850b,6bba,50,51000447,52000457,3474.0,3553.0,52000457.0,3553.0,True,True,0.40625,0.5745242597140698,True,correct,1,0,0,0.6869181394577026,1.625,0.9084026158592896,1,1,False,3,15.0,,,,,,low,unavailable
6bba_05b6850b,6bba,50,51000450,52000458,3481.0,3559.0,52000458.0,3559.0,True,True,2.03125,1.8168052317185792,True,correct,1,0,0,0.987438976764679,0.0,0.40625,1,1,False,2,15.0,,,,,,low,unavailable
6bba_05b6850b,6bba,50,51000451,52000461,3488.0,3566.0,52000461.0,3566.0,True,True,2.7252078475778685,2.333728575156074,True,correct,1,0,0,0.9096393585205078,0.0,0.5745242597140698,1,1,False,4,15.0,,,,,,medium_low,unavailable
6bba_05b6850b,6bba,50,51000452,52000462,3494.0,3577.0,52000462.0,3577.0,True,True,4.958913218891817,3.471001521535247,True,correct,1,0,0,0.8842233419418335,1.625,0.5745242597140698,1,1,False,3,15.0,,,,,,low,unavailable
6bba_05b6850b,6bba,50,51000453,52000463,3505.0,3583.0,52000463.0,3583.0,True,True,1.86167137607581,1.86167137607581,True,correct,1,0,0,0.9360069036483765,0.0,0.8125,1,1,False,4,15.0,,,,,,medium_low,unavailable
6bba_05b6850b,6bba,50,51000454,52000464,3530.0,3608.0,52000464.0,3608.0,True,True,2.0714766773970688,1.625,True,correct,1,0,0,0.6097522377967834,0.0,1.7235727791422095,1,1,False,3,15.0,,,,,,low,unavailable
6bba_05b6850b,6bba,50,51000455,52000465,3524.0,3600.0,52000465.0,3600.0,True,True,1.7235727791422095,3.300390601883359,True,correct,1,0,0,0.9310850501060486,2.2980970388562794,1.1490485194281397,1,1,False,3,15.0,,,,,,low,unavailable
6bba_05b6850b,6bba,50,51000456,52000467,3533.0,3613.0,52000467.0,3613.0,True,True,1.7235727791422095,0.8125,True,correct,1,0,0,0.9668535590171814,2.2980970388562794,0.5745242597140698,1,1,False,3,15.0,,,,,,low,unavailable
6bba_05b6850b,6bba,51,52000457,53000468,3553.0,3627.0,53000468.0,3627.0,True,True,0.5745242597140698,1.86167137607581,True,correct,1,0,0,0.6320385932922363,2.2980970388562794,0.9084026158592896,1,1,False,3,15.0,,,,,,low,unavailable
6bba_05b6850b,6bba,51,52000458,53000469,3559.0,3638.0,53000469.0,3638.0,True,True,1.8168052317185792,1.8168052317185792,True,correct,1,0,0,0.9903996586799622,0.0,0.0,1,1,False,2,15.0,,,,,,low,unavailable
6bba_05b6850b,6bba,51,52000461,53000470,3566.0,3644.0,53000470.0,3644.0,True,True,2.333728575156074,2.4375,True,correct,1,0,0,0.8153654932975769,1.625,0.40625,1,1,False,4,15.0,,,,,,medium_low,unavailable
6bba_05b6850b,6bba,51,52000462,53000471,3577.0,3654.0,53000471.0,3654.0,True,True,3.471001521535247,3.300390601883359,True,correct,1,0,0,0.9784059524536133,2.2980970388562794,1.6750116604071745,1,1,False,2,15.0,,,,,,low,unavailable
6bba_05b6850b,6bba,51,52000463,53000472,3583.0,3661.0,53000472.0,3661.0,True,True,1.86167137607581,2.0714766773970688,True,correct,1,0,0,0.9044954180717468,1.625,0.9084026158592896,1,1,False,4,15.0,,,,,,medium_low,unavailable
6bba_05b6850b,6bba,51,52000464,53000473,3608.0,3689.0,53000473.0,3689.0,True,True,1.625,2.333728575156074,True,correct,1,0,0,0.6005938649177551,1.625,0.40625,1,1,False,3,15.0,,,,,,low,unavailable
6bba_05b6850b,6bba,51,52000465,53000474,3600.0,3681.0,53000474.0,3681.0,True,True,3.300390601883359,1.6750116604071745,True,correct,1,0,0,0.9715226888656616,1.625,0.9084026158592896,1,1,False,3,15.0,,,,,,low,unavailable
6bba_05b6850b,6bba,51,52000466,53000475,3609.0,3688.0,53000475.0,3688.0,True,True,3.350023320814349,3.2752922102462856,True,correct,1,0,0,0.9526687264442444,0.0,0.9084026158592896,1,1,False,1,15.0,,,,,,low,unavailable
6bba_05b6850b,6bba,51,52000467,53000476,3613.0,3692.0,53000476.0,3692.0,True,True,0.8125,0.9084026158592896,True,correct,1,0,0,0.9420074224472046,0.0,0.40625,1,1,False,3,15.0,,,,,,low,unavailable
6bba_05b6850b,6bba,52,53000468,54000477,3627.0,3707.0,54000477.0,3707.0,True,True,1.86167137607581,1.86167137607581,True,correct,1,0,0,0.5789960026741028,0.0,0.0,1,1,False,3,15.0,,,,,,low,unavailable
6bba_05b6850b,6bba,52,53000469,54000478,3638.0,3718.0,54000478.0,3718.0,True,True,1.8168052317185792,1.8168052317185792,True,correct,1,0,0,0.9886311888694763,0.0,0.0,1,1,False,2,15.0,,,,,,low,unavailable
6bba_05b6850b,6bba,52,53000470,54000479,3644.0,3724.0,54000479.0,3724.0,True,True,2.4375,2.4375,True,correct,1,0,0,0.8993736505508423,0.0,0.0,1,1,False,4,15.0,,,,,,medium_low,unavailable
6bba_05b6850b,6bba,52,53000471,54000480,3654.0,3734.0,54000480.0,3734.0,True,True,3.300390601883359,3.300390601883359,True,correct,1,0,0,0.9624103307723999,0.0,0.0,1,1,False,2,15.0,,,,,,low,unavailable
6bba_05b6850b,6bba,52,53000472,54000481,3661.0,3741.0,54000481.0,3741.0,True,True,2.0714766773970688,2.0714766773970688,True,correct,1,0,0,0.9295908212661743,0.0,0.0,1,1,False,4,15.0,,,,,,medium_low,unavailable
6bba_05b6850b,6bba,52,53000473,54000482,3689.0,3769.0,,3766.0,True,True,2.333728575156074,1.6750116604071745,False,wrong_association,0,1,1,0.5969657897949219,0.0,0.0,1,1,False,3,15.0,,,,,,low,unavailable
6bba_05b6850b,6bba,52,53000474,54000483,3681.0,3760.0,54000483.0,3760.0,True,True,1.6750116604071745,1.6750116604071745,True,correct,1,0,0,0.9735203981399536,0.0,0.0,1,1,False,3,15.0,,,,,,low,unavailable
6bba_05b6850b,6bba,52,53000475,54000484,3688.0,3768.0,54000484.0,3768.0,True,True,3.2752922102462856,3.2752922102462856,True,correct,1,0,0,0.9216718077659607,0.0,0.0,1,1,False,1,15.0,,,,,,low,unavailable
6bba_05b6850b,6bba,52,53000476,54000485,3692.0,3773.0,54000485.0,3773.0,True,True,0.9084026158592896,0.9084026158592896,True,correct,1,0,0,0.9560564160346985,0.0,0.0,1,1,False,4,15.0,,,,,,medium_low,unavailable
6bba_05b6850b,6bba,53,54000477,55000486,3707.0,3794.0,55000486.0,3794.0,True,True,1.86167137607581,2.03125,True,correct,1,0,0,0.5844444036483765,5.138701197773616,2.569350598886808,1,1,False,3,15.0,,,,,,low,unavailable
6bba_05b6850b,6bba,53,54000478,55000487,3718.0,3807.0,55000487.0,3807.0,True,True,1.8168052317185792,3.2752922102462856,True,correct,1,0,0,0.8907527327537537,0.0,3.65625,1,1,False,2,15.0,,,,,,low,unavailable
6bba_05b6850b,6bba,53,54000479,55000488,3724.0,3808.0,55000488.0,3808.0,True,True,2.4375,2.1877232028983924,True,correct,1,0,0,0.9253284931182861,1.625,0.9084026158592896,1,1,False,2,15.0,,,,,,low,unavailable
6bba_05b6850b,6bba,53,54000480,55000490,3734.0,3821.0,55000490.0,3821.0,True,True,3.300390601883359,4.958913218891817,True,correct,1,0,0,0.9280169606208801,2.8145825622994254,3.2752922102462856,1,1,False,2,15.0,,,,,,low,unavailable
6bba_05b6850b,6bba,53,54000481,55000491,3741.0,3833.0,55000491.0,3833.0,True,True,2.0714766773970688,3.374565944310468,True,correct,1,0,0,0.8797092437744141,3.9804208320226646,3.7454399357752353,1,1,False,3,15.0,,,,,,low,unavailable
6bba_05b6850b,6bba,53,54000482,55000494,3766.0,3861.0,55000494.0,3861.0,True,True,1.6750116604071745,0.8125,True,correct,1,0,0,0.5154642462730408,3.9804208320226646,4.318496736423452,1,1,False,3,15.0,,,,,,low,unavailable
6bba_05b6850b,6bba,53,54000484,55000492,3768.0,3866.0,55000492.0,3866.0,True,True,3.2752922102462856,1.4647552056572457,True,correct,1,0,0,0.541329026222229,3.9804208320226646,3.093907824257213,1,1,False,3,15.0,,,,,,low,unavailable
6bba_05b6850b,6bba,53,54000485,55000493,3773.0,3867.0,55000493.0,3867.0,True,True,0.9084026158592896,0.40625,True,correct,1,0,0,0.9630878567695618,3.25,4.0625,1,1,False,2,15.0,,,,,,low,unavailable
6bba_05b6850b,6bba,54,55000486,56000494,3794.0,3883.0,,3878.0,True,True,2.03125,2.9295104113144914,False,wrong_association,0,1,1,0.6769375205039978,1.625,0.9084026158592896,1,1,False,3,15.0,,,,,,low,unavailable
6bba_05b6850b,6bba,54,55000487,56000495,3807.0,3895.0,56000495.0,3895.0,True,True,3.2752922102462856,3.447145558284419,True,correct,1,0,0,0.9319248795509338,0.0,0.9084026158592896,1,1,False,2,15.0,,,,,,low,unavailable
6bba_05b6850b,6bba,54,55000488,56000496,3808.0,3897.0,56000496.0,3897.0,True,True,2.1877232028983924,2.7252078475778685,True,correct,1,0,0,0.9778010249137878,1.625,0.8125,1,1,False,1,15.0,,,,,,low,unavailable
6bba_05b6850b,6bba,54,55000490,56000498,3821.0,3910.0,56000498.0,3910.0,True,True,4.958913218891817,3.2752922102462856,True,correct,1,0,0,0.8258953094482422,1.625,1.8168052317185792,1,1,False,3,15.0,,,,,,low,unavailable
6bba_05b6850b,6bba,54,55000491,56000499,3833.0,3919.0,56000499.0,3919.0,True,True,3.374565944310468,3.832554834897995,True,correct,1,0,0,0.9500523805618286,2.8145825622994254,1.8168052317185792,1,1,False,3,15.0,,,,,,low,unavailable
6bba_05b6850b,6bba,54,55000492,56000501,3866.0,3954.0,56000501.0,3954.0,True,True,1.4647552056572457,0.5745242597140698,True,correct,1,0,0,0.7684621214866638,2.2980970388562794,1.86167137607581,1,1,False,4,15.0,,,,,,medium_low,unavailable
6bba_05b6850b,6bba,54,55000493,56000503,3867.0,3958.0,56000503.0,3958.0,True,True,0.40625,0.9084026158592896,True,correct,1,0,0,0.9817797541618347,1.625,0.8125,1,1,False,4,15.0,,,,,,medium_low,unavailable
6bba_05b6850b,6bba,54,55000494,56000502,3861.0,3949.0,56000502.0,3949.0,True,True,0.8125,4.908737426772795,True,correct,1,0,0,0.858898401260376,3.6336104634371584,1.7235727791422095,1,1,False,2,15.0,,,,,,low,unavailable
6bba_05b6850b,6bba,55,56000494,57000504,3878.0,3970.0,57000504.0,3970.0,True,True,2.9295104113144914,1.86167137607581,True,correct,1,0,0,0.6665124297142029,1.625,0.40625,1,1,False,3,15.0,,,,,,low,unavailable
6bba_05b6850b,6bba,55,56000495,57000505,3895.0,3985.0,57000505.0,3985.0,True,True,3.447145558284419,3.350023320814349,True,correct,1,0,0,0.9737023115158081,1.625,0.8125,1,1,False,2,15.0,,,,,,low,unavailable
6bba_05b6850b,6bba,55,56000496,57000506,3897.0,3988.0,57000506.0,3988.0,True,True,2.7252078475778685,2.03125,True,correct,1,0,0,0.9472672939300537,0.0,1.1490485194281397,1,1,False,2,15.0,,,,,,low,unavailable
6bba_05b6850b,6bba,55,56000498,57000508,3910.0,4001.0,57000508.0,4001.0,True,True,3.2752922102462856,3.350023320814349,True,correct,1,0,0,0.8115631341934204,0.0,0.9084026158592896,1,1,False,3,15.0,,,,,,low,unavailable
6bba_05b6850b,6bba,55,56000499,57000509,3919.0,4010.0,57000509.0,4010.0,True,True,3.832554834897995,3.350023320814349,True,correct,1,0,0,0.9046011567115784,1.625,0.40625,1,1,False,4,15.0,,,,,,medium_low,unavailable
6bba_05b6850b,6bba,55,56000501,57000512,3954.0,4045.0,57000512.0,4045.0,True,True,0.5745242597140698,0.40625,True,correct,1,0,0,0.7239762544631958,1.625,1.6750116604071745,1,1,False,4,15.0,,,,,,medium_low,unavailable
6bba_05b6850b,6bba,55,56000502,57000511,3949.0,4041.0,57000511.0,4041.0,True,True,4.908737426772795,2.0714766773970688,True,correct,1,0,0,0.7391822338104248,5.138701197773616,0.8125,1,1,False,3,15.0,,,,,,low,unavailable
6bba_05b6850b,6bba,55,56000503,57000513,3958.0,4046.0,57000513.0,4046.0,True,True,0.9084026158592896,0.9084026158592896,True,correct,1,0,0,0.9542502760887146,0.0,0.5745242597140698,1,1,False,4,15.0,,,,,,medium_low,unavailable
6bba_05b6850b,6bba,56,57000504,58000514,3970.0,,,4057.0,True,True,1.86167137607581,2.6012692214570947,False,missing_edge,0,0,1,,,2.4375,0,0,False,2,15.0,,,,,,low,unavailable
6bba_05b6850b,6bba,56,57000505,58000515,3985.0,4070.0,58000515.0,4070.0,True,True,3.350023320814349,2.1877232028983924,True,correct,1,0,0,0.9538098573684692,3.6336104634371584,1.86167137607581,1,1,False,4,15.0,,,,,,medium_low,unavailable
6bba_05b6850b,6bba,56,57000506,58000516,3988.0,4072.0,58000516.0,4072.0,True,True,2.03125,1.86167137607581,True,correct,1,0,0,0.7612037062644958,0.0,1.1490485194281397,1,1,False,2,15.0,,,,,,low,unavailable
6bba_05b6850b,6bba,56,57000508,58000518,4001.0,4083.0,58000518.0,4083.0,True,True,3.350023320814349,3.300390601883359,True,correct,1,0,0,0.9091842770576477,0.0,0.5745242597140698,1,1,False,3,15.0,,,,,,low,unavailable
6bba_05b6850b,6bba,56,57000509,58000519,4010.0,4090.0,58000519.0,4090.0,True,True,3.350023320814349,3.447145558284419,True,correct,1,0,0,0.9293204545974731,0.0,0.8125,1,1,False,4,15.0,,,,,,medium_low,unavailable
6bba_05b6850b,6bba,56,57000511,58000521,4041.0,4118.0,58000521.0,4118.0,True,True,2.0714766773970688,3.300390601883359,True,correct,1,0,0,0.5256869792938232,3.6336104634371584,0.8125,1,1,False,3,15.0,,,,,,low,unavailable
6bba_05b6850b,6bba,56,57000512,58000522,4045.0,4122.0,58000522.0,4122.0,True,True,0.40625,0.40625,True,correct,1,0,0,0.7634551525115967,1.625,1.7235727791422095,1,1,False,3,15.0,,,,,,low,unavailable
6bba_05b6850b,6bba,56,57000513,58000523,4046.0,4125.0,58000523.0,4125.0,True,True,0.9084026158592896,0.9084026158592896,True,correct,1,0,0,0.9784868359565735,0.0,0.0,1,1,False,4,15.0,,,,,,medium_low,unavailable
6bba_05b6850b,6bba,57,58000514,59000524,4057.0,4138.0,59000524.0,4138.0,True,True,2.6012692214570947,2.6012692214570947,True,correct,1,0,0,0.9077157378196716,0.0,0.0,1,1,False,3,15.0,,,,,,low,unavailable
6bba_05b6850b,6bba,57,58000515,59000525,4070.0,4152.0,59000525.0,4152.0,True,True,2.1877232028983924,2.1877232028983924,True,correct,1,0,0,0.9473254680633545,0.0,0.0,1,1,False,4,15.0,,,,,,medium_low,unavailable
6bba_05b6850b,6bba,57,58000516,59000526,4072.0,4155.0,59000526.0,4155.0,True,True,1.86167137607581,1.86167137607581,True,correct,1,0,0,0.8943101763725281,0.0,0.0,1,1,False,2,15.0,,,,,,low,unavailable
6bba_05b6850b,6bba,57,58000518,59000528,4083.0,4165.0,59000528.0,4165.0,True,True,3.300390601883359,3.300390601883359,True,correct,1,0,0,0.8649082779884338,0.0,0.0,1,1,False,3,15.0,,,,,,low,unavailable
6bba_05b6850b,6bba,57,58000519,59000529,4090.0,4172.0,59000529.0,4172.0,True,True,3.447145558284419,3.447145558284419,True,correct,1,0,0,0.9550564885139465,0.0,0.0,1,1,False,4,15.0,,,,,,medium_low,unavailable
6bba_05b6850b,6bba,57,58000521,59000531,4118.0,4199.0,59000531.0,4199.0,True,True,3.300390601883359,3.300390601883359,True,correct,1,0,0,0.946681022644043,0.0,0.0,1,1,False,3,15.0,,,,,,low,unavailable
6bba_05b6850b,6bba,57,58000522,59000532,4122.0,4203.0,59000532.0,4203.0,True,True,0.40625,0.40625,True,correct,1,0,0,0.5703110098838806,0.0,0.0,1,1,False,3,15.0,,,,,,low,unavailable
6bba_05b6850b,6bba,57,58000523,59000533,4125.0,4206.0,59000533.0,4206.0,True,True,0.9084026158592896,0.9084026158592896,True,correct,1,0,0,0.9847161769866943,0.0,0.0,1,1,False,4,15.0,,,,,,medium_low,unavailable
6bba_05b6850b,6bba,58,59000524,60000534,4138.0,4217.0,60000534.0,4217.0,True,True,2.6012692214570947,2.1877232028983924,True,correct,1,0,0,0.8696995377540588,1.625,0.5745242597140698,1,1,False,2,15.0,,,,,,low,unavailable
6bba_05b6850b,6bba,58,59000525,60000535,4152.0,4233.0,60000535.0,4233.0,True,True,2.1877232028983924,0.9084026158592896,True,correct,1,0,0,0.9875603318214417,2.2980970388562794,1.284675299443404,1,1,False,3,15.0,,,,,,low,unavailable
6bba_05b6850b,6bba,58,59000526,60000536,4155.0,4232.0,60000536.0,4232.0,True,True,1.86167137607581,1.86167137607581,True,correct,1,0,0,0.9355435371398926,0.0,0.0,1,1,False,1,15.0,,,,,,low,unavailable
6bba_05b6850b,6bba,58,59000528,60000539,4165.0,4245.0,60000539.0,4245.0,True,True,3.300390601883359,1.6750116604071745,True,correct,1,0,0,0.8345717787742615,1.625,0.40625,1,1,False,3,15.0,,,,,,low,unavailable
6bba_05b6850b,6bba,58,59000529,60000540,4172.0,4250.0,60000540.0,4250.0,True,True,3.447145558284419,1.8168052317185792,True,correct,1,0,0,0.8904916048049927,1.625,1.8168052317185792,1,1,False,3,15.0,,,,,,low,unavailable
6bba_05b6850b,6bba,58,59000531,60000542,4199.0,4277.0,60000542.0,4277.0,True,True,3.300390601883359,1.6750116604071745,True,correct,1,0,0,0.8201999664306641,1.625,0.40625,1,1,False,2,15.0,,,,,,low,unavailable
6bba_05b6850b,6bba,58,59000532,60000543,4203.0,4280.0,60000543.0,4280.0,True,True,0.40625,0.8125,True,correct,1,0,0,0.5421976447105408,0.0,0.40625,1,1,False,3,15.0,,,,,,low,unavailable
6bba_05b6850b,6bba,58,59000533,60000544,4206.0,4281.0,60000544.0,4281.0,True,True,0.9084026158592896,2.333728575156074,True,correct,1,0,0,0.9635041356086731,2.2980970388562794,0.5745242597140698,1,1,False,3,15.0,,,,,,low,unavailable
6bba_05b6850b,6bba,59,60000534,61000545,4217.0,4295.0,61000545.0,4295.0,True,True,2.1877232028983924,2.1877232028983924,True,correct,1,0,0,0.8966729640960693,0.0,0.0,1,1,False,2,15.0,,,,,,low,unavailable
6bba_05b6850b,6bba,59,60000535,61000546,4233.0,4307.0,61000546.0,4307.0,True,True,0.9084026158592896,0.9084026158592896,True,correct,1,0,0,0.9812577962875366,0.0,0.0,1,1,False,3,15.0,,,,,,low,unavailable
6bba_05b6850b,6bba,59,60000536,61000547,4232.0,4309.0,61000547.0,4309.0,True,True,1.86167137607581,0.9084026158592896,True,correct,1,0,0,0.951641321182251,1.625,0.0,1,1,False,1,15.0,,,,,,low,unavailable
6bba_05b6850b,6bba,59,60000538,61000549,4241.0,4316.0,61000549.0,4316.0,True,True,2.7252078475778685,2.7252078475778685,True,correct,1,0,0,0.9892422556877136,0.0,0.0,1,1,False,2,15.0,,,,,,low,unavailable
6bba_05b6850b,6bba,59,60000539,61000550,4245.0,4320.0,61000550.0,4320.0,True,True,1.6750116604071745,1.6750116604071745,True,correct,1,0,0,0.8647178411483765,0.0,0.0,1,1,False,3,15.0,,,,,,low,unavailable
6bba_05b6850b,6bba,59,60000540,61000551,4250.0,4325.0,61000551.0,4325.0,True,True,1.8168052317185792,1.8168052317185792,True,correct,1,0,0,0.923816442489624,0.0,0.0,1,1,False,3,15.0,,,,,,low,unavailable
6bba_05b6850b,6bba,59,60000542,61000553,4277.0,4353.0,61000553.0,4353.0,True,True,1.6750116604071745,1.6750116604071745,True,correct,1,0,0,0.6507264375686646,0.0,0.0,1,1,False,2,15.0,,,,,,low,unavailable
6bba_05b6850b,6bba,59,60000543,61000554,4280.0,4356.0,61000554.0,4356.0,True,True,0.8125,0.8125,True,correct,1,0,0,0.571768045425415,0.0,0.0,1,1,False,3,15.0,,,,,,low,unavailable
6bba_05b6850b,6bba,59,60000544,61000555,4281.0,4357.0,61000555.0,4357.0,True,True,2.333728575156074,2.333728575156074,True,correct,1,0,0,0.9709186553955078,0.0,0.0,1,1,False,3,15.0,,,,,,low,unavailable
6bba_05b6850b,6bba,60,61000545,62000556,4295.0,4373.0,62000556.0,4373.0,True,True,2.1877232028983924,1.21875,True,correct,1,0,0,0.7869639992713928,2.8145825622994254,2.569350598886808,1,1,False,2,15.0,,,,,,low,unavailable
6bba_05b6850b,6bba,60,61000546,62000558,4307.0,4385.0,62000558.0,4385.0,True,True,0.9084026158592896,1.9902104160113323,True,correct,1,0,0,0.881492018699646,1.625,2.6012692214570947,1,1,False,3,15.0,,,,,,low,unavailable
6bba_05b6850b,6bba,60,61000547,62000557,4309.0,4384.0,62000557.0,4384.0,True,True,0.9084026158592896,0.5745242597140698,True,correct,1,0,0,0.9785019159317017,2.2980970388562794,2.6012692214570947,1,1,False,2,15.0,,,,,,low,unavailable
6bba_05b6850b,6bba,60,61000549,62000560,4316.0,4398.0,62000560.0,4398.0,True,True,2.7252078475778685,1.4647552056572457,True,correct,1,0,0,0.9858136773109436,4.596194077712559,3.72334275215162,1,1,False,1,15.0,,,,,,low,unavailable
6bba_05b6850b,6bba,60,61000550,62000561,4320.0,4400.0,62000561.0,4400.0,True,True,1.6750116604071745,3.2752922102462856,True,correct,1,0,0,0.8110209703445435,2.2980970388562794,3.8540258983302125,1,1,False,3,15.0,,,,,,low,unavailable
6bba_05b6850b,6bba,60,61000551,62000562,4325.0,4405.0,62000562.0,4405.0,True,True,1.8168052317185792,2.368824207280903,True,correct,1,0,0,0.8797305226325989,3.6336104634371584,2.368824207280903,1,1,False,2,15.0,,,,,,low,unavailable
6bba_05b6850b,6bba,60,61000553,62000564,4353.0,4433.0,62000564.0,4433.0,True,True,1.6750116604071745,1.7235727791422095,True,correct,1,0,0,0.6143505573272705,5.138701197773616,5.154734625807618,1,1,False,3,15.0,,,,,,low,unavailable
6bba_05b6850b,6bba,60,61000554,62000565,4356.0,,,4435.0,True,True,0.8125,1.86167137607581,False,missing_edge,0,0,1,,,2.6012692214570947,0,0,False,2,15.0,,,,,,low,unavailable
6bba_05b6850b,6bba,60,61000555,62000566,4357.0,4437.0,62000566.0,4437.0,True,True,2.333728575156074,0.9084026158592896,True,correct,1,0,0,0.9298630356788635,2.8145825622994254,4.375446405796785,1,1,False,3,15.0,,,,,,low,unavailable
6bba_05b6850b,6bba,61,62000556,63000567,4373.0,4451.0,63000567.0,4451.0,True,True,1.21875,2.0714766773970688,True,correct,1,0,0,0.9458141326904297,0.0,0.9084026158592896,1,1,False,2,15.0,,,,,,low,unavailable
6bba_05b6850b,6bba,61,62000557,63000568,4384.0,4463.0,63000568.0,4463.0,True,True,0.5745242597140698,1.1490485194281397,True,correct,1,0,0,0.9486092925071716,1.625,0.5745242597140698,1,1,False,3,15.0,,,,,,low,unavailable
6bba_05b6850b,6bba,61,62000558,63000569,4385.0,4464.0,63000569.0,4464.0,True,True,1.9902104160113323,2.333728575156074,True,correct,1,0,0,0.9401465654373169,1.625,0.9084026158592896,1,1,False,2,15.0,,,,,,low,unavailable
6bba_05b6850b,6bba,61,62000560,63000570,4398.0,4475.0,63000570.0,4475.0,True,True,1.4647552056572457,1.4647552056572457,True,correct,1,0,0,0.9559295773506165,0.0,0.5745242597140698,1,1,False,1,15.0,,,,,,low,unavailable
6bba_05b6850b,6bba,61,62000561,63000571,4400.0,4477.0,63000571.0,4477.0,True,True,3.2752922102462856,5.041429918683786,True,correct,1,0,0,0.9148972630500793,2.2980970388562794,0.9084026158592896,1,1,False,3,15.0,,,,,,low,unavailable
6bba_05b6850b,6bba,61,62000562,63000572,4405.0,4482.0,63000572.0,4482.0,True,True,2.368824207280903,3.374565944310468,True,correct,1,0,0,0.9167476892471313,1.625,1.86167137607581,1,1,False,2,15.0,,,,,,low,unavailable
6bba_05b6850b,6bba,61,62000564,63000574,4433.0,4507.0,63000574.0,4507.0,True,True,1.7235727791422095,1.86167137607581,True,correct,1,0,0,0.9316196441650391,0.0,1.4647552056572457,1,1,False,3,15.0,,,,,,low,unavailable
6bba_05b6850b,6bba,61,62000565,63000575,4435.0,4511.0,63000575.0,4511.0,True,True,1.86167137607581,0.8125,True,correct,1,0,0,0.9753597378730774,1.625,0.9084026158592896,1,1,False,2,15.0,,,,,,low,unavailable
6bba_05b6850b,6bba,61,62000566,63000576,4437.0,4512.0,63000576.0,4512.0,True,True,0.9084026158592896,0.9084026158592896,True,correct,1,0,0,0.9772589206695557,0.0,0.5745242597140698,1,1,False,3,15.0,,,,,,low,unavailable
6bba_05b6850b,6bba,62,63000567,64000577,4451.0,4524.0,64000577.0,4524.0,True,True,2.0714766773970688,2.0714766773970688,True,correct,1,0,0,0.9385477900505066,0.0,0.0,1,1,False,2,15.0,,,,,,low,unavailable
6bba_05b6850b,6bba,62,63000568,64000578,4463.0,4535.0,64000578.0,4535.0,True,True,1.1490485194281397,1.1490485194281397,True,correct,1,0,0,0.9345847964286804,0.0,0.0,1,1,False,3,15.0,,,,,,low,unavailable
6bba_05b6850b,6bba,62,63000569,64000579,4464.0,4536.0,64000579.0,4536.0,True,True,2.333728575156074,2.333728575156074,True,correct,1,0,0,0.9119494557380676,0.0,0.0,1,1,False,2,15.0,,,,,,low,unavailable
6bba_05b6850b,6bba,62,63000570,64000580,4475.0,4548.0,64000580.0,4548.0,True,True,1.4647552056572457,1.4647552056572457,True,correct,1,0,0,0.9690491557121277,0.0,0.0,1,1,False,1,15.0,,,,,,low,unavailable
6bba_05b6850b,6bba,62,63000571,64000581,4477.0,4550.0,64000581.0,4550.0,True,True,5.041429918683786,5.041429918683786,True,correct,1,0,0,0.9183871746063232,0.0,0.0,1,1,False,3,15.0,,,,,,low,unavailable
6bba_05b6850b,6bba,62,63000572,64000582,4482.0,4555.0,64000582.0,4555.0,True,True,3.374565944310468,3.374565944310468,True,correct,1,0,0,0.9296462535858154,0.0,0.0,1,1,False,2,15.0,,,,,,low,unavailable
6bba_05b6850b,6bba,62,63000574,64000584,4507.0,4580.0,64000584.0,4580.0,True,True,1.86167137607581,1.86167137607581,True,correct,1,0,0,0.903513491153717,0.0,0.0,1,1,False,3,15.0,,,,,,low,unavailable
6bba_05b6850b,6bba,62,63000575,64000585,4511.0,4584.0,64000585.0,4584.0,True,True,0.8125,0.8125,True,correct,1,0,0,0.9678478240966797,0.0,0.0,1,1,False,2,15.0,,,,,,low,unavailable
6bba_05b6850b,6bba,62,63000576,64000586,4512.0,4585.0,64000586.0,4585.0,True,True,0.9084026158592896,0.9084026158592896,True,correct,1,0,0,0.9651587605476379,0.0,0.0,1,1,False,3,15.0,,,,,,low,unavailable
6bba_05b6850b,6bba,63,64000577,65000587,4524.0,4590.0,65000587.0,4590.0,True,True,2.0714766773970688,0.40625,True,correct,1,0,0,0.8820690512657166,2.2980970388562794,1.6750116604071745,1,1,False,2,15.0,,,,,,low,unavailable
6bba_05b6850b,6bba,63,64000578,65000588,4535.0,4604.0,65000588.0,4604.0,True,True,1.1490485194281397,1.4647552056572457,True,correct,1,0,0,0.945635199546814,3.6336104634371584,3.2752922102462856,1,1,False,1,15.0,,,,,,low,unavailable
6bba_05b6850b,6bba,63,64000579,65000589,4536.0,4605.0,65000589.0,4605.0,True,True,2.333728575156074,1.6750116604071745,True,correct,1,0,0,0.8975629210472107,2.8145825622994254,4.375446405796785,1,1,False,3,15.0,,,,,,low,unavailable
6bba_05b6850b,6bba,63,64000580,65000591,4548.0,4616.0,65000591.0,4616.0,True,True,1.4647552056572457,0.40625,True,correct,1,0,0,0.9488598704338074,5.3895152843275245,5.658407737606049,1,1,False,2,15.0,,,,,,low,unavailable
6bba_05b6850b,6bba,63,64000581,65000592,4550.0,4618.0,65000592.0,4618.0,True,True,5.041429918683786,3.25,True,correct,1,0,0,0.9637140035629272,3.25,5.041429918683786,1,1,False,3,15.0,,,,,,low,unavailable
6bba_05b6850b,6bba,63,64000582,65000593,4555.0,4624.0,65000593.0,4624.0,True,True,3.374565944310468,3.471001521535247,True,correct,1,0,0,0.9788777232170105,5.138701197773616,5.008586377412294,1,1,False,1,15.0,,,,,,low,unavailable
6bba_05b6850b,6bba,63,64000584,65000598,4580.0,4662.0,65000598.0,4662.0,True,True,1.86167137607581,2.1877232028983924,True,correct,1,0,0,0.8967370986938477,2.2980970388562794,0.5745242597140698,1,1,False,3,15.0,,,,,,low,unavailable
6bba_05b6850b,6bba,63,64000585,65000595,4584.0,4661.0,65000595.0,4661.0,True,True,0.8125,2.2980970388562794,True,correct,1,0,0,0.9717926979064941,2.2980970388562794,0.8125,1,1,False,1,15.0,,,,,,low,unavailable
6bba_05b6850b,6bba,63,64000586,65000597,4585.0,4660.0,65000597.0,4660.0,True,True,0.9084026158592896,3.447145558284419,True,correct,1,0,0,0.662727952003479,5.138701197773616,1.6750116604071745,1,1,False,2,15.0,,,,,,low,unavailable
6bba_05b6850b,6bba,64,65000587,66000599,4590.0,4674.0,66000599.0,4674.0,True,True,0.40625,0.40625,True,correct,1,0,0,0.8006992340087891,2.8145825622994254,3.300390601883359,1,1,False,3,15.0,,,,,,low,unavailable
6bba_05b6850b,6bba,64,65000588,66000600,4604.0,4688.0,66000600.0,4688.0,True,True,1.4647552056572457,2.0714766773970688,True,correct,1,0,0,0.9760122895240784,4.875,6.512682938889317,1,1,False,1,15.0,,,,,,low,unavailable
6bba_05b6850b,6bba,64,65000589,66000601,4605.0,4689.0,66000601.0,4689.0,True,True,1.6750116604071745,3.300390601883359,True,correct,1,0,0,0.9788708686828613,3.6336104634371584,6.512682938889317,1,1,False,3,15.0,,,,,,low,unavailable
6bba_05b6850b,6bba,64,65000590,66000602,4609.0,4694.0,66000602.0,4694.0,True,True,3.300390601883359,1.8168052317185792,True,correct,1,0,0,0.9569151401519775,8.443747686898277,6.9181882111576005,1,1,False,2,15.0,,,,,,low,unavailable
6bba_05b6850b,6bba,64,65000591,66000604,4616.0,4701.0,66000604.0,4701.0,True,True,0.40625,0.9084026158592896,True,correct,1,0,0,0.9627467393875122,8.443747686898277,8.225935547097363,1,1,False,2,15.0,,,,,,low,unavailable
6bba_05b6850b,6bba,64,65000592,66000603,4618.0,4700.0,66000603.0,4700.0,True,True,3.25,3.2752922102462856,True,correct,1,0,0,0.9723269939422607,5.138701197773616,5.154734625807618,1,1,False,3,15.0,,,,,,low,unavailable
6bba_05b6850b,6bba,64,65000593,66000605,4624.0,4708.0,66000605.0,4708.0,True,True,3.471001521535247,2.4375,True,correct,1,0,0,0.9047678709030151,6.5,4.958913218891817,1,1,False,1,15.0,,,,,,low,unavailable
6bba_05b6850b,6bba,64,65000595,66000606,4661.0,4741.0,,4735.0,True,True,2.2980970388562794,1.6750116604071745,False,wrong_association,0,1,1,0.8368551135063171,3.25,1.21875,1,1,False,3,15.0,,,,,,low,unavailable
6bba_05b6850b,6bba,64,65000597,66000608,4660.0,4737.0,66000608.0,4737.0,True,True,3.447145558284419,1.284675299443404,True,correct,1,0,0,0.8607525825500488,4.875,1.7235727791422095,1,1,False,3,15.0,,,,,,low,unavailable
6bba_05b6850b,6bba,64,65000598,66000607,4662.0,4732.0,66000607.0,4732.0,True,True,2.1877232028983924,4.958913218891817,True,correct,1,0,0,0.5794059634208679,3.9804208320226646,3.494694639736067,1,1,False,3,15.0,,,,,,low,unavailable
6bba_05b6850b,6bba,65,66000599,67000609,4674.0,4749.0,67000609.0,4749.0,True,True,0.40625,2.368824207280903,True,correct,1,0,0,0.7896093726158142,2.2980970388562794,0.40625,1,1,False,2,15.0,,,,,,low,unavailable
6bba_05b6850b,6bba,65,66000600,67000610,4688.0,4762.0,67000610.0,4762.0,True,True,2.0714766773970688,2.03125,True,correct,1,0,0,0.7196391224861145,2.2980970388562794,0.40625,1,1,False,1,15.0,,,,,,low,unavailable
6bba_05b6850b,6bba,65,66000601,67000611,4689.0,4763.0,67000611.0,4763.0,True,True,3.300390601883359,2.632800908728193,True,correct,1,0,0,0.7482950687408447,2.8145825622994254,0.8125,1,1,False,3,15.0,,,,,,low,unavailable
6bba_05b6850b,6bba,65,66000602,67000612,4694.0,4768.0,67000612.0,4768.0,True,True,1.8168052317185792,3.300390601883359,True,correct,1,0,0,0.9268079400062561,2.2980970388562794,0.5745242597140698,1,1,False,2,15.0,,,,,,low,unavailable
6bba_05b6850b,6bba,65,66000603,67000613,4700.0,4775.0,67000613.0,4775.0,True,True,3.2752922102462856,3.300390601883359,True,correct,1,0,0,0.9492225646972656,1.625,1.6750116604071745,1,1,False,2,15.0,,,,,,low,unavailable
6bba_05b6850b,6bba,65,66000604,67000614,4701.0,4777.0,67000614.0,4777.0,True,True,0.9084026158592896,1.7235727791422095,True,correct,1,0,0,0.9320138096809387,2.2980970388562794,2.6012692214570947,1,1,False,3,15.0,,,,,,low,unavailable
6bba_05b6850b,6bba,65,66000605,67000615,4708.0,4783.0,67000615.0,4783.0,True,True,2.4375,3.350023320814349,True,correct,1,0,0,0.915473461151123,1.625,1.625,1,1,False,1,15.0,,,,,,low,unavailable
6bba_05b6850b,6bba,65,66000606,67000616,4735.0,4810.0,67000616.0,4810.0,True,True,1.6750116604071745,1.4647552056572457,True,correct,1,0,0,0.5872102975845337,2.2980970388562794,0.8125,1,1,False,2,15.0,,,,,,low,unavailable
6bba_05b6850b,6bba,65,66000607,67000619,4732.0,4807.0,67000619.0,4807.0,True,True,4.958913218891817,4.958913218891817,True,correct,1,0,0,0.9188897609710693,1.625,1.625,1,1,False,3,15.0,,,,,,low,unavailable
6bba_05b6850b,6bba,65,66000608,67000618,4737.0,4811.0,67000618.0,4811.0,True,True,1.284675299443404,0.9084026158592896,True,correct,1,0,0,0.9906834363937378,2.2980970388562794,0.9084026158592896,1,1,False,3,15.0,,,,,,low,unavailable
6bba_05b6850b,6bba,66,67000609,68000619,4749.0,4822.0,68000619.0,4822.0,True,True,2.368824207280903,2.368824207280903,True,correct,1,0,0,0.8420611619949341,0.0,0.0,1,1,False,2,15.0,,,,,,low,unavailable
6bba_05b6850b,6bba,66,67000610,68000620,4762.0,4835.0,68000620.0,4835.0,True,True,2.03125,2.03125,True,correct,1,0,0,0.8855092525482178,0.0,0.0,1,1,False,1,15.0,,,,,,low,unavailable
6bba_05b6850b,6bba,66,67000611,68000621,4763.0,4836.0,68000621.0,4836.0,True,True,2.632800908728193,2.632800908728193,True,correct,1,0,0,0.8546680808067322,0.0,0.0,1,1,False,3,15.0,,,,,,low,unavailable
6bba_05b6850b,6bba,66,67000612,68000622,4768.0,4841.0,68000622.0,4841.0,True,True,3.300390601883359,3.300390601883359,True,correct,1,0,0,0.8772596120834351,0.0,0.0,1,1,False,2,15.0,,,,,,low,unavailable
6bba_05b6850b,6bba,66,67000613,68000623,4775.0,4848.0,68000623.0,4848.0,True,True,3.300390601883359,3.300390601883359,True,correct,1,0,0,0.9378317594528198,0.0,0.0,1,1,False,2,15.0,,,,,,low,unavailable
6bba_05b6850b,6bba,66,67000614,68000624,4777.0,4850.0,68000624.0,4850.0,True,True,1.7235727791422095,1.7235727791422095,True,correct,1,0,0,0.9648662805557251,0.0,0.0,1,1,False,3,15.0,,,,,,low,unavailable
6bba_05b6850b,6bba,66,67000615,68000625,4783.0,4856.0,68000625.0,4856.0,True,True,3.350023320814349,3.72334275215162,True,correct,1,0,0,0.9765560626983643,1.625,0.0,1,1,False,1,15.0,,,,,,low,unavailable
6bba_05b6850b,6bba,66,67000616,68000626,4810.0,4883.0,68000626.0,4883.0,True,True,1.4647552056572457,1.4647552056572457,True,correct,1,0,0,0.9393985271453857,0.0,0.0,1,1,False,2,15.0,,,,,,low,unavailable
6bba_05b6850b,6bba,66,67000618,68000628,4811.0,4884.0,68000628.0,4884.0,True,True,0.9084026158592896,0.9084026158592896,True,correct,1,0,0,0.9883882403373718,0.0,0.0,1,1,False,3,15.0,,,,,,low,unavailable
6bba_05b6850b,6bba,66,67000619,68000629,4807.0,4880.0,68000629.0,4880.0,True,True,4.958913218891817,3.374565944310468,True,correct,1,0,0,0.8733563423156738,0.0,1.625,1,1,False,3,15.0,,,,,,low,unavailable
6bba_05b6850b,6bba,67,68000619,69000629,4822.0,4895.0,69000629.0,4895.0,True,True,2.368824207280903,2.6012692214570947,True,correct,1,0,0,0.8692613244056702,1.625,1.86167137607581,1,1,False,2,15.0,,,,,,low,unavailable
6bba_05b6850b,6bba,67,68000620,69000630,4835.0,4906.0,69000630.0,4906.0,True,True,2.03125,2.368824207280903,True,correct,1,0,0,0.9774318933486938,2.2980970388562794,0.9084026158592896,1,1,False,2,15.0,,,,,,low,unavailable
6bba_05b6850b,6bba,67,68000621,69000631,4836.0,4909.0,69000631.0,4909.0,True,True,2.632800908728193,1.7235727791422095,True,correct,1,0,0,0.910845160484314,2.2980970388562794,1.625,1,1,False,3,15.0,,,,,,low,unavailable
6bba_05b6850b,6bba,67,68000622,69000632,4841.0,4912.0,69000632.0,4912.0,True,True,3.300390601883359,1.6750116604071745,True,correct,1,0,0,0.863375723361969,3.6336104634371584,2.9575446425202108,1,1,False,3,15.0,,,,,,low,unavailable
6bba_05b6850b,6bba,67,68000623,69000634,4848.0,4921.0,69000634.0,4921.0,True,True,3.300390601883359,3.2752922102462856,True,correct,1,0,0,0.9013769030570984,2.8145825622994254,2.6012692214570947,1,1,False,2,15.0,,,,,,low,unavailable
6bba_05b6850b,6bba,67,68000624,69000633,4850.0,4920.0,69000633.0,4920.0,True,True,1.7235727791422095,0.40625,True,correct,1,0,0,0.9460431337356567,2.8145825622994254,3.374565944310468,1,1,False,3,15.0,,,,,,low,unavailable
6bba_05b6850b,6bba,67,68000625,69000635,4856.0,4930.0,69000635.0,4930.0,True,True,3.72334275215162,2.03125,True,correct,1,0,0,0.9181426167488098,0.0,2.333728575156074,1,1,False,1,15.0,,,,,,low,unavailable
6bba_05b6850b,6bba,67,68000626,69000636,4883.0,4959.0,69000636.0,4959.0,True,True,1.4647552056572457,1.9902104160113323,True,correct,1,0,0,0.9145416021347046,2.2980970388562794,1.6750116604071745,1,1,False,2,15.0,,,,,,low,unavailable
6bba_05b6850b,6bba,67,68000628,69000637,4884.0,4952.0,69000637.0,4952.0,True,True,0.9084026158592896,2.1877232028983924,True,correct,1,0,0,0.9756755828857422,2.2980970388562794,0.8125,1,1,False,3,15.0,,,,,,low,unavailable
6bba_05b6850b,6bba,67,68000629,69000638,4880.0,4954.0,69000638.0,4954.0,True,True,3.374565944310468,3.9804208320226646,True,correct,1,0,0,0.8759918212890625,2.2980970388562794,3.7454399357752353,1,1,False,3,15.0,,,,,,low,unavailable
6bba_05b6850b,6bba,68,69000629,70000639,4895.0,4969.0,70000639.0,4969.0,True,True,2.6012692214570947,3.2752922102462856,True,correct,1,0,0,0.918213963508606,1.625,1.7235727791422095,1,1,False,2,15.0,,,,,,low,unavailable
6bba_05b6850b,6bba,68,69000630,70000640,4906.0,4979.0,70000640.0,4979.0,True,True,2.368824207280903,0.9084026158592896,True,correct,1,0,0,0.9551944136619568,1.625,1.6750116604071745,1,1,False,2,15.0,,,,,,low,unavailable
6bba_05b6850b,6bba,68,69000631,70000641,4909.0,4982.0,70000641.0,4982.0,True,True,1.7235727791422095,2.333728575156074,True,correct,1,0,0,0.9073513150215149,1.625,0.40625,1,1,False,3,15.0,,,,,,low,unavailable
6bba_05b6850b,6bba,68,69000632,70000642,4912.0,4986.0,70000642.0,4986.0,True,True,1.6750116604071745,2.1877232028983924,True,correct,1,0,0,0.9298287630081177,2.2980970388562794,0.8125,1,1,False,3,15.0,,,,,,low,unavailable
6bba_05b6850b,6bba,68,69000633,70000643,4920.0,4994.0,70000643.0,4994.0,True,True,0.40625,1.7235727791422095,True,correct,1,0,0,0.9769713282585144,2.2980970388562794,1.21875,1,1,False,2,15.0,,,,,,low,unavailable
6bba_05b6850b,6bba,68,69000634,70000644,4921.0,4995.0,70000644.0,4995.0,True,True,3.2752922102462856,3.6787502123683256,True,correct,1,0,0,0.8829587697982788,1.625,0.9084026158592896,1,1,False,3,15.0,,,,,,low,unavailable
6bba_05b6850b,6bba,68,69000635,70000645,4930.0,5001.0,70000645.0,5001.0,True,True,2.03125,3.447145558284419,True,correct,1,0,0,0.9942441582679749,1.625,1.86167137607581,1,1,False,1,15.0,,,,,,low,unavailable
6bba_05b6850b,6bba,68,69000636,70000646,4959.0,5031.0,70000646.0,5031.0,True,True,1.9902104160113323,2.1877232028983924,True,correct,1,0,0,0.9313865303993225,0.0,0.40625,1,1,False,2,15.0,,,,,,low,unavailable
6bba_05b6850b,6bba,68,69000637,70000647,4952.0,5028.0,70000647.0,5028.0,True,True,2.1877232028983924,2.0714766773970688,True,correct,1,0,0,0.9891933798789978,1.625,0.40625,1,1,False,3,15.0,,,,,,low,unavailable
6bba_05b6850b,6bba,68,69000638,70000648,4954.0,5029.0,70000648.0,5029.0,True,True,3.9804208320226646,3.300390601883359,True,correct,1,0,0,0.8868571519851685,1.625,2.368824207280903,1,1,False,3,15.0,,,,,,low,unavailable
6bba_05b6850b,6bba,69,70000639,71000649,4969.0,5045.0,71000649.0,5045.0,True,True,3.2752922102462856,2.9295104113144914,True,correct,1,0,0,0.7250893712043762,1.625,1.6750116604071745,1,1,False,1,15.0,,,,,,low,unavailable
6bba_05b6850b,6bba,69,70000640,71000650,4979.0,5055.0,71000650.0,5055.0,True,True,0.9084026158592896,2.333728575156074,True,correct,1,0,0,0.9768363833427429,1.625,3.447145558284419,1,1,False,1,15.0,,,,,,low,unavailable
6bba_05b6850b,6bba,69,70000641,71000651,4982.0,5056.0,71000651.0,5056.0,True,True,2.333728575156074,2.2980970388562794,True,correct,1,0,0,0.818461000919342,1.625,1.6750116604071745,1,1,False,3,15.0,,,,,,low,unavailable
6bba_05b6850b,6bba,69,70000642,71000652,4986.0,5058.0,71000652.0,5058.0,True,True,2.1877232028983924,1.284675299443404,True,correct,1,0,0,0.8372378945350647,2.2980970388562794,3.2752922102462856,1,1,False,3,15.0,,,,,,low,unavailable
6bba_05b6850b,6bba,69,70000643,71000653,4994.0,5068.0,71000653.0,5068.0,True,True,1.7235727791422095,1.6750116604071745,True,correct,1,0,0,0.9587917327880859,1.625,1.6750116604071745,1,1,False,2,15.0,,,,,,low,unavailable
6bba_05b6850b,6bba,69,70000644,71000654,4995.0,5070.0,71000654.0,5070.0,True,True,3.6787502123683256,1.86167137607581,True,correct,1,0,0,0.8969055414199829,3.9804208320226646,1.6750116604071745,1,1,False,4,15.0,,,,,,medium_low,unavailable
6bba_05b6850b,6bba,69,70000645,71000655,5001.0,5076.0,71000655.0,5076.0,True,True,3.447145558284419,3.494694639736067,True,correct,1,0,0,0.8743836879730225,0.0,1.284675299443404,1,1,False,2,15.0,,,,,,low,unavailable
6bba_05b6850b,6bba,69,70000646,71000656,5031.0,5105.0,71000656.0,5105.0,True,True,2.1877232028983924,1.8168052317185792,True,correct,1,0,0,0.9757088422775269,1.625,1.86167137607581,1,1,False,1,15.0,,,,,,low,unavailable
6bba_05b6850b,6bba,69,70000647,71000657,5028.0,5101.0,71000657.0,5101.0,True,True,2.0714766773970688,1.8168052317185792,True,correct,1,0,0,0.9825180172920227,0.0,0.5745242597140698,1,1,False,3,15.0,,,,,,low,unavailable
6bba_05b6850b,6bba,69,70000648,71000658,5029.0,5103.0,71000658.0,5103.0,True,True,3.300390601883359,4.0827619710803615,True,correct,1,0,0,0.8463877439498901,1.625,2.6012692214570947,1,1,False,2,15.0,,,,,,low,unavailable
6bba_05b6850b,6bba,70,71000649,72000659,5045.0,5112.0,72000659.0,5112.0,True,True,2.9295104113144914,2.333728575156074,True,correct,1,0,0,0.7277244925498962,2.8145825622994254,0.9084026158592896,1,1,False,1,15.0,,,,,,low,unavailable
6bba_05b6850b,6bba,70,71000650,72000661,5055.0,5127.0,72000661.0,5127.0,True,True,2.333728575156074,1.7235727791422095,True,correct,1,0,0,0.9275388717651367,1.625,2.03125,1,1,False,1,15.0,,,,,,low,unavailable
6bba_05b6850b,6bba,70,71000651,72000663,5056.0,5128.0,72000663.0,5128.0,True,True,2.2980970388562794,2.1877232028983924,True,correct,1,0,0,0.8583132028579712,2.2980970388562794,0.9084026158592896,1,1,False,1,15.0,,,,,,low,unavailable
6bba_05b6850b,6bba,70,71000652,72000665,5058.0,5129.0,72000665.0,5129.0,True,True,1.284675299443404,1.6750116604071745,True,correct,1,0,0,0.7989745736122131,2.2980970388562794,0.40625,1,1,False,4,15.0,,,,,,medium_low,unavailable
6bba_05b6850b,6bba,70,71000653,72000667,5068.0,5138.0,72000667.0,5138.0,True,True,1.6750116604071745,1.6750116604071745,True,correct,1,0,0,0.9708043932914734,1.625,1.7235727791422095,1,1,False,1,15.0,,,,,,low,unavailable
6bba_05b6850b,6bba,70,71000654,72000668,5070.0,5142.0,72000668.0,5142.0,True,True,1.86167137607581,3.5648292823780494,True,correct,1,0,0,0.9152100086212158,2.2980970388562794,2.368824207280903,1,1,False,3,15.0,,,,,,low,unavailable
6bba_05b6850b,6bba,70,71000655,72000669,5076.0,5148.0,72000669.0,5148.0,True,True,3.494694639736067,4.958913218891817,True,correct,1,0,0,0.8636941909790039,1.625,1.86167137607581,1,1,False,2,15.0,,,,,,low,unavailable
6bba_05b6850b,6bba,70,71000656,72000670,5105.0,5186.0,72000670.0,5186.0,True,True,1.8168052317185792,1.284675299443404,True,correct,1,0,0,0.9292765259742737,0.0,1.284675299443404,1,1,False,1,15.0,,,,,,low,unavailable
6bba_05b6850b,6bba,70,71000657,72000671,5101.0,5181.0,72000671.0,5181.0,True,True,1.8168052317185792,1.6750116604071745,True,correct,1,0,0,0.9455769062042236,1.625,1.86167137607581,1,1,False,3,15.0,,,,,,low,unavailable
6bba_05b6850b,6bba,70,71000658,72000672,5103.0,5183.0,72000672.0,5183.0,True,True,4.0827619710803615,3.65625,True,correct,1,0,0,0.9655035734176636,1.625,2.0714766773970688,1,1,False,2,15.0,,,,,,low,unavailable
6bba_05b6850b,6bba,71,72000659,73000673,5112.0,5196.0,73000673.0,5196.0,True,True,2.333728575156074,1.625,True,correct,1,0,0,0.9252024292945862,1.625,0.40625,1,1,False,2,15.0,,,,,,low,unavailable
6bba_05b6850b,6bba,71,72000661,73000674,5127.0,5209.0,73000674.0,5209.0,True,True,1.7235727791422095,2.03125,True,correct,1,0,0,0.9574978351593018,1.625,1.4647552056572457,1,1,False,1,15.0,,,,,,low,unavailable
6bba_05b6850b,6bba,71,72000663,73000675,5128.0,5210.0,73000675.0,5210.0,True,True,2.1877232028983924,2.7252078475778685,True,correct,1,0,0,0.85319584608078,1.625,1.7235727791422095,1,1,False,1,15.0,,,,,,low,unavailable
6bba_05b6850b,6bba,71,72000665,73000676,5129.0,5211.0,73000676.0,5211.0,True,True,1.6750116604071745,3.832554834897995,True,correct,1,0,0,0.8147771954536438,1.625,4.182599744775969,1,1,False,2,15.0,,,,,,low,unavailable
6bba_05b6850b,6bba,71,72000666,73000680,5131.0,5215.0,,,True,False,1.4647552056572457,,False,target_node_missed,0,1,1,0.9299618005752563,3.25,9.95934117110665,1,1,False,3,15.0,,,,,,low,unavailable
6bba_05b6850b,6bba,71,72000667,73000681,5138.0,5217.0,73000681.0,5217.0,True,True,1.6750116604071745,1.86167137607581,True,correct,1,0,0,0.9715102314949036,1.625,1.1490485194281397,1,1,False,2,15.0,,,,,,low,unavailable
6bba_05b6850b,6bba,71,72000668,73000678,5142.0,5221.0,73000678.0,5221.0,True,True,3.5648292823780494,3.494694639736067,True,correct,1,0,0,0.803960919380188,1.625,1.6750116604071745,1,1,False,3,15.0,,,,,,low,unavailable
6bba_05b6850b,6bba,71,72000669,73000682,5148.0,5226.0,,5232.0,True,True,4.958913218891817,3.8540258983302125,False,wrong_association,0,1,1,0.9018679261207581,2.2980970388562794,0.40625,1,1,False,2,15.0,,,,,,low,unavailable
6bba_05b6850b,6bba,71,72000670,73000685,5186.0,5257.0,73000685.0,5257.0,True,True,1.284675299443404,1.8168052317185792,True,correct,1,0,0,0.9624200463294983,1.625,0.5745242597140698,1,1,False,2,15.0,,,,,,low,unavailable
6bba_05b6850b,6bba,71,72000671,73000684,5181.0,5251.0,73000684.0,5251.0,True,True,1.6750116604071745,2.03125,True,correct,1,0,0,0.8739621043205261,2.2980970388562794,1.8168052317185792,1,1,False,3,15.0,,,,,,low,unavailable
6bba_05b6850b,6bba,71,72000672,73000686,5183.0,5256.0,73000686.0,5256.0,True,True,3.65625,2.632800908728193,True,correct,1,0,0,0.9631006717681885,1.625,0.40625,1,1,False,2,15.0,,,,,,low,unavailable
6bba_05b6850b,6bba,72,73000673,74000687,5196.0,5265.0,74000687.0,5265.0,True,True,1.625,1.625,True,correct,1,0,0,0.9331085681915283,0.0,0.0,1,1,False,1,15.0,,,,,,low,unavailable
6bba_05b6850b,6bba,72,73000674,74000688,5209.0,5278.0,74000688.0,5278.0,True,True,2.03125,2.03125,True,correct,1,0,0,0.9795736074447632,0.0,0.0,1,1,False,1,15.0,,,,,,low,unavailable
6bba_05b6850b,6bba,72,73000675,74000689,5210.0,5280.0,74000689.0,5280.0,True,True,2.7252078475778685,2.9295104113144914,True,correct,1,0,0,0.9470512866973877,0.0,2.03125,1,1,False,2,15.0,,,,,,low,unavailable
6bba_05b6850b,6bba,72,73000676,74000690,5211.0,5281.0,74000690.0,5281.0,True,True,3.832554834897995,4.394265616971737,True,correct,1,0,0,0.8497363328933716,1.625,0.5745242597140698,1,1,False,2,15.0,,,,,,low,unavailable
6bba_05b6850b,6bba,72,73000678,74000692,5221.0,5292.0,74000692.0,5292.0,True,True,3.494694639736067,3.350023320814349,True,correct,1,0,0,0.7902657985687256,2.2980970388562794,0.5745242597140698,1,1,False,4,15.0,,,,,,medium_low,unavailable
6bba_05b6850b,6bba,72,73000680,74000695,,,,,False,False,,,False,source_node_missed,0,0,1,,,2.333728575156074,0,0,False,3,15.0,,,,,,low,unavailable
6bba_05b6850b,6bba,72,73000681,74000694,5217.0,5288.0,74000694.0,5288.0,True,True,1.86167137607581,0.8125,True,correct,1,0,0,0.9548420310020447,0.0,1.6750116604071745,1,1,False,2,15.0,,,,,,low,unavailable
6bba_05b6850b,6bba,72,73000682,74000696,5232.0,5304.0,,5297.0,True,True,3.8540258983302125,5.465534769123694,False,wrong_association,0,1,1,0.797033429145813,1.625,0.9084026158592896,1,1,False,2,15.0,,,,,,low,unavailable
6bba_05b6850b,6bba,72,73000684,74000697,5251.0,5324.0,74000697.0,5324.0,True,True,2.03125,2.0714766773970688,True,correct,1,0,0,0.994739830493927,2.2980970388562794,0.9084026158592896,1,1,False,3,15.0,,,,,,low,unavailable
6bba_05b6850b,6bba,72,73000685,74000698,5257.0,5330.0,74000698.0,5330.0,True,True,1.8168052317185792,2.03125,True,correct,1,0,0,0.968417227268219,0.0,0.40625,1,1,False,2,15.0,,,,,,low,unavailable
6bba_05b6850b,6bba,72,73000686,74000699,5256.0,5328.0,74000699.0,5328.0,True,True,2.632800908728193,2.333728575156074,True,correct,1,0,0,0.9771026372909546,0.0,0.9084026158592896,1,1,False,2,15.0,,,,,,low,unavailable
6bba_05b6850b,6bba,73,74000687,75000700,5265.0,5341.0,75000700.0,5341.0,True,True,1.625,1.8168052317185792,True,correct,1,0,0,0.9567732214927673,1.625,1.8168052317185792,1,1,False,2,15.0,,,,,,low,unavailable
6bba_05b6850b,6bba,73,74000688,75000701,5278.0,5351.0,75000701.0,5351.0,True,True,2.03125,1.6750116604071745,True,correct,1,0,0,0.9353888034820557,1.625,1.8168052317185792,1,1,False,2,15.0,,,,,,low,unavailable
6bba_05b6850b,6bba,73,74000689,75000702,5280.0,5353.0,75000702.0,5353.0,True,True,2.9295104113144914,1.7235727791422095,True,correct,1,0,0,0.950812816619873,2.2980970388562794,1.284675299443404,1,1,False,2,15.0,,,,,,low,unavailable
6bba_05b6850b,6bba,73,74000690,75000703,5281.0,5352.0,75000703.0,5352.0,True,True,4.394265616971737,1.86167137607581,True,correct,1,0,0,0.945781409740448,2.2980970388562794,1.8168052317185792,1,1,False,2,15.0,,,,,,low,unavailable
6bba_05b6850b,6bba,73,74000692,75000705,5292.0,5363.0,75000705.0,5363.0,True,True,3.350023320814349,4.908737426772795,True,correct,1,0,0,0.5573070049285889,1.625,2.0714766773970688,1,1,False,2,15.0,,,,,,low,unavailable
6bba_05b6850b,6bba,73,74000694,75000707,5288.0,5357.0,75000707.0,5357.0,True,True,0.8125,0.8125,True,correct,1,0,0,0.9334526062011719,2.2980970388562794,2.2980970388562794,1,1,False,2,15.0,,,,,,low,unavailable
6bba_05b6850b,6bba,73,74000695,75000708,,,,5358.0,False,True,,2.0714766773970688,False,source_node_missed,0,0,1,,,2.1877232028983924,0,0,False,3,15.0,,,,,,low,unavailable
6bba_05b6850b,6bba,73,74000696,75000709,5297.0,5369.0,75000709.0,5369.0,True,True,5.465534769123694,5.202538442914189,True,correct,1,0,0,0.9618644118309021,2.2980970388562794,1.86167137607581,1,1,False,2,15.0,,,,,,low,unavailable
6bba_05b6850b,6bba,73,74000697,75000711,5324.0,5397.0,75000711.0,5397.0,True,True,2.0714766773970688,2.0714766773970688,True,correct,1,0,0,0.9810918569564819,0.0,0.0,1,1,False,3,15.0,,,,,,low,unavailable
6bba_05b6850b,6bba,73,74000698,75000712,5330.0,5401.0,75000712.0,5401.0,True,True,2.03125,0.5745242597140698,True,correct,1,0,0,0.9703303575515747,0.0,1.4647552056572457,1,1,False,2,15.0,,,,,,low,unavailable
6bba_05b6850b,6bba,73,74000699,75000713,5328.0,5403.0,75000713.0,5403.0,True,True,2.333728575156074,2.9575446425202108,True,correct,1,0,0,0.9451784491539001,1.625,1.7235727791422095,1,1,False,2,15.0,,,,,,low,unavailable
6bba_05b6850b,6bba,74,75000700,76000714,5341.0,5413.0,76000714.0,5413.0,True,True,1.8168052317185792,1.7235727791422095,True,correct,1,0,0,0.9570632576942444,0.0,0.5745242597140698,1,1,False,2,15.0,,,,,,low,unavailable
6bba_05b6850b,6bba,74,75000701,76000715,5351.0,5423.0,76000715.0,5423.0,True,True,1.6750116604071745,2.0714766773970688,True,correct,1,0,0,0.9504655003547668,0.0,1.6750116604071745,1,1,False,2,15.0,,,,,,low,unavailable
6bba_05b6850b,6bba,74,75000702,76000716,5353.0,5425.0,76000716.0,5425.0,True,True,1.7235727791422095,2.0714766773970688,True,correct,1,0,0,0.9796201586723328,0.0,1.8168052317185792,1,1,False,1,15.0,,,,,,low,unavailable
6bba_05b6850b,6bba,74,75000703,76000717,5352.0,5424.0,76000717.0,5424.0,True,True,1.86167137607581,1.6750116604071745,True,correct,1,0,0,0.9222315549850464,0.0,0.5745242597140698,1,1,False,2,15.0,,,,,,low,unavailable
6bba_05b6850b,6bba,74,75000705,76000720,5363.0,,,5439.0,True,True,4.908737426772795,3.494694639736067,False,missing_edge,0,0,1,,,1.8168052317185792,0,0,False,3,15.0,,,,,,low,unavailable
6bba_05b6850b,6bba,74,75000707,76000718,5357.0,5429.0,76000718.0,5429.0,True,True,0.8125,1.625,True,correct,1,0,0,0.8130365610122681,3.25,1.8168052317185792,1,1,False,3,15.0,,,,,,low,unavailable
6bba_05b6850b,6bba,74,75000708,76000719,5358.0,5431.0,76000719.0,5431.0,True,True,2.0714766773970688,2.0714766773970688,True,correct,1,0,0,0.7693631649017334,1.625,2.4375,1,1,False,4,15.0,,,,,,medium_low,unavailable
6bba_05b6850b,6bba,74,75000709,76000721,5369.0,5440.0,76000721.0,5440.0,True,True,5.202538442914189,5.170718337426629,True,correct,1,0,0,0.9738379716873169,0.0,0.5745242597140698,1,1,False,2,15.0,,,,,,low,unavailable
6bba_05b6850b,6bba,74,75000711,76000723,5397.0,5468.0,76000723.0,5468.0,True,True,2.0714766773970688,1.86167137607581,True,correct,1,0,0,0.9893791079521179,0.0,0.40625,1,1,False,4,15.0,,,,,,medium_low,unavailable
6bba_05b6850b,6bba,74,75000712,76000724,5401.0,5470.0,76000724.0,5470.0,True,True,0.5745242597140698,1.4647552056572457,True,correct,1,0,0,0.9632351994514465,0.0,0.9084026158592896,1,1,False,2,15.0,,,,,,low,unavailable
6bba_05b6850b,6bba,74,75000713,76000725,5403.0,5473.0,76000725.0,5473.0,True,True,2.9575446425202108,1.284675299443404,True,correct,1,0,0,0.8574422597885132,2.2980970388562794,0.40625,1,1,False,2,15.0,,,,,,low,unavailable
6bba_05b6850b,6bba,75,76000714,77000726,5413.0,5483.0,77000726.0,5483.0,True,True,1.7235727791422095,1.86167137607581,True,correct,1,0,0,0.9484536647796631,0.0,0.9084026158592896,1,1,False,2,15.0,,,,,,low,unavailable
6bba_05b6850b,6bba,75,76000715,77000727,5423.0,5494.0,77000727.0,5494.0,True,True,2.0714766773970688,1.8168052317185792,True,correct,1,0,0,0.921531081199646,0.0,0.5745242597140698,1,1,False,1,15.0,,,,,,low,unavailable
6bba_05b6850b,6bba,75,76000716,77000728,5425.0,5498.0,77000728.0,5498.0,True,True,2.0714766773970688,2.333728575156074,True,correct,1,0,0,0.9056348204612732,0.0,0.40625,1,1,False,1,15.0,,,,,,low,unavailable
6bba_05b6850b,6bba,75,76000717,77000729,5424.0,5497.0,77000729.0,5497.0,True,True,1.6750116604071745,1.8168052317185792,True,correct,1,0,0,0.9396487474441528,0.0,0.40625,1,1,False,2,15.0,,,,,,low,unavailable
6bba_05b6850b,6bba,75,76000718,77000730,5429.0,5501.0,77000730.0,5501.0,True,True,1.625,1.6750116604071745,True,correct,1,0,0,0.9284216165542603,2.2980970388562794,2.6012692214570947,1,1,False,3,15.0,,,,,,low,unavailable
6bba_05b6850b,6bba,75,76000719,77000731,5431.0,5502.0,77000731.0,5502.0,True,True,2.0714766773970688,2.1877232028983924,True,correct,1,0,0,0.9021257758140564,2.2980970388562794,1.86167137607581,1,1,False,3,15.0,,,,,,low,unavailable
6bba_05b6850b,6bba,75,76000720,77000733,5439.0,5510.0,,5513.0,True,True,3.494694639736067,4.394265616971737,False,wrong_association,0,1,1,0.7718437910079956,1.625,1.86167137607581,1,1,False,2,15.0,,,,,,low,unavailable
6bba_05b6850b,6bba,75,76000721,77000734,5440.0,5511.0,77000734.0,5511.0,True,True,5.170718337426629,5.154734625807618,True,correct,1,0,0,0.9745391607284546,1.625,0.40625,1,1,False,2,15.0,,,,,,low,unavailable
6bba_05b6850b,6bba,75,76000723,77000736,5468.0,5539.0,77000736.0,5539.0,True,True,1.86167137607581,1.86167137607581,True,correct,1,0,0,0.974128007888794,0.0,0.0,1,1,False,4,15.0,,,,,,medium_low,unavailable
6bba_05b6850b,6bba,75,76000724,77000737,5470.0,5542.0,77000737.0,5542.0,True,True,1.4647552056572457,0.8125,True,correct,1,0,0,0.9734945297241211,0.0,0.9084026158592896,1,1,False,2,15.0,,,,,,low,unavailable
6bba_05b6850b,6bba,75,76000725,77000738,5473.0,5544.0,77000738.0,5544.0,True,True,1.284675299443404,2.03125,True,correct,1,0,0,0.7109934687614441,2.2980970388562794,0.40625,1,1,False,3,15.0,,,,,,low,unavailable
6bba_05b6850b,6bba,76,77000726,78000739,5483.0,5556.0,78000739.0,5556.0,True,True,1.86167137607581,1.86167137607581,True,correct,1,0,0,0.9447014927864075,0.0,0.0,1,1,False,2,15.0,,,,,,low,unavailable
6bba_05b6850b,6bba,76,77000727,78000740,5494.0,5568.0,78000740.0,5568.0,True,True,1.8168052317185792,0.8125,True,correct,1,0,0,0.9304125308990479,1.625,0.0,1,1,False,1,15.0,,,,,,low,unavailable
6bba_05b6850b,6bba,76,77000728,78000741,5498.0,5571.0,78000741.0,5571.0,True,True,2.333728575156074,2.333728575156074,True,correct,1,0,0,0.8633179664611816,0.0,0.0,1,1,False,1,15.0,,,,,,low,unavailable
6bba_05b6850b,6bba,76,77000729,78000742,5497.0,5570.0,78000742.0,5570.0,True,True,1.8168052317185792,1.8168052317185792,True,correct,1,0,0,0.9388668537139893,0.0,0.0,1,1,False,2,15.0,,,,,,low,unavailable
6bba_05b6850b,6bba,76,77000730,78000743,5501.0,5574.0,78000743.0,5574.0,True,True,1.6750116604071745,1.6750116604071745,True,correct,1,0,0,0.9279240369796753,0.0,0.0,1,1,False,3,15.0,,,,,,low,unavailable
6bba_05b6850b,6bba,76,77000731,78000744,5502.0,5575.0,78000744.0,5575.0,True,True,2.1877232028983924,2.1877232028983924,True,correct,1,0,0,0.928238034248352,0.0,0.0,1,1,False,3,15.0,,,,,,low,unavailable
6bba_05b6850b,6bba,76,77000733,78000746,5513.0,5586.0,78000746.0,5586.0,True,True,4.394265616971737,4.394265616971737,True,correct,1,0,0,0.6331232190132141,0.0,0.0,1,1,False,2,15.0,,,,,,low,unavailable
6bba_05b6850b,6bba,76,77000734,78000747,5511.0,5584.0,78000747.0,5584.0,True,True,5.154734625807618,5.154734625807618,True,correct,1,0,0,0.9477578997612,0.0,0.0,1,1,False,2,15.0,,,,,,low,unavailable
6bba_05b6850b,6bba,76,77000736,78000749,5539.0,5611.0,78000749.0,5611.0,True,True,1.86167137607581,1.86167137607581,True,correct,1,0,0,0.9831567406654358,0.0,0.0,1,1,False,4,15.0,,,,,,medium_low,unavailable
6bba_05b6850b,6bba,76,77000737,78000750,5542.0,5614.0,78000750.0,5614.0,True,True,0.8125,0.8125,True,correct,1,0,0,0.9760720133781433,0.0,0.0,1,1,False,3,15.0,,,,,,low,unavailable
6bba_05b6850b,6bba,76,77000738,78000751,5544.0,5616.0,78000751.0,5616.0,True,True,2.03125,2.03125,True,correct,1,0,0,0.6256957054138184,0.0,0.0,1,1,False,3,15.0,,,,,,low,unavailable
6bba_05b6850b,6bba,77,78000739,79000752,5556.0,5628.0,79000752.0,5628.0,True,True,1.86167137607581,1.86167137607581,True,correct,1,0,0,0.9274078607559204,0.0,0.0,1,1,False,2,15.0,,,,,,low,unavailable
6bba_05b6850b,6bba,77,78000740,79000753,5568.0,5641.0,79000753.0,5641.0,True,True,0.8125,3.0671202393287422,True,correct,1,0,0,0.8980642557144165,0.0,2.7252078475778685,1,1,False,2,15.0,,,,,,low,unavailable
6bba_05b6850b,6bba,77,78000741,79000754,5571.0,5644.0,79000754.0,5644.0,True,True,2.333728575156074,2.333728575156074,True,correct,1,0,0,0.8822429776191711,0.0,0.8125,1,1,False,1,15.0,,,,,,low,unavailable
6bba_05b6850b,6bba,77,78000742,79000755,5570.0,5645.0,79000755.0,5645.0,True,True,1.8168052317185792,1.86167137607581,True,correct,1,0,0,0.9338533878326416,2.8145825622994254,1.86167137607581,1,1,False,1,15.0,,,,,,low,unavailable
6bba_05b6850b,6bba,77,78000743,79000756,5574.0,5643.0,79000756.0,5643.0,True,True,1.6750116604071745,2.1877232028983924,True,correct,1,0,0,0.8068088889122009,8.125,7.468815376282908,1,1,False,2,15.0,,,,,,low,unavailable
6bba_05b6850b,6bba,77,78000744,79000757,5575.0,5648.0,79000757.0,5648.0,True,True,2.1877232028983924,2.7252078475778685,True,correct,1,0,0,0.9371715784072876,1.625,0.8125,1,1,False,2,15.0,,,,,,low,unavailable
6bba_05b6850b,6bba,77,78000746,79000758,5586.0,5657.0,79000758.0,5657.0,True,True,4.394265616971737,2.84375,True,correct,1,0,0,0.5340684056282043,2.2980970388562794,1.7235727791422095,1,1,False,2,15.0,,,,,,low,unavailable
6bba_05b6850b,6bba,77,78000747,79000759,5584.0,5658.0,79000759.0,5658.0,True,True,5.154734625807618,5.154734625807618,True,correct,1,0,0,0.8688493967056274,2.2980970388562794,2.2980970388562794,1,1,False,3,15.0,,,,,,low,unavailable
6bba_05b6850b,6bba,77,78000749,79000761,5611.0,5681.0,79000761.0,5681.0,True,True,1.86167137607581,2.1877232028983924,True,correct,1,0,0,0.9924724102020264,2.2980970388562794,1.284675299443404,1,1,False,5,15.0,,,,,,medium_low,unavailable
6bba_05b6850b,6bba,77,78000750,79000762,5614.0,5686.0,79000762.0,5686.0,True,True,0.8125,0.9084026158592896,True,correct,1,0,0,0.9634853005409241,1.625,1.21875,1,1,False,3,15.0,,,,,,low,unavailable
6bba_05b6850b,6bba,77,78000751,79000763,5616.0,5688.0,79000763.0,5688.0,True,True,2.03125,1.6750116604071745,True,correct,1,0,0,0.5790168046951294,0.0,2.2980970388562794,1,1,False,4,15.0,,,,,,medium_low,unavailable
6bba_05b6850b,6bba,78,79000752,80000764,5628.0,5698.0,80000764.0,5698.0,True,True,1.86167137607581,2.1877232028983924,True,correct,1,0,0,0.9294269680976868,0.0,0.5745242597140698,1,1,False,3,15.0,,,,,,low,unavailable
6bba_05b6850b,6bba,78,79000753,80000765,5641.0,5710.0,80000765.0,5710.0,True,True,3.0671202393287422,3.0671202393287422,True,correct,1,0,0,0.9091680645942688,0.0,0.5745242597140698,1,1,False,1,15.0,,,,,,low,unavailable
6bba_05b6850b,6bba,78,79000754,80000766,5644.0,5711.0,80000766.0,5711.0,True,True,2.333728575156074,3.9804208320226646,True,correct,1,0,0,0.964508593082428,2.2980970388562794,0.40625,1,1,False,2,15.0,,,,,,low,unavailable
6bba_05b6850b,6bba,78,79000755,80000767,5645.0,5712.0,80000767.0,5712.0,True,True,1.86167137607581,0.40625,True,correct,1,0,0,0.9475432634353638,0.0,1.7235727791422095,1,1,False,2,15.0,,,,,,low,unavailable
6bba_05b6850b,6bba,78,79000756,80000768,5643.0,5708.0,80000768.0,5708.0,True,True,2.1877232028983924,5.041429918683786,True,correct,1,0,0,0.4950167238712311,3.25,0.9084026158592896,1,1,False,1,15.0,,,,,,low,unavailable
6bba_05b6850b,6bba,78,79000757,80000769,5648.0,5716.0,80000769.0,5716.0,True,True,2.7252078475778685,2.368824207280903,True,correct,1,0,0,0.8502441048622131,2.2980970388562794,0.9084026158592896,1,1,False,2,15.0,,,,,,low,unavailable
6bba_05b6850b,6bba,78,79000758,80000770,5657.0,,,5724.0,True,True,2.84375,2.0714766773970688,False,missing_edge,0,0,1,,,1.6750116604071745,0,0,False,1,15.0,,,,,,low,unavailable
6bba_05b6850b,6bba,78,79000759,80000771,5658.0,5725.0,80000771.0,5725.0,True,True,5.154734625807618,3.917733121653388,True,correct,1,0,0,0.9229636192321777,0.0,1.7235727791422095,1,1,False,3,15.0,,,,,,low,unavailable
6bba_05b6850b,6bba,78,79000761,80000772,5681.0,5750.0,80000772.0,5750.0,True,True,2.1877232028983924,2.6012692214570947,True,correct,1,0,0,0.9850075244903564,0.0,0.5745242597140698,1,1,False,4,15.0,,,,,,medium_low,unavailable
6bba_05b6850b,6bba,78,79000762,80000773,5686.0,5754.0,80000773.0,5754.0,True,True,0.9084026158592896,0.0,True,correct,1,0,0,0.9660318493843079,0.0,0.9084026158592896,1,1,False,2,15.0,,,,,,low,unavailable
6bba_05b6850b,6bba,78,79000763,80000774,5688.0,5756.0,80000774.0,5756.0,True,True,1.6750116604071745,0.8125,True,correct,1,0,0,0.9732040166854858,0.0,1.6750116604071745,1,1,False,3,15.0,,,,,,low,unavailable
6bba_05b6850b,6bba,79,80000764,81000775,5698.0,5766.0,81000775.0,5766.0,True,True,2.1877232028983924,2.1877232028983924,True,correct,1,0,0,0.9085314273834229,0.0,0.5745242597140698,1,1,False,2,15.0,,,,,,low,unavailable
6bba_05b6850b,6bba,79,80000765,81000776,5710.0,5776.0,81000776.0,5776.0,True,True,3.0671202393287422,1.625,True,correct,1,0,0,0.8517763018608093,2.2980970388562794,0.40625,1,1,False,1,15.0,,,,,,low,unavailable
6bba_05b6850b,6bba,79,80000766,81000777,5711.0,5778.0,81000777.0,5778.0,True,True,3.9804208320226646,2.4375,True,correct,1,0,0,0.9862939715385437,2.2980970388562794,0.8125,1,1,False,2,15.0,,,,,,low,unavailable
6bba_05b6850b,6bba,79,80000767,81000779,5712.0,5779.0,81000779.0,5779.0,True,True,0.40625,1.625,True,correct,1,0,0,0.9387229084968567,0.0,1.6750116604071745,1,1,False,1,15.0,,,,,,low,unavailable
6bba_05b6850b,6bba,79,80000768,81000778,5708.0,5775.0,81000778.0,5775.0,True,True,5.041429918683786,3.2752922102462856,True,correct,1,0,0,0.8681171536445618,0.0,1.86167137607581,1,1,False,2,15.0,,,,,,low,unavailable
6bba_05b6850b,6bba,79,80000769,81000780,5716.0,5783.0,81000780.0,5783.0,True,True,2.368824207280903,2.8726212985703494,True,correct,1,0,0,0.8362382054328918,0.0,1.1490485194281397,1,1,False,2,15.0,,,,,,low,unavailable
6bba_05b6850b,6bba,79,80000770,81000781,5724.0,5792.0,81000781.0,5792.0,True,True,2.0714766773970688,2.4375,True,correct,1,0,0,0.8236768245697021,2.2980970388562794,2.0714766773970688,1,1,False,1,15.0,,,,,,low,unavailable
6bba_05b6850b,6bba,79,80000771,81000782,5725.0,5793.0,81000782.0,5793.0,True,True,3.917733121653388,3.832554834897995,True,correct,1,0,0,0.9122642278671265,0.0,0.8125,1,1,False,3,15.0,,,,,,low,unavailable
6bba_05b6850b,6bba,79,80000772,81000783,5750.0,5820.0,81000783.0,5820.0,True,True,2.6012692214570947,1.9902104160113323,True,correct,1,0,0,0.9565503597259521,0.0,0.9084026158592896,1,1,False,4,15.0,,,,,,medium_low,unavailable
6bba_05b6850b,6bba,79,80000773,81000784,5754.0,5826.0,81000784.0,5826.0,True,True,0.0,1.8168052317185792,True,correct,1,0,0,0.9866943359375,2.2980970388562794,0.8125,1,1,False,2,15.0,,,,,,low,unavailable
6bba_05b6850b,6bba,79,80000774,81000785,5756.0,5825.0,81000785.0,5825.0,True,True,0.8125,2.0714766773970688,True,correct,1,0,0,0.9472651481628418,1.625,1.7235727791422095,1,1,False,3,15.0,,,,,,low,unavailable
6bba_05b6850b,6bba,80,81000775,82000786,5766.0,5840.0,82000786.0,5840.0,True,True,2.1877232028983924,1.7235727791422095,True,correct,1,0,0,0.9324837327003479,0.0,0.9084026158592896,1,1,False,2,15.0,,,,,,low,unavailable
6bba_05b6850b,6bba,80,81000776,82000787,5776.0,5852.0,82000787.0,5852.0,True,True,1.625,2.2980970388562794,True,correct,1,0,0,0.8581669926643372,1.625,0.0,1,1,False,1,15.0,,,,,,low,unavailable
6bba_05b6850b,6bba,80,81000777,82000789,5778.0,5853.0,82000789.0,5853.0,True,True,2.4375,3.8540258983302125,True,correct,1,0,0,0.980394721031189,0.0,1.7235727791422095,1,1,False,2,15.0,,,,,,low,unavailable
6bba_05b6850b,6bba,80,81000778,82000788,5775.0,5851.0,82000788.0,5851.0,True,True,3.2752922102462856,1.7235727791422095,True,correct,1,0,0,0.9836154580116272,2.8145825622994254,1.4647552056572457,1,1,False,2,15.0,,,,,,low,unavailable
6bba_05b6850b,6bba,80,81000779,82000790,5779.0,5855.0,82000790.0,5855.0,True,True,1.625,0.5745242597140698,True,correct,1,0,0,0.8224518299102783,1.625,0.5745242597140698,1,1,False,1,15.0,,,,,,low,unavailable
6bba_05b6850b,6bba,80,81000780,82000791,5783.0,5857.0,82000791.0,5857.0,True,True,2.8726212985703494,3.300390601883359,True,correct,1,0,0,0.7521486878395081,1.625,0.0,1,1,False,1,15.0,,,,,,low,unavailable
6bba_05b6850b,6bba,80,81000781,82000792,5792.0,5868.0,82000792.0,5868.0,True,True,2.4375,3.350023320814349,True,correct,1,0,0,0.8946642279624939,2.2980970388562794,0.0,1,1,False,1,15.0,,,,,,low,unavailable
6bba_05b6850b,6bba,80,81000782,82000793,5793.0,5869.0,82000793.0,5869.0,True,True,3.832554834897995,5.420051026051323,True,correct,1,0,0,0.8978345394134521,1.625,1.6750116604071745,1,1,False,2,15.0,,,,,,low,unavailable
6bba_05b6850b,6bba,80,81000783,82000795,5820.0,5899.0,82000795.0,5899.0,True,True,1.9902104160113323,0.5745242597140698,True,correct,1,0,0,0.9836708307266235,1.625,0.5745242597140698,1,1,False,4,15.0,,,,,,medium_low,unavailable
6bba_05b6850b,6bba,80,81000784,82000796,5826.0,5904.0,82000796.0,5904.0,True,True,1.8168052317185792,0.40625,True,correct,1,0,0,0.9819877743721008,0.0,1.6750116604071745,1,1,False,3,15.0,,,,,,low,unavailable
6bba_05b6850b,6bba,80,81000785,82000797,5825.0,5903.0,82000797.0,5903.0,True,True,2.0714766773970688,1.9902104160113323,True,correct,1,0,0,0.9427441358566284,0.0,0.5745242597140698,1,1,False,3,15.0,,,,,,low,unavailable
6bba_05b6850b,6bba,81,82000786,83000798,5840.0,5918.0,83000798.0,5918.0,True,True,1.7235727791422095,1.6750116604071745,True,correct,1,0,0,0.9341031908988953,0.0,0.40625,1,1,False,2,15.0,,,,,,low,unavailable
6bba_05b6850b,6bba,81,82000787,83000799,5852.0,5930.0,83000799.0,5930.0,True,True,2.2980970388562794,1.8168052317185792,True,correct,1,0,0,0.8871206045150757,2.2980970388562794,3.350023320814349,1,1,False,1,15.0,,,,,,low,unavailable
6bba_05b6850b,6bba,81,82000788,83000800,5851.0,5929.0,83000800.0,5929.0,True,True,1.7235727791422095,2.03125,True,correct,1,0,0,0.9745302200317383,1.625,0.9084026158592896,1,1,False,2,15.0,,,,,,low,unavailable
6bba_05b6850b,6bba,81,82000789,83000801,5853.0,5932.0,83000801.0,5932.0,True,True,3.8540258983302125,2.632800908728193,True,correct,1,0,0,0.984418511390686,1.625,0.0,1,1,False,2,15.0,,,,,,low,unavailable
6bba_05b6850b,6bba,81,82000791,83000802,5857.0,5936.0,83000802.0,5936.0,True,True,3.300390601883359,1.625,True,correct,1,0,0,0.9079418182373047,2.2980970388562794,2.632800908728193,1,1,False,2,15.0,,,,,,low,unavailable
6bba_05b6850b,6bba,81,82000792,83000803,5868.0,5947.0,83000803.0,5947.0,True,True,3.350023320814349,4.89189779763437,True,correct,1,0,0,0.9403791427612305,2.2980970388562794,2.1877232028983924,1,1,False,2,15.0,,,,,,low,unavailable
6bba_05b6850b,6bba,81,82000793,83000804,5869.0,5951.0,83000804.0,5951.0,True,True,5.420051026051323,3.447145558284419,True,correct,1,0,0,0.9603601098060608,2.2980970388562794,0.5745242597140698,1,1,False,3,15.0,,,,,,low,unavailable
6bba_05b6850b,6bba,81,82000795,83000805,5899.0,5979.0,83000805.0,5979.0,True,True,0.5745242597140698,0.9084026158592896,True,correct,1,0,0,0.9835953712463379,0.0,0.40625,1,1,False,4,15.0,,,,,,medium_low,unavailable
6bba_05b6850b,6bba,81,82000796,83000806,5904.0,5981.0,83000806.0,5981.0,True,True,0.40625,2.0714766773970688,True,correct,1,0,0,0.9835624098777771,1.625,1.6750116604071745,1,1,False,3,15.0,,,,,,low,unavailable
6bba_05b6850b,6bba,81,82000797,83000807,5903.0,5987.0,83000807.0,5987.0,True,True,1.9902104160113323,0.5745242597140698,True,correct,1,0,0,0.9758762717247009,2.2980970388562794,0.5745242597140698,1,1,False,2,15.0,,,,,,low,unavailable
6bba_05b6850b,6bba,82,83000798,84000808,5918.0,5994.0,84000808.0,5994.0,True,True,1.6750116604071745,4.5420130792964475,True,correct,1,0,0,0.8551028966903687,0.0,3.350023320814349,1,1,False,2,15.0,,,,,,low,unavailable
6bba_05b6850b,6bba,82,83000799,84000809,5930.0,6008.0,84000809.0,6008.0,True,True,1.8168052317185792,3.350023320814349,True,correct,1,0,0,0.9816187024116516,2.8145825622994254,1.1490485194281397,1,1,False,1,15.0,,,,,,low,unavailable
6bba_05b6850b,6bba,82,83000800,84000810,5929.0,6006.0,84000810.0,6006.0,True,True,2.03125,1.86167137607581,True,correct,1,0,0,0.936952531337738,0.0,0.5745242597140698,1,1,False,2,15.0,,,,,,low,unavailable
6bba_05b6850b,6bba,82,83000801,84000811,5932.0,6009.0,84000811.0,6009.0,True,True,2.632800908728193,2.333728575156074,True,correct,1,0,0,0.9884610176086426,0.0,0.40625,1,1,False,2,15.0,,,,,,low,unavailable
6bba_05b6850b,6bba,82,83000802,84000813,5936.0,6011.0,84000813.0,6011.0,True,True,1.625,1.6750116604071745,True,correct,1,0,0,0.7152388095855713,2.2980970388562794,2.6012692214570947,1,1,False,4,15.0,,,,,,medium_low,unavailable
6bba_05b6850b,6bba,82,83000803,84000814,5947.0,6024.0,84000814.0,6024.0,True,True,4.89189779763437,3.374565944310468,True,correct,1,0,0,0.8083512187004089,2.2980970388562794,0.8125,1,1,False,2,15.0,,,,,,low,unavailable
6bba_05b6850b,6bba,82,83000804,84000815,5951.0,6027.0,84000815.0,6027.0,True,True,3.447145558284419,5.008586377412294,True,correct,1,0,0,0.8848558068275452,0.0,1.625,1,1,False,2,15.0,,,,,,low,unavailable
6bba_05b6850b,6bba,82,83000805,84000816,5979.0,6052.0,84000816.0,6052.0,True,True,0.9084026158592896,0.5745242597140698,True,correct,1,0,0,0.9774722456932068,0.0,0.40625,1,1,False,4,15.0,,,,,,medium_low,unavailable
6bba_05b6850b,6bba,82,83000806,84000817,5981.0,6055.0,84000817.0,6055.0,True,True,2.0714766773970688,0.5745242597140698,True,correct,1,0,0,0.9795128703117371,1.625,1.625,1,1,False,3,15.0,,,,,,low,unavailable
6bba_05b6850b,6bba,82,83000807,84000818,5987.0,6059.0,84000818.0,6059.0,True,True,0.5745242597140698,1.1490485194281397,True,correct,1,0,0,0.9681600332260132,1.625,0.5745242597140698,1,1,False,2,15.0,,,,,,low,unavailable
6bba_05b6850b,6bba,83,84000808,85000819,5994.0,6067.0,85000819.0,6067.0,True,True,4.5420130792964475,3.0671202393287422,True,correct,1,0,0,0.842165470123291,0.0,1.8168052317185792,1,1,False,2,15.0,,,,,,low,unavailable
6bba_05b6850b,6bba,83,84000809,85000820,6008.0,6079.0,85000820.0,6079.0,True,True,3.350023320814349,3.2752922102462856,True,correct,1,0,0,0.9622200131416321,0.0,1.6750116604071745,1,1,False,1,15.0,,,,,,low,unavailable
6bba_05b6850b,6bba,83,84000810,85000821,6006.0,6077.0,85000821.0,6077.0,True,True,1.86167137607581,3.447145558284419,True,correct,1,0,0,0.9205461144447327,0.0,1.6750116604071745,1,1,False,3,15.0,,,,,,low,unavailable
6bba_05b6850b,6bba,83,84000811,85000822,6009.0,6080.0,85000822.0,6080.0,True,True,2.333728575156074,2.6012692214570947,True,correct,1,0,0,0.9835046529769897,0.0,0.5745242597140698,1,1,False,2,15.0,,,,,,low,unavailable
6bba_05b6850b,6bba,83,84000813,85000824,6011.0,6083.0,85000824.0,6083.0,True,True,1.6750116604071745,1.21875,True,correct,1,0,0,0.7133684158325195,2.2980970388562794,1.7235727791422095,1,1,False,4,15.0,,,,,,medium_low,unavailable
6bba_05b6850b,6bba,83,84000814,85000825,6024.0,6096.0,85000825.0,6096.0,True,True,3.374565944310468,3.5648292823780494,True,correct,1,0,0,0.9460182785987854,0.0,0.8125,1,1,False,2,15.0,,,,,,low,unavailable
6bba_05b6850b,6bba,83,84000815,85000826,6027.0,6101.0,85000826.0,6101.0,True,True,5.008586377412294,4.958913218891817,True,correct,1,0,0,0.8922897577285767,2.2980970388562794,1.6750116604071745,1,1,False,2,15.0,,,,,,low,unavailable
6bba_05b6850b,6bba,83,84000816,85000827,6052.0,6127.0,85000827.0,6127.0,True,True,0.5745242597140698,1.6750116604071745,True,correct,1,0,0,0.9644271731376648,0.0,1.6750116604071745,1,1,False,4,15.0,,,,,,medium_low,unavailable
6bba_05b6850b,6bba,83,84000817,85000828,6055.0,6130.0,85000828.0,6130.0,True,True,0.5745242597140698,1.284675299443404,True,correct,1,0,0,0.9834856986999512,0.0,1.1490485194281397,1,1,False,3,15.0,,,,,,low,unavailable
6bba_05b6850b,6bba,83,84000818,85000829,6059.0,6134.0,85000829.0,6134.0,True,True,1.1490485194281397,1.4647552056572457,True,correct,1,0,0,0.9765802025794983,0.0,0.40625,1,1,False,2,15.0,,,,,,low,unavailable
6bba_05b6850b,6bba,84,85000819,86000830,6067.0,6142.0,86000830.0,6142.0,True,True,3.0671202393287422,1.1490485194281397,True,correct,1,0,0,0.9465547800064087,2.2980970388562794,1.4647552056572457,1,1,False,2,15.0,,,,,,low,unavailable
6bba_05b6850b,6bba,84,85000820,86000831,6079.0,6154.0,86000831.0,6154.0,True,True,3.2752922102462856,3.093907824257213,True,correct,1,0,0,0.9438757300376892,0.0,0.40625,1,1,False,1,15.0,,,,,,low,unavailable
6bba_05b6850b,6bba,84,85000821,86000832,6077.0,6149.0,86000832.0,6149.0,True,True,3.447145558284419,3.8540258983302125,True,correct,1,0,0,0.9196661710739136,0.0,1.284675299443404,1,1,False,3,15.0,,,,,,low,unavailable
6bba_05b6850b,6bba,84,85000822,86000833,6080.0,6155.0,86000833.0,6155.0,True,True,2.6012692214570947,2.9575446425202108,True,correct,1,0,0,0.9619660973548889,1.625,1.7235727791422095,1,1,False,2,15.0,,,,,,low,unavailable
6bba_05b6850b,6bba,84,85000825,86000834,6096.0,6166.0,86000834.0,6166.0,True,True,3.5648292823780494,3.5648292823780494,True,correct,1,0,0,0.8515017628669739,0.0,0.5745242597140698,1,1,False,2,15.0,,,,,,low,unavailable
6bba_05b6850b,6bba,84,85000826,86000835,6101.0,6171.0,86000835.0,6171.0,True,True,4.958913218891817,5.090297909995052,True,correct,1,0,0,0.8416382670402527,0.0,0.8125,1,1,False,2,15.0,,,,,,low,unavailable
6bba_05b6850b,6bba,84,85000827,86000836,6127.0,6201.0,86000836.0,6201.0,True,True,1.6750116604071745,1.4647552056572457,True,correct,1,0,0,0.9936628341674805,2.8145825622994254,1.1490485194281397,1,1,False,4,15.0,,,,,,medium_low,unavailable
6bba_05b6850b,6bba,84,85000828,86000837,6130.0,6202.0,86000837.0,6202.0,True,True,1.284675299443404,0.5745242597140698,True,correct,1,0,0,0.9841846227645874,0.0,0.8125,1,1,False,2,15.0,,,,,,low,unavailable
6bba_05b6850b,6bba,84,85000829,86000838,6134.0,6206.0,86000838.0,6206.0,True,True,1.4647552056572457,1.625,True,correct,1,0,0,0.98489910364151,2.2980970388562794,0.9084026158592896,1,1,False,2,15.0,,,,,,low,unavailable
6bba_05b6850b,6bba,85,86000830,87000839,6142.0,6213.0,87000839.0,6213.0,True,True,1.1490485194281397,1.9902104160113323,True,correct,1,0,0,0.9669675827026367,2.2980970388562794,2.8145825622994254,1,1,False,2,15.0,,,,,,low,unavailable
6bba_05b6850b,6bba,85,86000831,87000840,6154.0,6225.0,87000840.0,6225.0,True,True,3.093907824257213,3.5648292823780494,True,correct,1,0,0,0.9869093298912048,2.2980970388562794,0.9084026158592896,1,1,False,1,15.0,,,,,,low,unavailable
6bba_05b6850b,6bba,85,86000832,87000841,6149.0,6222.0,87000841.0,6222.0,True,True,3.8540258983302125,3.300390601883359,True,correct,1,0,0,0.8380265235900879,2.8145825622994254,1.1490485194281397,1,1,False,2,15.0,,,,,,low,unavailable
6bba_05b6850b,6bba,85,86000833,87000843,6155.0,6226.0,87000843.0,6226.0,True,True,2.9575446425202108,1.7235727791422095,True,correct,1,0,0,0.9907532930374146,3.6336104634371584,1.4647552056572457,1,1,False,3,15.0,,,,,,low,unavailable
6bba_05b6850b,6bba,85,86000834,87000844,6166.0,6239.0,87000844.0,6239.0,True,True,3.5648292823780494,1.7235727791422095,True,correct,1,0,0,0.9085912704467773,2.2980970388562794,0.9084026158592896,1,1,False,3,15.0,,,,,,low,unavailable
6bba_05b6850b,6bba,85,86000835,87000845,6171.0,6242.0,87000845.0,6242.0,True,True,5.090297909995052,4.942244555867304,True,correct,1,0,0,0.7545734643936157,2.2980970388562794,1.6750116604071745,1,1,False,2,15.0,,,,,,low,unavailable
6bba_05b6850b,6bba,85,86000836,87000847,6201.0,6274.0,87000847.0,6274.0,True,True,1.4647552056572457,0.8125,True,correct,1,0,0,0.9694887399673462,0.0,0.9084026158592896,1,1,False,4,15.0,,,,,,medium_low,unavailable
6bba_05b6850b,6bba,85,86000837,87000846,6202.0,6273.0,87000846.0,6273.0,True,True,0.5745242597140698,1.6750116604071745,True,correct,1,0,0,0.9550829529762268,1.625,0.9084026158592896,1,1,False,3,15.0,,,,,,low,unavailable
6bba_05b6850b,6bba,85,86000838,87000848,6206.0,6279.0,87000848.0,6279.0,True,True,1.625,1.8168052317185792,True,correct,1,0,0,0.9851714968681335,1.625,0.8125,1,1,False,2,15.0,,,,,,low,unavailable
6bba_05b6850b,6bba,86,87000839,88000858,6213.0,6287.0,88000858.0,6287.0,True,True,1.9902104160113323,3.040096626753827,True,correct,1,0,0,0.9325863718986511,0.0,3.9804208320226646,1,1,False,1,15.0,,,,,,low,unavailable
6bba_05b6850b,6bba,86,87000840,88000849,6225.0,6298.0,88000849.0,6298.0,True,True,3.5648292823780494,2.368824207280903,True,correct,1,0,0,0.9710389971733093,1.625,0.9084026158592896,1,1,False,1,15.0,,,,,,low,unavailable
6bba_05b6850b,6bba,86,87000841,88000850,6222.0,6294.0,88000850.0,6294.0,True,True,3.300390601883359,4.0827619710803615,True,correct,1,0,0,0.9231248497962952,1.625,0.40625,1,1,False,2,15.0,,,,,,low,unavailable
6bba_05b6850b,6bba,86,87000842,88000851,6224.0,6299.0,88000851.0,6299.0,True,True,3.374565944310468,3.300390601883359,True,correct,1,0,0,0.9150804877281189,0.0,0.40625,1,1,False,2,15.0,,,,,,low,unavailable
6bba_05b6850b,6bba,86,87000843,88000852,6226.0,6300.0,88000852.0,6300.0,True,True,1.7235727791422095,3.350023320814349,True,correct,1,0,0,0.9435445070266724,0.0,1.7235727791422095,1,1,False,2,15.0,,,,,,low,unavailable
6bba_05b6850b,6bba,86,87000844,88000853,6239.0,6313.0,88000853.0,6313.0,True,True,1.7235727791422095,2.0714766773970688,True,correct,1,0,0,0.803365170955658,0.0,0.8125,1,1,False,2,15.0,,,,,,low,unavailable
6bba_05b6850b,6bba,86,87000845,88000854,6242.0,6316.0,88000854.0,6316.0,True,True,4.942244555867304,3.494694639736067,True,correct,1,0,0,0.8897081613540649,1.625,2.0714766773970688,1,1,False,2,15.0,,,,,,low,unavailable
6bba_05b6850b,6bba,86,87000846,88000855,6273.0,6344.0,88000855.0,6344.0,True,True,1.6750116604071745,1.86167137607581,True,correct,1,0,0,0.9679599404335022,0.0,0.8125,1,1,False,3,15.0,,,,,,low,unavailable
6bba_05b6850b,6bba,86,87000847,88000856,6274.0,6345.0,88000856.0,6345.0,True,True,0.8125,1.21875,True,correct,1,0,0,0.9664472937583923,0.0,0.40625,1,1,False,3,15.0,,,,,,low,unavailable
6bba_05b6850b,6bba,86,87000848,88000857,6279.0,6349.0,88000857.0,6349.0,True,True,1.8168052317185792,1.284675299443404,True,correct,1,0,0,0.9890994429588318,0.0,0.5745242597140698,1,1,False,2,15.0,,,,,,low,unavailable
6bba_05b6850b,6bba,87,88000849,89000859,6298.0,6371.0,89000859.0,6371.0,True,True,2.368824207280903,1.625,True,correct,1,0,0,0.9374624490737915,1.625,0.5745242597140698,1,1,False,1,15.0,,,,,,low,unavailable
6bba_05b6850b,6bba,87,88000850,89000860,6294.0,6369.0,89000860.0,6369.0,True,True,4.0827619710803615,3.374565944310468,True,correct,1,0,0,0.734828531742096,1.625,0.5745242597140698,1,1,False,1,15.0,,,,,,low,unavailable
6bba_05b6850b,6bba,87,88000851,89000862,6299.0,6373.0,89000862.0,6373.0,True,True,3.300390601883359,0.9084026158592896,True,correct,1,0,0,0.8823121786117554,1.625,2.1877232028983924,1,1,False,1,15.0,,,,,,low,unavailable
6bba_05b6850b,6bba,87,88000852,89000861,6300.0,6372.0,89000861.0,6372.0,True,True,3.350023320814349,3.374565944310468,True,correct,1,0,0,0.955949068069458,1.625,1.21875,1,1,False,2,15.0,,,,,,low,unavailable
6bba_05b6850b,6bba,87,88000853,89000863,6313.0,6385.0,89000863.0,6385.0,True,True,2.0714766773970688,2.6012692214570947,True,correct,1,0,0,0.8985930681228638,1.625,0.40625,1,1,False,3,15.0,,,,,,low,unavailable
6bba_05b6850b,6bba,87,88000854,89000864,6316.0,6389.0,89000864.0,6389.0,True,True,3.494694639736067,1.86167137607581,True,correct,1,0,0,0.9537491202354431,1.625,1.86167137607581,1,1,False,1,15.0,,,,,,low,unavailable
6bba_05b6850b,6bba,87,88000855,89000865,6344.0,6419.0,89000865.0,6419.0,True,True,1.86167137607581,0.5745242597140698,True,correct,1,0,0,0.9911273121833801,1.625,0.40625,1,1,False,2,15.0,,,,,,low,unavailable
6bba_05b6850b,6bba,87,88000856,89000866,6345.0,6418.0,89000866.0,6418.0,True,True,1.21875,0.40625,True,correct,1,0,0,0.9703812003135681,0.0,0.8125,1,1,False,3,15.0,,,,,,low,unavailable
6bba_05b6850b,6bba,87,88000857,89000867,6349.0,6423.0,89000867.0,6423.0,True,True,1.284675299443404,1.284675299443404,True,correct,1,0,0,0.9887233972549438,0.0,0.0,1,1,False,2,15.0,,,,,,low,unavailable
6bba_05b6850b,6bba,87,88000858,89000858,6287.0,6359.0,89000858.0,6359.0,True,True,3.040096626753827,2.9295104113144914,True,correct,1,0,0,0.9388469457626343,0.0,1.8168052317185792,1,1,False,2,15.0,,,,,,low,unavailable
6bba_05b6850b,6bba,88,89000858,90000868,6359.0,6432.0,90000868.0,6432.0,True,True,2.9295104113144914,1.21875,True,correct,1,0,0,0.9447030425071716,0.0,2.03125,1,1,False,1,15.0,,,,,,low,unavailable
6bba_05b6850b,6bba,88,89000859,90000870,6371.0,6446.0,90000870.0,6446.0,True,True,1.625,1.625,True,correct,1,0,0,0.9463192224502563,0.0,0.0,1,1,False,1,15.0,,,,,,low,unavailable
6bba_05b6850b,6bba,88,89000860,90000869,6369.0,6443.0,90000869.0,6443.0,True,True,3.374565944310468,2.4375,True,correct,1,0,0,0.9216038584709167,1.625,1.21875,1,1,False,2,15.0,,,,,,low,unavailable
6bba_05b6850b,6bba,88,89000861,90000872,6372.0,6449.0,90000872.0,6449.0,True,True,3.374565944310468,2.6012692214570947,True,correct,1,0,0,0.9093508720397949,2.2980970388562794,1.7235727791422095,1,1,False,2,15.0,,,,,,low,unavailable
6bba_05b6850b,6bba,88,89000862,90000871,6373.0,6447.0,90000871.0,6447.0,True,True,0.9084026158592896,0.8125,True,correct,1,0,0,0.8478552103042603,1.625,1.4647552056572457,1,1,False,1,15.0,,,,,,low,unavailable
6bba_05b6850b,6bba,88,89000863,90000873,6385.0,6459.0,90000873.0,6459.0,True,True,2.6012692214570947,3.300390601883359,True,correct,1,0,0,0.8321952223777771,2.2980970388562794,1.86167137607581,1,1,False,3,15.0,,,,,,low,unavailable
6bba_05b6850b,6bba,88,89000864,90000874,6389.0,6464.0,90000874.0,6464.0,True,True,1.86167137607581,3.65625,True,correct,1,0,0,0.9081214070320129,0.0,1.8168052317185792,1,1,False,3,15.0,,,,,,low,unavailable
6bba_05b6850b,6bba,88,89000865,90000875,6419.0,6489.0,90000875.0,6489.0,True,True,0.5745242597140698,0.9084026158592896,True,correct,1,0,0,0.9848858714103699,1.625,0.9084026158592896,1,1,False,3,15.0,,,,,,low,unavailable
6bba_05b6850b,6bba,88,89000866,90000876,6418.0,6487.0,90000876.0,6487.0,True,True,0.40625,1.7235727791422095,True,correct,1,0,0,0.9703288078308105,1.625,2.1877232028983924,1,1,False,2,15.0,,,,,,low,unavailable
6bba_05b6850b,6bba,88,89000867,90000877,6423.0,6492.0,90000877.0,6492.0,True,True,1.284675299443404,1.284675299443404,True,correct,1,0,0,0.9891201257705688,0.0,0.0,1,1,False,2,15.0,,,,,,low,unavailable
6bba_05b6850b,6bba,89,90000868,91000878,6432.0,6499.0,91000878.0,6499.0,True,True,1.21875,0.0,True,correct,1,0,0,0.9425485730171204,1.625,0.40625,1,1,False,1,15.0,,,,,,low,unavailable
6bba_05b6850b,6bba,89,90000869,91000879,6443.0,6511.0,91000879.0,6511.0,True,True,2.4375,2.4375,True,correct,1,0,0,0.8512009382247925,0.0,0.0,1,1,False,2,15.0,,,,,,low,unavailable
6bba_05b6850b,6bba,89,90000870,91000880,6446.0,6514.0,91000880.0,6514.0,True,True,1.625,2.6012692214570947,True,correct,1,0,0,0.9640957713127136,1.625,1.6750116604071745,1,1,False,1,15.0,,,,,,low,unavailable
6bba_05b6850b,6bba,89,90000871,91000881,6447.0,6515.0,91000881.0,6515.0,True,True,0.8125,1.21875,True,correct,1,0,0,0.890104353427887,0.0,0.40625,1,1,False,1,15.0,,,,,,low,unavailable
6bba_05b6850b,6bba,89,90000872,91000882,6449.0,6517.0,91000882.0,6517.0,True,True,2.6012692214570947,5.025034981221523,True,correct,1,0,0,0.923276960849762,0.0,3.350023320814349,1,1,False,2,15.0,,,,,,low,unavailable
6bba_05b6850b,6bba,89,90000873,91000883,6459.0,6529.0,91000883.0,6529.0,True,True,3.300390601883359,2.0714766773970688,True,correct,1,0,0,0.8799213767051697,1.625,0.8125,1,1,False,3,15.0,,,,,,low,unavailable
6bba_05b6850b,6bba,89,90000874,91000884,6464.0,6532.0,91000884.0,6532.0,True,True,3.65625,2.0714766773970688,True,correct,1,0,0,0.9407318234443665,2.2980970388562794,0.9084026158592896,1,1,False,3,15.0,,,,,,low,unavailable
6bba_05b6850b,6bba,89,90000875,91000885,6489.0,6557.0,91000885.0,6557.0,True,True,0.9084026158592896,0.9084026158592896,True,correct,1,0,0,0.9857648015022278,0.0,0.0,1,1,False,3,15.0,,,,,,low,unavailable
6bba_05b6850b,6bba,89,90000876,91000886,6487.0,6555.0,91000886.0,6555.0,True,True,1.7235727791422095,1.86167137607581,True,correct,1,0,0,0.9770979881286621,0.0,0.40625,1,1,False,2,15.0,,,,,,low,unavailable
6bba_05b6850b,6bba,89,90000877,91000887,6492.0,6560.0,91000887.0,6560.0,True,True,1.284675299443404,0.9084026158592896,True,correct,1,0,0,0.9836543202400208,2.2980970388562794,0.40625,1,1,False,2,15.0,,,,,,low,unavailable
6bba_05b6850b,6bba,90,91000878,92000888,6499.0,6570.0,92000888.0,6570.0,True,True,0.0,2.1877232028983924,True,correct,1,0,0,0.9716901779174805,2.2980970388562794,0.9084026158592896,1,1,False,1,15.0,,,,,,low,unavailable
6bba_05b6850b,6bba,90,91000879,92000893,6511.0,6581.0,92000893.0,6581.0,True,True,2.4375,1.8168052317185792,True,correct,1,0,0,0.8809398412704468,2.8145825622994254,2.2980970388562794,1,1,False,2,15.0,,,,,,low,unavailable
6bba_05b6850b,6bba,90,91000880,92000892,6514.0,6582.0,92000892.0,6582.0,True,True,2.6012692214570947,2.0714766773970688,True,correct,1,0,0,0.9519105553627014,0.0,1.86167137607581,1,1,False,1,15.0,,,,,,low,unavailable
6bba_05b6850b,6bba,90,91000881,92000894,6515.0,6584.0,92000894.0,6584.0,True,True,1.21875,1.7235727791422095,True,correct,1,0,0,0.8710917830467224,1.625,1.86167137607581,1,1,False,1,15.0,,,,,,low,unavailable
6bba_05b6850b,6bba,90,91000882,92000890,6517.0,6585.0,92000890.0,6585.0,True,True,5.025034981221523,3.65625,True,correct,1,0,0,0.9319296479225159,2.2980970388562794,1.625,1,1,False,3,15.0,,,,,,low,unavailable
6bba_05b6850b,6bba,90,91000883,92000896,6529.0,6598.0,92000896.0,6598.0,True,True,2.0714766773970688,3.917733121653388,True,correct,1,0,0,0.8208633661270142,0.0,1.86167137607581,1,1,False,3,15.0,,,,,,low,unavailable
6bba_05b6850b,6bba,90,91000884,92000898,6532.0,6602.0,92000898.0,6602.0,True,True,2.0714766773970688,5.090297909995052,True,correct,1,0,0,0.8785427212715149,0.0,3.471001521535247,1,1,False,2,15.0,,,,,,low,unavailable
6bba_05b6850b,6bba,90,91000885,92000900,6557.0,6628.0,92000900.0,6628.0,True,True,0.9084026158592896,0.5745242597140698,True,correct,1,0,0,0.9856969118118286,1.625,0.9084026158592896,1,1,False,3,15.0,,,,,,low,unavailable
6bba_05b6850b,6bba,90,91000887,92000901,6560.0,6631.0,92000901.0,6631.0,True,True,0.9084026158592896,1.4647552056572457,True,correct,1,0,0,0.9833590388298035,0.0,1.284675299443404,1,1,False,2,15.0,,,,,,low,unavailable
6bba_05b6850b,6bba,91,92000888,93000902,6570.0,6637.0,93000902.0,6637.0,True,True,2.1877232028983924,2.0714766773970688,True,correct,1,0,0,0.9430661201477051,1.625,1.6750116604071745,1,1,False,2,15.0,,,,,,low,unavailable
6bba_05b6850b,6bba,91,92000890,93000906,6585.0,6653.0,93000906.0,6653.0,True,True,3.65625,1.86167137607581,True,correct,1,0,0,0.9648017883300781,2.2980970388562794,1.7235727791422095,1,1,False,2,15.0,,,,,,low,unavailable
6bba_05b6850b,6bba,91,92000892,93000904,6582.0,6651.0,93000904.0,6651.0,True,True,2.0714766773970688,2.6012692214570947,True,correct,1,0,0,0.9871196746826172,1.625,3.2752922102462856,1,1,False,1,15.0,,,,,,low,unavailable
6bba_05b6850b,6bba,91,92000893,93000903,6581.0,6650.0,93000903.0,6650.0,True,True,1.8168052317185792,0.0,True,correct,1,0,0,0.8216983079910278,1.625,1.8168052317185792,1,1,False,2,15.0,,,,,,low,unavailable
6bba_05b6850b,6bba,91,92000894,93000905,6584.0,6652.0,93000905.0,6652.0,True,True,1.7235727791422095,0.40625,True,correct,1,0,0,0.7999877333641052,2.2980970388562794,0.9084026158592896,1,1,False,1,15.0,,,,,,low,unavailable
6bba_05b6850b,6bba,91,92000896,93000907,6598.0,6663.0,93000907.0,6663.0,True,True,3.917733121653388,1.86167137607581,True,correct,1,0,0,0.8258189558982849,2.2980970388562794,0.5745242597140698,1,1,False,3,15.0,,,,,,low,unavailable
6bba_05b6850b,6bba,91,92000898,93000908,6602.0,6665.0,93000908.0,6665.0,True,True,5.090297909995052,5.6875,True,correct,1,0,0,0.8375207781791687,1.625,0.9084026158592896,1,1,False,2,15.0,,,,,,low,unavailable
6bba_05b6850b,6bba,91,92000900,93000909,6628.0,6689.0,93000909.0,6689.0,True,True,0.5745242597140698,0.9084026158592896,True,correct,1,0,0,0.9801682233810425,1.625,0.40625,1,1,False,3,15.0,,,,,,low,unavailable
6bba_05b6850b,6bba,91,92000901,93000910,6631.0,6692.0,93000910.0,6692.0,True,True,1.4647552056572457,0.9084026158592896,True,correct,1,0,0,0.9850024580955505,0.0,0.8125,1,1,False,3,15.0,,,,,,low,unavailable
6bba_05b6850b,6bba,92,93000902,94000911,6637.0,6701.0,94000911.0,6701.0,True,True,2.0714766773970688,2.03125,True,correct,1,0,0,0.9871086478233337,1.625,1.4647552056572457,1,1,False,1,15.0,,,,,,low,unavailable
6bba_05b6850b,6bba,92,93000903,94000912,6650.0,6713.0,94000912.0,6713.0,True,True,0.0,1.284675299443404,True,correct,1,0,0,0.8920853137969971,2.2980970388562794,1.7235727791422095,1,1,False,2,15.0,,,,,,low,unavailable
6bba_05b6850b,6bba,92,93000904,94000913,6651.0,6714.0,94000913.0,6714.0,True,True,2.6012692214570947,1.8168052317185792,True,correct,1,0,0,0.8538773655891418,2.2980970388562794,1.6750116604071745,1,1,False,1,15.0,,,,,,low,unavailable
6bba_05b6850b,6bba,92,93000905,94000914,6652.0,6715.0,94000914.0,6715.0,True,True,0.40625,1.7235727791422095,True,correct,1,0,0,0.9364326000213623,0.0,1.86167137607581,1,1,False,1,15.0,,,,,,low,unavailable
6bba_05b6850b,6bba,92,93000906,94000915,6653.0,6716.0,94000915.0,6716.0,True,True,1.86167137607581,2.8726212985703494,True,correct,1,0,0,0.9853814840316772,2.2980970388562794,2.333728575156074,1,1,False,3,15.0,,,,,,low,unavailable
6bba_05b6850b,6bba,92,93000907,94000916,6663.0,6729.0,94000916.0,6729.0,True,True,1.86167137607581,3.65625,True,correct,1,0,0,0.9285525679588318,0.0,1.8168052317185792,1,1,False,3,15.0,,,,,,low,unavailable
6bba_05b6850b,6bba,92,93000908,94000917,6665.0,6732.0,94000917.0,6732.0,True,True,5.6875,3.447145558284419,True,correct,1,0,0,0.9801647663116455,2.8145825622994254,0.8125,1,1,False,2,15.0,,,,,,low,unavailable
6bba_05b6850b,6bba,92,93000909,94000918,6689.0,6753.0,94000918.0,6753.0,True,True,0.9084026158592896,0.8125,True,correct,1,0,0,0.9821630120277405,1.625,1.21875,1,1,False,3,15.0,,,,,,low,unavailable
6bba_05b6850b,6bba,93,94000911,95000919,6701.0,6767.0,95000919.0,6767.0,True,True,2.03125,2.9575446425202108,True,correct,1,0,0,0.747725248336792,1.625,2.0714766773970688,1,1,False,2,15.0,,,,,,low,unavailable
6bba_05b6850b,6bba,93,94000913,95000920,6714.0,6782.0,95000920.0,6782.0,True,True,1.8168052317185792,2.0714766773970688,True,correct,1,0,0,0.9095190763473511,0.0,0.5745242597140698,1,1,False,1,15.0,,,,,,low,unavailable
6bba_05b6850b,6bba,93,94000914,95000921,6715.0,6784.0,95000921.0,6784.0,True,True,1.7235727791422095,1.6750116604071745,True,correct,1,0,0,0.852521538734436,2.2980970388562794,1.4647552056572457,1,1,False,1,15.0,,,,,,low,unavailable
6bba_05b6850b,6bba,93,94000915,95000922,6716.0,6785.0,95000922.0,6785.0,True,True,2.8726212985703494,3.494694639736067,True,correct,1,0,0,0.9531229138374329,2.2980970388562794,1.8168052317185792,1,1,False,3,15.0,,,,,,low,unavailable
6bba_05b6850b,6bba,93,94000916,95000923,6729.0,6797.0,95000923.0,6797.0,True,True,3.65625,3.471001521535247,True,correct,1,0,0,0.9373182058334351,1.625,1.284675299443404,1,1,False,3,15.0,,,,,,low,unavailable
6bba_05b6850b,6bba,93,94000917,95000924,6732.0,6800.0,95000924.0,6800.0,True,True,3.447145558284419,3.374565944310468,True,correct,1,0,0,0.8675355315208435,0.0,0.40625,1,1,False,2,15.0,,,,,,low,unavailable
6bba_05b6850b,6bba,93,94000918,95000926,6753.0,6822.0,95000926.0,6822.0,True,True,0.8125,0.0,True,correct,1,0,0,0.9767531156539917,0.0,0.8125,1,1,False,3,15.0,,,,,,low,unavailable
6bba_05b6850b,6bba,94,95000919,96000927,6767.0,,,6836.0,True,True,2.9575446425202108,1.284675299443404,False,missing_edge,0,0,1,,,0.40625,0,0,False,2,15.0,,,,,,low,unavailable
6bba_05b6850b,6bba,94,95000920,96000929,6782.0,6847.0,96000929.0,6847.0,True,True,2.0714766773970688,3.5648292823780494,True,correct,1,0,0,0.8145455718040466,1.625,0.40625,1,1,False,2,15.0,,,,,,low,unavailable
6bba_05b6850b,6bba,94,95000921,96000930,6784.0,6848.0,96000930.0,6848.0,True,True,1.6750116604071745,0.9084026158592896,True,correct,1,0,0,0.8169234395027161,2.2980970388562794,1.9902104160113323,1,1,False,1,15.0,,,,,,low,unavailable
6bba_05b6850b,6bba,94,95000922,96000931,6785.0,6850.0,96000931.0,6850.0,True,True,3.494694639736067,1.86167137607581,True,correct,1,0,0,0.9359002709388733,0.0,1.6750116604071745,1,1,False,3,15.0,,,,,,low,unavailable
6bba_05b6850b,6bba,94,95000923,96000932,6797.0,6864.0,96000932.0,6864.0,True,True,3.471001521535247,3.494694639736067,True,correct,1,0,0,0.9185295701026917,0.0,0.40625,1,1,False,5,15.0,,,,,,medium_low,unavailable
6bba_05b6850b,6bba,94,95000924,96000933,6800.0,6867.0,96000933.0,6867.0,True,True,3.374565944310468,4.021669817998489,True,correct,1,0,0,0.8193960189819336,1.625,0.40625,1,1,False,2,15.0,,,,,,low,unavailable
6bba_05b6850b,6bba,94,95000926,96000935,6822.0,6888.0,96000935.0,6888.0,True,True,0.0,0.5745242597140698,True,correct,1,0,0,0.9621623754501343,0.0,0.5745242597140698,1,1,False,3,15.0,,,,,,low,unavailable
6bba_05b6850b,6bba,95,96000927,97000936,6836.0,6900.0,97000936.0,6900.0,True,True,1.284675299443404,0.5745242597140698,True,correct,1,0,0,0.9204466342926025,0.0,0.8125,1,1,False,3,15.0,,,,,,low,unavailable
6bba_05b6850b,6bba,95,96000929,97000937,6847.0,6911.0,97000937.0,6911.0,True,True,3.5648292823780494,2.0714766773970688,True,correct,1,0,0,0.9627701044082642,1.625,0.40625,1,1,False,2,15.0,,,,,,low,unavailable
6bba_05b6850b,6bba,95,96000930,97000938,6848.0,6912.0,97000938.0,6912.0,True,True,0.9084026158592896,0.40625,True,correct,1,0,0,0.853096067905426,1.625,0.8125,1,1,False,1,15.0,,,,,,low,unavailable
6bba_05b6850b,6bba,95,96000931,97000939,6850.0,6915.0,97000939.0,6915.0,True,True,1.86167137607581,2.2980970388562794,True,correct,1,0,0,0.9656279683113098,0.0,0.9084026158592896,1,1,False,3,15.0,,,,,,low,unavailable
6bba_05b6850b,6bba,95,96000932,97000940,6864.0,6929.0,97000940.0,6929.0,True,True,3.494694639736067,3.72334275215162,True,correct,1,0,0,0.9744130373001099,1.625,1.7235727791422095,1,1,False,5,15.0,,,,,,medium_low,unavailable
6bba_05b6850b,6bba,95,96000933,97000941,6867.0,6930.0,97000941.0,6930.0,True,True,4.021669817998489,1.9902104160113323,True,correct,1,0,0,0.923710823059082,2.2980970388562794,0.5745242597140698,1,1,False,2,15.0,,,,,,low,unavailable
6bba_05b6850b,6bba,95,96000935,97000943,6888.0,6957.0,97000943.0,6957.0,True,True,0.5745242597140698,1.6750116604071745,True,correct,1,0,0,0.9748128652572632,1.625,0.40625,1,1,False,3,15.0,,,,,,low,unavailable
6bba_05b6850b,6bba,96,97000936,98000944,6900.0,6965.0,98000944.0,6965.0,True,True,0.5745242597140698,1.86167137607581,True,correct,1,0,0,0.9303848147392273,0.0,2.03125,1,1,False,4,15.0,,,,,,medium_low,unavailable
6bba_05b6850b,6bba,96,97000937,98000945,6911.0,6978.0,98000945.0,6978.0,True,True,2.0714766773970688,2.0714766773970688,True,correct,1,0,0,0.9240480661392212,1.625,1.625,1,1,False,1,15.0,,,,,,low,unavailable
6bba_05b6850b,6bba,96,97000938,98000946,6912.0,6979.0,98000946.0,6979.0,True,True,0.40625,0.8125,True,correct,1,0,0,0.7952049374580383,1.625,0.9084026158592896,1,1,False,1,15.0,,,,,,low,unavailable
6bba_05b6850b,6bba,96,97000939,98000947,6915.0,6980.0,98000947.0,6980.0,True,True,2.2980970388562794,1.6750116604071745,True,correct,1,0,0,0.9332154393196106,1.625,0.40625,1,1,False,3,15.0,,,,,,low,unavailable
6bba_05b6850b,6bba,96,97000940,98000949,6929.0,6995.0,98000949.0,6995.0,True,True,3.72334275215162,3.6787502123683256,True,correct,1,0,0,0.9295185804367065,0.0,0.5745242597140698,1,1,False,5,15.0,,,,,,medium_low,unavailable
6bba_05b6850b,6bba,96,97000941,98000950,6930.0,6996.0,98000950.0,6996.0,True,True,1.9902104160113323,2.632800908728193,True,correct,1,0,0,0.9101072549819946,2.2980970388562794,1.7235727791422095,1,1,False,2,15.0,,,,,,low,unavailable
6bba_05b6850b,6bba,96,97000943,98000952,6957.0,7025.0,98000952.0,7025.0,True,True,1.6750116604071745,1.86167137607581,True,correct,1,0,0,0.9630794525146484,0.0,0.8125,1,1,False,3,15.0,,,,,,low,unavailable
6bba_05b6850b,6bba,97,98000944,99000953,6965.0,7035.0,99000953.0,7035.0,True,True,1.86167137607581,0.40625,True,correct,1,0,0,0.8105292916297913,2.2980970388562794,1.1490485194281397,1,1,False,4,15.0,,,,,,medium_low,unavailable
6bba_05b6850b,6bba,97,98000945,99000954,6978.0,7047.0,99000954.0,7047.0,True,True,2.0714766773970688,2.333728575156074,True,correct,1,0,0,0.9489007592201233,1.625,1.6750116604071745,1,1,False,2,15.0,,,,,,low,unavailable
6bba_05b6850b,6bba,97,98000946,99000955,6979.0,7046.0,99000955.0,7046.0,True,True,0.8125,1.8168052317185792,True,correct,1,0,0,0.7091966271400452,1.625,0.0,1,1,False,1,15.0,,,,,,low,unavailable
6bba_05b6850b,6bba,97,98000947,99000956,6980.0,7048.0,99000956.0,7048.0,True,True,1.6750116604071745,1.6750116604071745,True,correct,1,0,0,0.9416453242301941,0.0,0.0,1,1,False,2,15.0,,,,,,low,unavailable
6bba_05b6850b,6bba,97,98000949,99000957,6995.0,7062.0,99000957.0,7062.0,True,True,3.6787502123683256,3.447145558284419,True,correct,1,0,0,0.9199426174163818,0.0,0.5745242597140698,1,1,False,3,15.0,,,,,,low,unavailable
6bba_05b6850b,6bba,97,98000950,99000958,6996.0,7064.0,99000958.0,7064.0,True,True,2.632800908728193,2.4375,True,correct,1,0,0,0.8803092837333679,1.625,0.5745242597140698,1,1,False,2,15.0,,,,,,low,unavailable
6bba_05b6850b,6bba,97,98000952,99000960,7025.0,7091.0,99000960.0,7091.0,True,True,1.86167137607581,0.40625,True,correct,1,0,0,0.9656291604042053,0.0,1.7235727791422095,1,1,False,4,15.0,,,,,,medium_low,unavailable
6bba_05b6850b,6bba,98,99000953,100000961,7035.0,7101.0,100000961.0,7101.0,True,True,0.40625,1.4647552056572457,True,correct,1,0,0,0.8989448547363281,0.0,1.284675299443404,1,1,False,4,15.0,,,,,,medium_low,unavailable
6bba_05b6850b,6bba,98,99000954,100000963,7047.0,7114.0,100000963.0,7114.0,True,True,2.333728575156074,2.632800908728193,True,correct,1,0,0,0.9373255372047424,0.0,0.40625,1,1,False,2,15.0,,,,,,low,unavailable
6bba_05b6850b,6bba,98,99000955,100000962,7046.0,7113.0,100000962.0,7113.0,True,True,1.8168052317185792,1.7235727791422095,True,correct,1,0,0,0.852064847946167,0.0,0.5745242597140698,1,1,False,1,15.0,,,,,,low,unavailable
6bba_05b6850b,6bba,98,99000956,100000964,7048.0,7115.0,100000964.0,7115.0,True,True,1.6750116604071745,1.8168052317185792,True,correct,1,0,0,0.9890103936195374,1.625,1.86167137607581,1,1,False,3,15.0,,,,,,low,unavailable
6bba_05b6850b,6bba,98,99000957,100000965,7062.0,7130.0,100000965.0,7130.0,True,True,3.447145558284419,5.008586377412294,True,correct,1,0,0,0.9074568152427673,0.0,1.625,1,1,False,3,15.0,,,,,,low,unavailable
6bba_05b6850b,6bba,98,99000958,100000966,7064.0,7132.0,100000966.0,7132.0,True,True,2.4375,2.4375,True,correct,1,0,0,0.8213214874267578,0.0,0.0,1,1,False,2,15.0,,,,,,low,unavailable
6bba_05b6850b,6bba,98,99000960,100000968,7091.0,7159.0,100000968.0,7159.0,True,True,0.40625,0.9084026158592896,True,correct,1,0,0,0.9744354486465454,1.625,0.5745242597140698,1,1,False,4,15.0,,,,,,medium_low,unavailable
6bba_05db0fb1,6bba,0,1000002,2000017,450.0,1242.0,2000017.0,1242.0,True,True,1.7235727791422095,0.5745242597140698,True,correct,1,0,0,0.9277389049530029,1.625,2.9295104113144914,1,1,False,16,15.0,,,,,,high,unavailable
6bba_05db0fb1,6bba,0,1000004,2000019,531.0,1344.0,2000019.0,1344.0,True,True,0.0,0.5745242597140698,True,correct,1,0,0,0.7545232772827148,2.2980970388562794,2.0714766773970688,1,1,False,13,15.0,,,,,,medium_high,unavailable
6bba_05db0fb1,6bba,0,1000006,2000021,579.0,1367.0,2000021.0,1367.0,True,True,1.86167137607581,0.9084026158592896,True,correct,1,0,0,0.7795027494430542,0.0,2.4375,1,1,False,11,15.0,,,,,,medium_high,unavailable
6bba_05db0fb1,6bba,0,1000011,2000026,696.0,1481.0,2000026.0,1481.0,True,True,1.625,0.5745242597140698,True,correct,1,0,0,0.8412483334541321,2.2980970388562794,1.284675299443404,1,1,False,13,15.0,,,,,,medium_high,unavailable
6bba_05db0fb1,6bba,0,1000012,2000027,734.0,1530.0,2000027.0,1530.0,True,True,2.632800908728193,1.625,True,correct,1,0,0,0.9179381132125854,1.625,2.632800908728193,1,1,False,6,15.0,,,,,,medium_low,unavailable
6bba_05db0fb1,6bba,0,1000015,2000029,763.0,1534.0,2000029.0,1534.0,True,True,0.40625,1.9902104160113323,True,correct,1,0,0,0.9470586776733398,3.25,1.86167137607581,1,1,False,11,15.0,,,,,,medium_high,unavailable
6bba_05db0fb1,6bba,1,2000017,3000033,1242.0,2049.0,3000033.0,2049.0,True,True,0.5745242597140698,0.9084026158592896,True,correct,1,0,0,0.8737390041351318,2.8145825622994254,3.0671202393287422,1,1,False,16,15.0,,,,,,high,unavailable
6bba_05db0fb1,6bba,1,2000019,3000034,1344.0,2128.0,3000034.0,2128.0,True,True,0.5745242597140698,1.7235727791422095,True,correct,1,0,0,0.8805021047592163,0.0,1.8168052317185792,1,1,False,15,15.0,,,,,,high,unavailable
6bba_05db0fb1,6bba,1,2000021,3000036,1367.0,2157.0,3000036.0,2157.0,True,True,0.9084026158592896,1.21875,True,correct,1,0,0,0.7704242467880249,2.2980970388562794,0.8125,1,1,False,10,15.0,,,,,,medium_high,unavailable
6bba_05db0fb1,6bba,1,2000026,3000040,1481.0,2250.0,3000040.0,2250.0,True,True,0.5745242597140698,0.9084026158592896,True,correct,1,0,0,0.8893025517463684,3.6336104634371584,3.5648292823780494,1,1,False,13,15.0,,,,,,medium_high,unavailable
6bba_05db0fb1,6bba,1,2000027,3000041,1530.0,2307.0,3000041.0,2307.0,True,True,1.625,2.0714766773970688,True,correct,1,0,0,0.9243130087852478,1.625,3.300390601883359,1,1,False,7,15.0,,,,,,medium_low,unavailable
6bba_05db0fb1,6bba,1,2000029,3000043,1534.0,2319.0,3000043.0,2319.0,True,True,1.9902104160113323,0.8125,True,correct,1,0,0,0.9428470134735107,2.2980970388562794,1.8168052317185792,1,1,False,13,15.0,,,,,,medium_high,unavailable
6bba_05db0fb1,6bba,2,3000033,4000046,2049.0,2825.0,4000046.0,2825.0,True,True,0.9084026158592896,1.625,True,correct,1,0,0,0.9063475131988525,2.2980970388562794,3.374565944310468,1,1,False,14,15.0,,,,,,high,unavailable
6bba_05db0fb1,6bba,2,3000034,4000048,2128.0,2904.0,4000048.0,2904.0,True,True,1.7235727791422095,0.40625,True,correct,1,0,0,0.9210481643676758,1.625,0.40625,1,1,False,14,15.0,,,,,,high,unavailable
6bba_05db0fb1,6bba,2,3000036,4000049,2157.0,2934.0,4000049.0,2934.0,True,True,1.21875,0.9084026158592896,True,correct,1,0,0,0.6868098974227905,2.2980970388562794,1.8168052317185792,1,1,False,12,15.0,,,,,,medium_high,unavailable
6bba_05db0fb1,6bba,2,3000040,4000053,2250.0,3036.0,4000053.0,3036.0,True,True,0.9084026158592896,0.40625,True,correct,1,0,0,0.9299080967903137,2.2980970388562794,1.1490485194281397,1,1,False,16,15.0,,,,,,high,unavailable
6bba_05db0fb1,6bba,2,3000041,4000054,2307.0,3094.0,4000054.0,3094.0,True,True,2.0714766773970688,2.632800908728193,True,correct,1,0,0,0.9501330852508545,0.0,0.8125,1,1,False,7,15.0,,,,,,medium_low,unavailable
6bba_05db0fb1,6bba,2,3000043,4000056,2319.0,3098.0,4000056.0,3098.0,True,True,0.8125,0.8125,True,correct,1,0,0,0.957433819770813,1.625,1.625,1,1,False,16,15.0,,,,,,high,unavailable
6bba_05db0fb1,6bba,3,4000046,5000058,2825.0,3596.0,5000058.0,3596.0,True,True,1.625,1.86167137607581,True,correct,1,0,0,0.6688076853752136,2.2980970388562794,1.86167137607581,1,1,False,16,15.0,,,,,,high,unavailable
6bba_05db0fb1,6bba,3,4000048,5000060,2904.0,3679.0,5000060.0,3679.0,True,True,0.40625,0.40625,True,correct,1,0,0,0.9157664775848389,2.8145825622994254,2.8726212985703494,1,1,False,12,15.0,,,,,,medium_high,unavailable
6bba_05db0fb1,6bba,3,4000049,5000062,2934.0,3720.0,5000062.0,3720.0,True,True,0.9084026158592896,1.8168052317185792,True,correct,1,0,0,0.7907921075820923,3.6336104634371584,2.9575446425202108,1,1,False,10,15.0,,,,,,medium_high,unavailable
6bba_05db0fb1,6bba,3,4000053,5000065,3036.0,3807.0,5000065.0,3807.0,True,True,0.40625,0.0,True,correct,1,0,0,0.9518636465072632,2.2980970388562794,2.6012692214570947,1,1,False,13,15.0,,,,,,medium_high,unavailable
6bba_05db0fb1,6bba,3,4000054,5000069,3094.0,3884.0,5000069.0,3884.0,True,True,2.632800908728193,2.2980970388562794,True,correct,1,0,0,0.9321532845497131,1.625,1.284675299443404,1,1,False,7,15.0,,,,,,medium_low,unavailable
6bba_05db0fb1,6bba,3,4000056,5000071,3098.0,3877.0,5000071.0,3877.0,True,True,0.8125,1.4647552056572457,True,correct,1,0,0,0.9041377305984497,2.2980970388562794,2.03125,1,1,False,16,15.0,,,,,,high,unavailable
6bba_05db0fb1,6bba,4,5000058,6000074,3596.0,4380.0,6000074.0,4380.0,True,True,1.86167137607581,1.8168052317185792,True,correct,1,0,0,0.8486542701721191,2.2980970388562794,2.03125,1,1,False,16,15.0,,,,,,high,unavailable
6bba_05db0fb1,6bba,4,5000060,6000076,3679.0,4472.0,6000076.0,4472.0,True,True,0.40625,0.8125,True,correct,1,0,0,0.9501835703849792,0.0,0.9084026158592896,1,1,False,11,15.0,,,,,,medium_high,unavailable
6bba_05db0fb1,6bba,4,5000062,6000078,3720.0,4487.0,6000078.0,4487.0,True,True,1.8168052317185792,0.40625,True,correct,1,0,0,0.5924598574638367,3.9804208320226646,2.333728575156074,1,1,False,10,15.0,,,,,,medium_high,unavailable
6bba_05db0fb1,6bba,4,5000063,6000079,3755.0,4550.0,6000079.0,4550.0,True,True,0.40625,1.1490485194281397,True,correct,1,0,0,0.951836347579956,1.625,2.1877232028983924,1,1,False,17,15.0,,,,,,high,unavailable
6bba_05db0fb1,6bba,4,5000065,6000081,3807.0,4586.0,6000081.0,4586.0,True,True,0.0,1.284675299443404,True,correct,1,0,0,0.8533575534820557,2.2980970388562794,2.8726212985703494,1,1,False,12,15.0,,,,,,medium_high,unavailable
6bba_05db0fb1,6bba,4,5000069,6000083,3884.0,4673.0,6000083.0,4673.0,True,True,2.2980970388562794,2.7252078475778685,True,correct,1,0,0,0.9034043550491333,1.625,0.9084026158592896,1,1,False,9,15.0,,,,,,medium_low,unavailable
6bba_05db0fb1,6bba,4,5000071,6000084,3877.0,4669.0,6000084.0,4669.0,True,True,1.4647552056572457,0.0,True,correct,1,0,0,0.8904193043708801,3.6336104634371584,2.1877232028983924,1,1,False,15,15.0,,,,,,high,unavailable
6bba_05db0fb1,6bba,5,6000074,7000088,4380.0,5176.0,7000088.0,5176.0,True,True,1.8168052317185792,0.40625,True,correct,1,0,0,0.9546220898628235,0.0,1.86167137607581,1,1,False,14,15.0,,,,,,high,unavailable
6bba_05db0fb1,6bba,5,6000076,7000089,4472.0,5248.0,7000089.0,5248.0,True,True,0.8125,1.7235727791422095,True,correct,1,0,0,0.9671520590782166,2.8145825622994254,1.7235727791422095,1,1,False,13,15.0,,,,,,medium_high,unavailable
6bba_05db0fb1,6bba,5,6000078,7000090,4487.0,5261.0,7000090.0,5261.0,True,True,0.40625,2.0714766773970688,True,correct,1,0,0,0.7313013672828674,2.8145825622994254,1.21875,1,1,False,10,15.0,,,,,,medium_high,unavailable
6bba_05db0fb1,6bba,5,6000079,7000094,4550.0,5340.0,7000094.0,5340.0,True,True,1.1490485194281397,2.368824207280903,True,correct,1,0,0,0.9451015591621399,1.625,2.632800908728193,1,1,False,18,15.0,,,,,,high,unavailable
6bba_05db0fb1,6bba,5,6000081,7000092,4586.0,5393.0,7000092.0,5393.0,True,True,1.284675299443404,0.9084026158592896,True,correct,1,0,0,0.6932864189147949,3.6336104634371584,2.9575446425202108,1,1,False,12,15.0,,,,,,medium_high,unavailable
6bba_05db0fb1,6bba,5,6000083,7000096,4673.0,5458.0,7000096.0,5458.0,True,True,2.7252078475778685,2.0714766773970688,True,correct,1,0,0,0.8464134335517883,2.2980970388562794,2.1877232028983924,1,1,False,12,15.0,,,,,,medium_high,unavailable
6bba_05db0fb1,6bba,5,6000084,7000098,4669.0,5473.0,7000098.0,5473.0,True,True,0.0,2.1877232028983924,True,correct,1,0,0,0.9147274494171143,1.625,3.5648292823780494,1,1,False,12,15.0,,,,,,medium_high,unavailable
6bba_05db0fb1,6bba,6,7000088,8000100,5176.0,5958.0,8000100.0,5958.0,True,True,0.40625,0.5745242597140698,True,correct,1,0,0,0.9651835560798645,1.625,1.6750116604071745,1,1,False,13,15.0,,,,,,medium_high,unavailable
6bba_05db0fb1,6bba,6,7000089,8000101,5248.0,6045.0,8000101.0,6045.0,True,True,1.7235727791422095,1.86167137607581,True,correct,1,0,0,0.9603214859962463,1.625,2.03125,1,1,False,14,15.0,,,,,,high,unavailable
6bba_05db0fb1,6bba,6,7000090,8000102,5261.0,6063.0,8000102.0,6063.0,True,True,2.0714766773970688,2.0714766773970688,True,correct,1,0,0,0.8471585512161255,1.625,1.625,1,1,False,9,15.0,,,,,,medium_low,unavailable
6bba_05db0fb1,6bba,6,7000092,8000104,5393.0,6201.0,8000104.0,6201.0,True,True,0.9084026158592896,1.9902104160113323,True,correct,1,0,0,0.7750889658927917,1.625,2.03125,1,1,False,11,15.0,,,,,,medium_high,unavailable
6bba_05db0fb1,6bba,6,7000094,8000105,5340.0,6133.0,8000105.0,6133.0,True,True,2.368824207280903,1.284675299443404,True,correct,1,0,0,0.9672000408172607,2.8145825622994254,1.8168052317185792,1,1,False,17,15.0,,,,,,high,unavailable
6bba_05db0fb1,6bba,6,7000096,8000109,5458.0,6264.0,8000109.0,6264.0,True,True,2.0714766773970688,2.0714766773970688,True,correct,1,0,0,0.9414465427398682,2.2980970388562794,2.2980970388562794,1,1,False,12,15.0,,,,,,medium_high,unavailable
6bba_05db0fb1,6bba,6,7000098,8000113,5473.0,6268.0,8000113.0,6268.0,True,True,2.1877232028983924,2.0714766773970688,True,correct,1,0,0,0.93719881772995,2.2980970388562794,1.6750116604071745,1,1,False,14,15.0,,,,,,high,unavailable
6bba_05db0fb1,6bba,7,8000100,9000115,5958.0,6744.0,9000115.0,6744.0,True,True,0.5745242597140698,0.5745242597140698,True,correct,1,0,0,0.9501621127128601,2.2980970388562794,2.2980970388562794,1,1,False,16,15.0,,,,,,high,unavailable
6bba_05db0fb1,6bba,7,8000101,9000117,6045.0,6857.0,9000117.0,6857.0,True,True,1.86167137607581,1.7235727791422095,True,correct,1,0,0,0.9515507817268372,1.625,1.21875,1,1,False,13,15.0,,,,,,medium_high,unavailable
6bba_05db0fb1,6bba,7,8000102,9000116,6063.0,6853.0,9000116.0,6853.0,True,True,2.0714766773970688,1.8168052317185792,True,correct,1,0,0,0.7616443037986755,3.6336104634371584,4.021669817998489,1,1,False,10,15.0,,,,,,medium_high,unavailable
6bba_05db0fb1,6bba,7,8000104,9000122,6201.0,7004.0,9000122.0,7004.0,True,True,1.9902104160113323,1.284675299443404,True,correct,1,0,0,0.8135380744934082,1.625,2.632800908728193,1,1,False,13,15.0,,,,,,medium_high,unavailable
6bba_05db0fb1,6bba,7,8000105,9000119,6133.0,6937.0,9000119.0,6937.0,True,True,1.284675299443404,1.86167137607581,True,correct,1,0,0,0.9442213773727417,1.625,1.86167137607581,1,1,False,17,15.0,,,,,,high,unavailable
6bba_05db0fb1,6bba,7,8000106,9000121,6175.0,6997.0,9000121.0,6997.0,True,True,1.625,0.9084026158592896,True,correct,1,0,0,0.8313968777656555,2.8145825622994254,2.7252078475778685,1,1,False,13,15.0,,,,,,medium_high,unavailable
6bba_05db0fb1,6bba,7,8000107,9000120,6176.0,6965.0,9000120.0,6965.0,True,True,0.40625,1.4647552056572457,True,correct,1,0,0,0.8179287910461426,2.2980970388562794,2.0714766773970688,1,1,False,16,15.0,,,,,,high,unavailable
6bba_05db0fb1,6bba,7,8000109,9000124,6264.0,7052.0,9000124.0,7052.0,True,True,2.0714766773970688,1.1490485194281397,True,correct,1,0,0,0.8323516249656677,2.2980970388562794,0.5745242597140698,1,1,False,13,15.0,,,,,,medium_high,unavailable
6bba_05db0fb1,6bba,7,8000111,9000127,6251.0,7040.0,9000127.0,7040.0,True,True,1.625,1.86167137607581,True,correct,1,0,0,0.8939017057418823,1.625,1.86167137607581,1,1,False,14,15.0,,,,,,high,unavailable
6bba_05db0fb1,6bba,7,8000113,9000129,6268.0,7067.0,9000129.0,7067.0,True,True,2.0714766773970688,1.7235727791422095,True,correct,1,0,0,0.8697031736373901,2.2980970388562794,1.1490485194281397,1,1,False,12,15.0,,,,,,medium_high,unavailable
6bba_05db0fb1,6bba,8,9000115,10000132,6744.0,7550.0,10000132.0,7550.0,True,True,0.5745242597140698,0.0,True,correct,1,0,0,0.9528082609176636,2.8145825622994254,2.368824207280903,1,1,False,15,15.0,,,,,,high,unavailable
6bba_05db0fb1,6bba,8,9000116,10000133,6853.0,7630.0,10000133.0,7630.0,True,True,1.8168052317185792,1.8168052317185792,True,correct,1,0,0,0.843579113483429,2.2980970388562794,3.040096626753827,1,1,False,10,15.0,,,,,,medium_high,unavailable
6bba_05db0fb1,6bba,8,9000117,10000134,6857.0,7666.0,10000134.0,7666.0,True,True,1.7235727791422095,0.8125,True,correct,1,0,0,0.8851357102394104,2.2980970388562794,1.284675299443404,1,1,False,12,15.0,,,,,,medium_high,unavailable
6bba_05db0fb1,6bba,8,9000119,10000135,6937.0,7717.0,10000135.0,7717.0,True,True,1.86167137607581,0.8125,True,correct,1,0,0,0.9714106321334839,2.2980970388562794,2.1877232028983924,1,1,False,17,15.0,,,,,,high,unavailable
6bba_05db0fb1,6bba,8,9000120,10000136,6965.0,7746.0,10000136.0,7746.0,True,True,1.4647552056572457,1.1490485194281397,True,correct,1,0,0,0.8689029216766357,2.2980970388562794,2.333728575156074,1,1,False,15,15.0,,,,,,high,unavailable
6bba_05db0fb1,6bba,8,9000121,10000137,6997.0,7778.0,10000137.0,7778.0,True,True,0.9084026158592896,1.284675299443404,True,correct,1,0,0,0.9069340825080872,1.625,1.86167137607581,1,1,False,16,15.0,,,,,,high,unavailable
6bba_05db0fb1,6bba,8,9000122,10000139,7004.0,7808.0,10000139.0,7808.0,True,True,1.284675299443404,1.6750116604071745,True,correct,1,0,0,0.9457360506057739,2.2980970388562794,2.6012692214570947,1,1,False,12,15.0,,,,,,medium_high,unavailable
6bba_05db0fb1,6bba,8,9000124,10000140,7052.0,7832.0,10000140.0,7832.0,True,True,1.1490485194281397,5.28125,True,correct,1,0,0,0.7054798603057861,2.8145825622994254,2.9575446425202108,1,1,False,12,15.0,,,,,,medium_high,unavailable
6bba_05db0fb1,6bba,8,9000127,10000141,7040.0,7822.0,10000141.0,7822.0,True,True,1.86167137607581,0.8125,True,correct,1,0,0,0.9428539872169495,2.8145825622994254,1.21875,1,1,False,11,15.0,,,,,,medium_high,unavailable
6bba_05db0fb1,6bba,8,9000129,10000143,7067.0,7854.0,10000143.0,7854.0,True,True,1.7235727791422095,2.0714766773970688,True,correct,1,0,0,0.9070006608963013,1.625,1.8168052317185792,1,1,False,13,15.0,,,,,,medium_high,unavailable
6bba_05db0fb1,6bba,9,10000132,11000145,7550.0,8336.0,11000145.0,8336.0,True,True,0.0,1.7235727791422095,True,correct,1,0,0,0.9673025012016296,0.0,1.7235727791422095,1,1,False,16,15.0,,,,,,high,unavailable
6bba_05db0fb1,6bba,9,10000133,11000146,7630.0,8413.0,11000146.0,8413.0,True,True,1.8168052317185792,0.5745242597140698,True,correct,1,0,0,0.7547232508659363,1.625,2.0714766773970688,1,1,False,9,15.0,,,,,,medium_low,unavailable
6bba_05db0fb1,6bba,9,10000134,11000148,7666.0,8468.0,11000148.0,8468.0,True,True,0.8125,0.5745242597140698,True,correct,1,0,0,0.7674404978752136,2.8145825622994254,2.0714766773970688,1,1,False,12,15.0,,,,,,medium_high,unavailable
6bba_05db0fb1,6bba,9,10000135,11000149,7717.0,8501.0,11000149.0,8501.0,True,True,0.8125,1.284675299443404,True,correct,1,0,0,0.9668521285057068,0.0,0.5745242597140698,1,1,False,16,15.0,,,,,,high,unavailable
6bba_05db0fb1,6bba,9,10000136,11000150,7746.0,8551.0,11000150.0,8551.0,True,True,1.1490485194281397,2.0714766773970688,True,correct,1,0,0,0.7373337149620056,2.2980970388562794,0.5745242597140698,1,1,False,14,15.0,,,,,,high,unavailable
6bba_05db0fb1,6bba,9,10000137,11000151,7778.0,8561.0,11000151.0,8561.0,True,True,1.284675299443404,1.9902104160113323,True,correct,1,0,0,0.9571216106414795,1.625,1.7235727791422095,1,1,False,12,15.0,,,,,,medium_high,unavailable
6bba_05db0fb1,6bba,9,10000139,11000153,7808.0,8585.0,11000153.0,8585.0,True,True,1.6750116604071745,1.7235727791422095,True,correct,1,0,0,0.930698812007904,2.8145825622994254,3.374565944310468,1,1,False,13,15.0,,,,,,medium_high,unavailable
6bba_05db0fb1,6bba,9,10000141,11000154,7822.0,8610.0,11000154.0,8610.0,True,True,0.8125,1.7235727791422095,True,correct,1,0,0,0.955291211605072,0.0,1.7235727791422095,1,1,False,11,15.0,,,,,,medium_high,unavailable
6bba_05db0fb1,6bba,9,10000143,11000155,7854.0,8637.0,11000155.0,8637.0,True,True,2.0714766773970688,1.7235727791422095,True,correct,1,0,0,0.8735353350639343,1.625,0.8125,1,1,False,15,15.0,,,,,,high,unavailable
6bba_05db0fb1,6bba,10,11000145,12000158,8336.0,9128.0,12000158.0,9128.0,True,True,1.7235727791422095,0.40625,True,correct,1,0,0,0.959152102470398,3.6336104634371584,2.1877232028983924,1,1,False,13,15.0,,,,,,medium_high,unavailable
6bba_05db0fb1,6bba,10,11000146,12000160,8413.0,,,9228.0,True,True,0.5745242597140698,1.7235727791422095,False,missing_edge,0,0,1,,,5.6875,0,0,False,10,15.0,,,,,,medium_high,unavailable
6bba_05db0fb1,6bba,10,11000148,12000161,8468.0,9266.0,12000161.0,9266.0,True,True,0.5745242597140698,1.1490485194281397,True,correct,1,0,0,0.9298145174980164,3.9804208320226646,4.772356925566235,1,1,False,13,15.0,,,,,,medium_high,unavailable
6bba_05db0fb1,6bba,10,11000149,12000162,8501.0,9303.0,12000162.0,9303.0,True,True,1.284675299443404,1.1490485194281397,True,correct,1,0,0,0.9325100779533386,4.875,4.33756303988772,1,1,False,18,15.0,,,,,,high,unavailable
6bba_05db0fb1,6bba,10,11000150,12000164,8551.0,9343.0,12000164.0,9343.0,True,True,2.0714766773970688,0.40625,True,correct,1,0,0,0.7061137557029724,3.6336104634371584,1.86167137607581,1,1,False,13,15.0,,,,,,medium_high,unavailable
6bba_05db0fb1,6bba,10,11000151,12000163,8561.0,9362.0,12000163.0,9362.0,True,True,1.9902104160113323,1.1490485194281397,True,correct,1,0,0,0.9352133274078369,3.9804208320226646,2.8145825622994254,1,1,False,14,15.0,,,,,,high,unavailable
6bba_05db0fb1,6bba,10,11000153,12000165,8585.0,9382.0,12000165.0,9382.0,True,True,1.7235727791422095,0.9084026158592896,True,correct,1,0,0,0.8993507027626038,3.9804208320226646,3.0671202393287422,1,1,False,12,15.0,,,,,,medium_high,unavailable
6bba_05db0fb1,6bba,10,11000154,12000168,8610.0,9430.0,12000168.0,9430.0,True,True,1.7235727791422095,1.4647552056572457,True,correct,1,0,0,0.8199414610862732,3.25,2.7252078475778685,1,1,False,11,15.0,,,,,,medium_high,unavailable
6bba_05db0fb1,6bba,10,11000155,12000169,8637.0,9458.0,12000169.0,9458.0,True,True,1.7235727791422095,0.8125,True,correct,1,0,0,0.6667640805244446,3.6336104634371584,3.300390601883359,1,1,False,12,15.0,,,,,,medium_high,unavailable
6bba_05db0fb1,6bba,11,12000158,13000173,9128.0,9932.0,13000173.0,9932.0,True,True,0.40625,1.7235727791422095,True,correct,1,0,0,0.960878849029541,0.0,1.6750116604071745,1,1,False,13,15.0,,,,,,medium_high,unavailable
6bba_05db0fb1,6bba,11,12000160,13000174,9228.0,10017.0,13000174.0,10017.0,True,True,1.7235727791422095,1.625,True,correct,1,0,0,0.8814709186553955,3.6336104634371584,4.021669817998489,1,1,False,10,15.0,,,,,,medium_high,unavailable
6bba_05db0fb1,6bba,11,12000161,13000175,9266.0,10070.0,13000175.0,10070.0,True,True,1.1490485194281397,1.1490485194281397,True,correct,1,0,0,0.9443777203559875,0.0,0.0,1,1,False,14,15.0,,,,,,high,unavailable
6bba_05db0fb1,6bba,11,12000162,13000176,9303.0,10103.0,13000176.0,10103.0,True,True,1.1490485194281397,1.8168052317185792,True,correct,1,0,0,0.9548751711845398,1.625,1.8168052317185792,1,1,False,18,15.0,,,,,,high,unavailable
6bba_05db0fb1,6bba,11,12000163,13000177,9362.0,10167.0,13000177.0,10167.0,True,True,1.1490485194281397,0.40625,True,correct,1,0,0,0.932840883731842,1.625,0.9084026158592896,1,1,False,14,15.0,,,,,,high,unavailable
6bba_05db0fb1,6bba,11,12000164,13000178,9343.0,10147.0,13000178.0,10147.0,True,True,0.40625,0.9084026158592896,True,correct,1,0,0,0.946468710899353,0.0,0.8125,1,1,False,14,15.0,,,,,,high,unavailable
6bba_05db0fb1,6bba,11,12000165,13000179,9382.0,10206.0,13000179.0,10206.0,True,True,0.9084026158592896,1.86167137607581,True,correct,1,0,0,0.8138239979743958,3.6336104634371584,1.7235727791422095,1,1,False,12,15.0,,,,,,medium_high,unavailable
6bba_05db0fb1,6bba,11,12000168,13000181,9430.0,10237.0,13000181.0,10237.0,True,True,1.4647552056572457,0.5745242597140698,True,correct,1,0,0,0.7874177694320679,1.625,0.40625,1,1,False,8,15.0,,,,,,medium_low,unavailable
6bba_05db0fb1,6bba,11,12000169,13000183,9458.0,10248.0,13000183.0,10248.0,True,True,0.8125,0.5745242597140698,True,correct,1,0,0,0.869274377822876,2.2980970388562794,2.0714766773970688,1,1,False,14,15.0,,,,,,high,unavailable
6bba_05db0fb1,6bba,12,13000173,14000189,9932.0,10728.0,14000189.0,10728.0,True,True,1.7235727791422095,0.5745242597140698,True,correct,1,0,0,0.9428601861000061,1.625,1.8168052317185792,1,1,False,13,15.0,,,,,,medium_high,unavailable
6bba_05db0fb1,6bba,12,13000174,14000191,10017.0,10807.0,14000191.0,10807.0,True,True,1.625,0.5745242597140698,True,correct,1,0,0,0.9155058264732361,1.625,2.0714766773970688,1,1,False,12,15.0,,,,,,medium_high,unavailable
6bba_05db0fb1,6bba,12,13000175,14000192,10070.0,10885.0,14000192.0,10885.0,True,True,1.1490485194281397,0.5745242597140698,True,correct,1,0,0,0.878176748752594,2.8145825622994254,2.0714766773970688,1,1,False,14,15.0,,,,,,high,unavailable
6bba_05db0fb1,6bba,12,13000176,14000193,10103.0,10900.0,14000193.0,10900.0,True,True,1.8168052317185792,1.8168052317185792,True,correct,1,0,0,0.9186055660247803,1.625,3.25,1,1,False,18,15.0,,,,,,high,unavailable
6bba_05db0fb1,6bba,12,13000177,14000195,10167.0,10963.0,14000195.0,10963.0,True,True,0.40625,1.7235727791422095,True,correct,1,0,0,0.8987193703651428,1.625,2.6012692214570947,1,1,False,13,15.0,,,,,,medium_high,unavailable
6bba_05db0fb1,6bba,12,13000178,14000194,10147.0,10928.0,14000194.0,10928.0,True,True,0.9084026158592896,1.6750116604071745,True,correct,1,0,0,0.9398235082626343,2.2980970388562794,0.8125,1,1,False,14,15.0,,,,,,high,unavailable
6bba_05db0fb1,6bba,12,13000179,14000196,10206.0,11007.0,14000196.0,11007.0,True,True,1.86167137607581,1.1490485194281397,True,correct,1,0,0,0.8708877563476562,1.625,2.333728575156074,1,1,False,10,15.0,,,,,,medium_high,unavailable
6bba_05db0fb1,6bba,12,13000181,14000199,10237.0,11044.0,14000199.0,11044.0,True,True,0.5745242597140698,1.9902104160113323,True,correct,1,0,0,0.7550190091133118,1.625,1.284675299443404,1,1,False,10,15.0,,,,,,medium_high,unavailable
6bba_05db0fb1,6bba,12,13000183,14000197,10248.0,11033.0,14000197.0,11033.0,True,True,0.5745242597140698,0.40625,True,correct,1,0,0,0.8602051734924316,2.2980970388562794,2.03125,1,1,False,14,15.0,,,,,,high,unavailable
6bba_05db0fb1,6bba,13,14000189,15000203,10728.0,11509.0,15000203.0,11509.0,True,True,0.5745242597140698,0.9084026158592896,True,correct,1,0,0,0.9743859171867371,1.625,2.03125,1,1,False,13,15.0,,,,,,medium_high,unavailable
6bba_05db0fb1,6bba,13,14000191,15000204,10807.0,11605.0,15000204.0,11605.0,True,True,0.5745242597140698,0.9084026158592896,True,correct,1,0,0,0.9453027248382568,0.0,1.21875,1,1,False,12,15.0,,,,,,medium_high,unavailable
6bba_05db0fb1,6bba,13,14000192,15000205,10885.0,11664.0,15000205.0,11664.0,True,True,0.5745242597140698,0.5745242597140698,True,correct,1,0,0,0.9655478000640869,1.625,1.625,1,1,False,16,15.0,,,,,,high,unavailable
6bba_05db0fb1,6bba,13,14000193,15000206,10900.0,11702.0,15000206.0,11702.0,True,True,1.8168052317185792,1.86167137607581,True,correct,1,0,0,0.9207211136817932,1.625,1.21875,1,1,False,17,15.0,,,,,,high,unavailable
6bba_05db0fb1,6bba,13,14000194,15000207,10928.0,11730.0,15000207.0,11730.0,True,True,1.6750116604071745,0.5745242597140698,True,correct,1,0,0,0.8253136277198792,1.625,2.1877232028983924,1,1,False,13,15.0,,,,,,medium_high,unavailable
6bba_05db0fb1,6bba,13,14000195,15000208,10963.0,11758.0,15000208.0,11758.0,True,True,1.7235727791422095,0.9084026158592896,True,correct,1,0,0,0.9430434107780457,1.625,1.86167137607581,1,1,False,14,15.0,,,,,,high,unavailable
6bba_05db0fb1,6bba,13,14000196,15000210,11007.0,11802.0,15000210.0,11802.0,True,True,1.1490485194281397,2.0714766773970688,True,correct,1,0,0,0.7661833167076111,2.2980970388562794,2.8726212985703494,1,1,False,10,15.0,,,,,,medium_high,unavailable
6bba_05db0fb1,6bba,13,14000197,15000211,11033.0,11826.0,15000211.0,11826.0,True,True,0.40625,0.5745242597140698,True,correct,1,0,0,0.8943028450012207,1.625,1.6750116604071745,1,1,False,13,15.0,,,,,,medium_high,unavailable
6bba_05db0fb1,6bba,13,14000199,15000214,11044.0,11848.0,15000214.0,11848.0,True,True,1.9902104160113323,1.1490485194281397,True,correct,1,0,0,0.82920241355896,3.6336104634371584,2.2980970388562794,1,1,False,11,15.0,,,,,,medium_high,unavailable
6bba_05db0fb1,6bba,14,15000203,16000218,11509.0,12303.0,16000218.0,12303.0,True,True,0.9084026158592896,0.40625,True,correct,1,0,0,0.9531941413879395,2.2980970388562794,1.7235727791422095,1,1,False,12,15.0,,,,,,medium_high,unavailable
6bba_05db0fb1,6bba,14,15000204,16000219,11605.0,12409.0,16000219.0,12409.0,True,True,0.9084026158592896,0.9084026158592896,True,correct,1,0,0,0.913216233253479,1.625,1.284675299443404,1,1,False,13,15.0,,,,,,medium_high,unavailable
6bba_05db0fb1,6bba,14,15000205,16000221,11664.0,12469.0,16000221.0,12469.0,True,True,0.5745242597140698,0.0,True,correct,1,0,0,0.9640615582466125,1.625,1.284675299443404,1,1,False,15,15.0,,,,,,high,unavailable
6bba_05db0fb1,6bba,14,15000206,16000222,11702.0,12492.0,16000222.0,12492.0,True,True,1.86167137607581,0.9084026158592896,True,correct,1,0,0,0.9316955208778381,1.625,0.8125,1,1,False,20,15.0,,,,,,high,unavailable
6bba_05db0fb1,6bba,14,15000207,16000224,11730.0,12541.0,16000224.0,12541.0,True,True,0.5745242597140698,0.0,True,correct,1,0,0,0.8875388503074646,0.0,0.5745242597140698,1,1,False,14,15.0,,,,,,high,unavailable
6bba_05db0fb1,6bba,14,15000208,16000223,11758.0,12552.0,16000223.0,12552.0,True,True,0.9084026158592896,1.1490485194281397,True,correct,1,0,0,0.954810380935669,2.2980970388562794,1.6750116604071745,1,1,False,15,15.0,,,,,,high,unavailable
6bba_05db0fb1,6bba,14,15000211,16000229,11826.0,12636.0,16000229.0,12636.0,True,True,0.5745242597140698,1.86167137607581,True,correct,1,0,0,0.9064825773239136,0.0,1.6750116604071745,1,1,False,13,15.0,,,,,,medium_high,unavailable
6bba_05db0fb1,6bba,14,15000214,16000228,11848.0,12644.0,16000228.0,12644.0,True,True,1.1490485194281397,0.5745242597140698,True,correct,1,0,0,0.7921908497810364,2.2980970388562794,1.7235727791422095,1,1,False,12,15.0,,,,,,medium_high,unavailable
6bba_05db0fb1,6bba,14,15000215,16000231,11926.0,12733.0,16000231.0,12733.0,True,True,1.4647552056572457,1.21875,True,correct,1,0,0,0.7311537861824036,0.0,1.284675299443404,1,1,False,10,15.0,,,,,,medium_high,unavailable
6bba_05db0fb1,6bba,15,16000218,17000233,12303.0,13119.0,17000233.0,13119.0,True,True,0.40625,1.8168052317185792,True,correct,1,0,0,0.9663378596305847,0.0,2.03125,1,1,False,14,15.0,,,,,,high,unavailable
6bba_05db0fb1,6bba,15,16000219,17000234,12409.0,13213.0,17000234.0,13213.0,True,True,0.9084026158592896,0.8125,True,correct,1,0,0,0.7683570981025696,5.138701197773616,4.0827619710803615,1,1,False,10,15.0,,,,,,medium_high,unavailable
6bba_05db0fb1,6bba,15,16000221,17000236,12469.0,13292.0,17000236.0,13292.0,True,True,0.0,1.284675299443404,True,correct,1,0,0,0.9028377532958984,0.0,1.284675299443404,1,1,False,14,15.0,,,,,,high,unavailable
6bba_05db0fb1,6bba,15,16000222,17000237,12492.0,13310.0,17000237.0,13310.0,True,True,0.9084026158592896,1.86167137607581,True,correct,1,0,0,0.9464625120162964,1.625,2.0714766773970688,1,1,False,18,15.0,,,,,,high,unavailable
6bba_05db0fb1,6bba,15,16000223,17000239,12552.0,13356.0,17000239.0,13356.0,True,True,1.1490485194281397,1.21875,True,correct,1,0,0,0.8269321322441101,2.8145825622994254,1.86167137607581,1,1,False,17,15.0,,,,,,high,unavailable
6bba_05db0fb1,6bba,15,16000224,17000240,12541.0,13340.0,17000240.0,13340.0,True,True,0.0,1.8168052317185792,True,correct,1,0,0,0.9418588876724243,1.625,0.8125,1,1,False,17,15.0,,,,,,high,unavailable
6bba_05db0fb1,6bba,15,16000228,17000245,12644.0,13475.0,17000245.0,13475.0,True,True,0.5745242597140698,0.9084026158592896,True,correct,1,0,0,0.8849490284919739,2.2980970388562794,1.86167137607581,1,1,False,14,15.0,,,,,,high,unavailable
6bba_05db0fb1,6bba,15,16000229,17000244,12636.0,13446.0,17000244.0,13446.0,True,True,1.86167137607581,0.5745242597140698,True,correct,1,0,0,0.9061293005943298,2.2980970388562794,3.471001521535247,1,1,False,16,15.0,,,,,,high,unavailable
6bba_05db0fb1,6bba,15,16000231,17000247,12733.0,13563.0,17000247.0,13563.0,True,True,1.21875,3.1729139308370784,True,correct,1,0,0,0.7483739852905273,2.2980970388562794,1.7235727791422095,1,1,False,10,15.0,,,,,,medium_high,unavailable
6bba_05db0fb1,6bba,16,17000233,18000249,13119.0,13908.0,18000249.0,13908.0,True,True,1.8168052317185792,0.8125,True,correct,1,0,0,0.9703136682510376,3.6336104634371584,1.9902104160113323,1,1,False,16,15.0,,,,,,high,unavailable
6bba_05db0fb1,6bba,16,17000234,18000250,13213.0,14034.0,18000250.0,14034.0,True,True,0.8125,1.86167137607581,True,correct,1,0,0,0.9147171974182129,0.0,2.333728575156074,1,1,False,11,15.0,,,,,,medium_high,unavailable
6bba_05db0fb1,6bba,16,17000236,18000252,13292.0,14108.0,18000252.0,14108.0,True,True,1.284675299443404,1.9902104160113323,True,correct,1,0,0,0.8366060853004456,1.625,2.0714766773970688,1,1,False,14,15.0,,,,,,high,unavailable
6bba_05db0fb1,6bba,16,17000237,18000253,13310.0,14132.0,18000253.0,14132.0,True,True,1.86167137607581,1.86167137607581,True,correct,1,0,0,0.9771854877471924,1.625,1.7235727791422095,1,1,False,17,15.0,,,,,,high,unavailable
6bba_05db0fb1,6bba,16,17000239,18000255,13356.0,14180.0,18000255.0,14180.0,True,True,1.21875,1.284675299443404,True,correct,1,0,0,0.9121101498603821,0.0,0.40625,1,1,False,16,15.0,,,,,,high,unavailable
6bba_05db0fb1,6bba,16,17000240,18000254,13340.0,14162.0,18000254.0,14162.0,True,True,1.8168052317185792,1.6750116604071745,True,correct,1,0,0,0.9524800777435303,2.2980970388562794,2.03125,1,1,False,15,15.0,,,,,,high,unavailable
6bba_05db0fb1,6bba,16,17000241,18000256,13368.0,14171.0,18000256.0,14171.0,True,True,1.1490485194281397,1.86167137607581,True,correct,1,0,0,0.9586925506591797,2.2980970388562794,2.03125,1,1,False,14,15.0,,,,,,high,unavailable
6bba_05db0fb1,6bba,16,17000244,18000259,13446.0,14261.0,18000259.0,14261.0,True,True,0.5745242597140698,0.8125,True,correct,1,0,0,0.8871662020683289,0.0,0.5745242597140698,1,1,False,17,15.0,,,,,,high,unavailable
6bba_05db0fb1,6bba,16,17000245,18000262,13475.0,14281.0,18000262.0,14281.0,True,True,0.9084026158592896,1.6750116604071745,True,correct,1,0,0,0.924908459186554,2.2980970388562794,1.7235727791422095,1,1,False,14,15.0,,,,,,high,unavailable
6bba_05db0fb1,6bba,16,17000247,18000264,13563.0,14375.0,18000264.0,14375.0,True,True,3.1729139308370784,2.0714766773970688,True,correct,1,0,0,0.8376540541648865,1.625,0.9084026158592896,1,1,False,9,15.0,,,,,,medium_low,unavailable
6bba_05db0fb1,6bba,17,18000249,19000266,13908.0,14702.0,19000266.0,14702.0,True,True,0.8125,0.9084026158592896,True,correct,1,0,0,0.9743703007698059,1.625,1.86167137607581,1,1,False,14,15.0,,,,,,high,unavailable
6bba_05db0fb1,6bba,17,18000250,19000267,14034.0,14827.0,19000267.0,14827.0,True,True,1.86167137607581,1.6750116604071745,True,correct,1,0,0,0.836789071559906,3.6336104634371584,1.1490485194281397,1,1,False,11,15.0,,,,,,medium_high,unavailable
6bba_05db0fb1,6bba,17,18000252,19000268,14108.0,14912.0,19000268.0,14912.0,True,True,1.9902104160113323,0.9084026158592896,True,correct,1,0,0,0.8068923950195312,2.2980970388562794,1.21875,1,1,False,12,15.0,,,,,,medium_high,unavailable
6bba_05db0fb1,6bba,17,18000253,19000269,14132.0,14935.0,19000269.0,14935.0,True,True,1.86167137607581,0.9084026158592896,True,correct,1,0,0,0.9819835424423218,1.625,0.5745242597140698,1,1,False,19,15.0,,,,,,high,unavailable
6bba_05db0fb1,6bba,17,18000254,19000270,14162.0,14983.0,19000270.0,14983.0,True,True,1.6750116604071745,0.8125,True,correct,1,0,0,0.9552493095397949,0.0,1.6750116604071745,1,1,False,13,15.0,,,,,,medium_high,unavailable
6bba_05db0fb1,6bba,17,18000255,19000272,14180.0,14981.0,19000272.0,14981.0,True,True,1.284675299443404,2.1877232028983924,True,correct,1,0,0,0.9438139200210571,1.625,0.9084026158592896,1,1,False,14,15.0,,,,,,high,unavailable
6bba_05db0fb1,6bba,17,18000256,19000271,14171.0,14992.0,19000271.0,14992.0,True,True,1.86167137607581,0.8125,True,correct,1,0,0,0.9725395441055298,0.0,2.1877232028983924,1,1,False,15,15.0,,,,,,high,unavailable
6bba_05db0fb1,6bba,17,18000259,19000276,14261.0,15075.0,19000276.0,15075.0,True,True,0.8125,1.9902104160113323,True,correct,1,0,0,0.9096258878707886,2.2980970388562794,1.8168052317185792,1,1,False,16,15.0,,,,,,high,unavailable
6bba_05db0fb1,6bba,17,18000261,19000278,14282.0,15107.0,19000278.0,15107.0,True,True,0.40625,1.8168052317185792,True,correct,1,0,0,0.922614336013794,2.2980970388562794,3.0671202393287422,1,1,False,9,15.0,,,,,,medium_low,unavailable
6bba_05db0fb1,6bba,17,18000262,19000279,14281.0,15106.0,19000279.0,15106.0,True,True,1.6750116604071745,0.8125,True,correct,1,0,0,0.9520072340965271,0.0,1.86167137607581,1,1,False,14,15.0,,,,,,high,unavailable
6bba_05db0fb1,6bba,17,18000264,19000280,14375.0,15190.0,19000280.0,15190.0,True,True,2.0714766773970688,2.368824207280903,True,correct,1,0,0,0.8891667127609253,2.2980970388562794,1.8168052317185792,1,1,False,11,15.0,,,,,,medium_high,unavailable
6bba_05db0fb1,6bba,18,19000266,20000283,14702.0,15537.0,20000283.0,15537.0,True,True,0.9084026158592896,0.0,True,correct,1,0,0,0.954352855682373,1.625,0.9084026158592896,1,1,False,15,15.0,,,,,,high,unavailable
6bba_05db0fb1,6bba,18,19000267,20000284,14827.0,15678.0,20000284.0,15678.0,True,True,1.6750116604071745,4.375446405796785,True,correct,1,0,0,0.8597949743270874,4.875,2.6012692214570947,1,1,False,9,15.0,,,,,,medium_low,unavailable
6bba_05db0fb1,6bba,18,19000268,20000285,14912.0,15736.0,20000285.0,15736.0,True,True,0.9084026158592896,0.9084026158592896,True,correct,1,0,0,0.8406982421875,0.0,1.8168052317185792,1,1,False,13,15.0,,,,,,medium_high,unavailable
6bba_05db0fb1,6bba,18,19000269,20000286,14935.0,15756.0,20000286.0,15756.0,True,True,0.9084026158592896,2.03125,True,correct,1,0,0,0.9796062111854553,0.0,1.7235727791422095,1,1,False,18,15.0,,,,,,high,unavailable
6bba_05db0fb1,6bba,18,19000270,20000287,14983.0,15786.0,20000287.0,15786.0,True,True,0.8125,0.9084026158592896,True,correct,1,0,0,0.9553678035736084,2.8145825622994254,2.1877232028983924,1,1,False,14,15.0,,,,,,high,unavailable
6bba_05db0fb1,6bba,18,19000271,20000288,14992.0,15797.0,20000288.0,15797.0,True,True,0.8125,0.9084026158592896,True,correct,1,0,0,0.8775720596313477,2.8145825622994254,2.1877232028983924,1,1,False,13,15.0,,,,,,medium_high,unavailable
6bba_05db0fb1,6bba,18,19000272,20000289,14981.0,15805.0,20000289.0,15805.0,True,True,2.1877232028983924,2.1877232028983924,True,correct,1,0,0,0.8709721565246582,1.625,3.494694639736067,1,1,False,17,15.0,,,,,,high,unavailable
6bba_05db0fb1,6bba,18,19000276,20000292,15075.0,15899.0,20000292.0,15899.0,True,True,1.9902104160113323,1.1490485194281397,True,correct,1,0,0,0.8263404369354248,2.8145825622994254,1.625,1,1,False,16,15.0,,,,,,high,unavailable
6bba_05db0fb1,6bba,18,19000278,20000293,15107.0,15923.0,20000293.0,15923.0,True,True,1.8168052317185792,1.86167137607581,True,correct,1,0,0,0.9161644577980042,1.625,0.40625,1,1,False,8,15.0,,,,,,medium_low,unavailable
6bba_05db0fb1,6bba,18,19000279,20000294,15106.0,15911.0,20000294.0,15911.0,True,True,0.8125,1.86167137607581,True,correct,1,0,0,0.9265995025634766,2.2980970388562794,0.40625,1,1,False,14,15.0,,,,,,high,unavailable
6bba_05db0fb1,6bba,18,19000280,20000297,15190.0,15998.0,20000297.0,15998.0,True,True,2.368824207280903,1.6750116604071745,True,correct,1,0,0,0.8469114303588867,0.0,1.4647552056572457,1,1,False,11,15.0,,,,,,medium_high,unavailable
6bba_05db0fb1,6bba,18,19000281,20000298,15182.0,15991.0,20000298.0,15991.0,True,True,3.447145558284419,3.2752922102462856,True,correct,1,0,0,0.7335070371627808,1.625,0.9084026158592896,1,1,False,11,15.0,,,,,,medium_high,unavailable
6bba_05db0fb1,6bba,19,20000283,21000300,15537.0,16320.0,21000300.0,16320.0,True,True,0.0,1.86167137607581,True,correct,1,0,0,0.5451503992080688,6.080193253507654,4.241374519244911,1,1,False,15,15.0,,,,,,high,unavailable
6bba_05db0fb1,6bba,19,20000284,21000302,15678.0,,,16528.0,True,True,4.375446405796785,1.4647552056572457,False,missing_edge,0,0,1,,,7.761395352158012,0,0,False,5,15.0,,,,,,medium_low,unavailable
6bba_05db0fb1,6bba,19,20000285,21000303,15736.0,16549.0,21000303.0,16549.0,True,True,0.9084026158592896,1.284675299443404,True,correct,1,0,0,0.8471037745475769,3.9804208320226646,4.162823748671087,1,1,False,14,15.0,,,,,,high,unavailable
6bba_05db0fb1,6bba,19,20000286,21000304,15756.0,16574.0,21000304.0,16574.0,True,True,2.03125,0.9084026158592896,True,correct,1,0,0,0.9581118226051331,2.2980970388562794,1.284675299443404,1,1,False,15,15.0,,,,,,high,unavailable
6bba_05db0fb1,6bba,19,20000287,21000307,15786.0,16619.0,21000307.0,16619.0,True,True,0.9084026158592896,0.5745242597140698,True,correct,1,0,0,0.7769966125488281,3.6336104634371584,3.2752922102462856,1,1,False,15,15.0,,,,,,high,unavailable
6bba_05db0fb1,6bba,19,20000288,21000306,15797.0,16615.0,21000306.0,16615.0,True,True,0.9084026158592896,2.4375,True,correct,1,0,0,0.7753481268882751,3.9804208320226646,5.701990469344894,1,1,False,15,15.0,,,,,,high,unavailable
6bba_05db0fb1,6bba,19,20000289,21000305,15805.0,16592.0,21000305.0,16592.0,True,True,2.1877232028983924,1.21875,True,correct,1,0,0,0.8230916857719421,5.859020822628983,4.0625,1,1,False,16,15.0,,,,,,high,unavailable
6bba_05db0fb1,6bba,19,20000292,21000312,15899.0,16703.0,21000312.0,16703.0,True,True,1.1490485194281397,1.6750116604071745,True,correct,1,0,0,0.8632122874259949,5.3895152843275245,3.5648292823780494,1,1,False,16,15.0,,,,,,high,unavailable
6bba_05db0fb1,6bba,19,20000293,21000314,15923.0,16746.0,21000314.0,16746.0,True,True,1.86167137607581,1.9902104160113323,True,correct,1,0,0,0.6123080253601074,2.8145825622994254,3.832554834897995,1,1,False,9,15.0,,,,,,medium_low,unavailable
6bba_05db0fb1,6bba,19,20000294,21000311,15911.0,16728.0,21000311.0,16728.0,True,True,1.86167137607581,4.755034338729848,True,correct,1,0,0,0.8939782977104187,3.6336104634371584,9.138367776851618,1,1,False,9,15.0,,,,,,medium_low,unavailable
6bba_05db0fb1,6bba,19,20000295,21000315,15921.0,16743.0,21000315.0,16743.0,True,True,2.0714766773970688,2.632800908728193,True,correct,1,0,0,0.8390005230903625,2.8145825622994254,2.4375,1,1,False,11,15.0,,,,,,medium_high,unavailable
6bba_05db0fb1,6bba,19,20000297,21000318,15998.0,16819.0,,16843.0,True,True,1.6750116604071745,5.008586377412294,False,wrong_association,0,1,1,0.6574445366859436,3.9804208320226646,2.9575446425202108,1,1,False,12,15.0,,,,,,medium_high,unavailable
6bba_05db0fb1,6bba,19,20000298,21000317,15991.0,16828.0,21000317.0,16828.0,True,True,3.2752922102462856,3.374565944310468,True,correct,1,0,0,0.6354171633720398,2.2980970388562794,3.093907824257213,1,1,False,12,15.0,,,,,,medium_high,unavailable
6bba_05db0fb1,6bba,20,21000300,22000320,16320.0,17150.0,22000320.0,17150.0,True,True,1.86167137607581,0.40625,True,correct,1,0,0,0.9305374622344971,0.0,1.9902104160113323,1,1,False,16,15.0,,,,,,high,unavailable
6bba_05db0fb1,6bba,20,21000301,22000323,16534.0,17350.0,22000323.0,17350.0,True,True,0.40625,0.5745242597140698,True,correct,1,0,0,0.7427854537963867,1.625,1.6750116604071745,1,1,False,12,15.0,,,,,,medium_high,unavailable
6bba_05db0fb1,6bba,20,21000302,22000324,16528.0,17358.0,22000324.0,17358.0,True,True,1.4647552056572457,0.9084026158592896,True,correct,1,0,0,0.9094695448875427,1.625,2.8726212985703494,1,1,False,7,15.0,,,,,,medium_low,unavailable
6bba_05db0fb1,6bba,20,21000303,22000325,16549.0,17378.0,22000325.0,17378.0,True,True,1.284675299443404,0.40625,True,correct,1,0,0,0.8823592662811279,1.625,0.40625,1,1,False,14,15.0,,,,,,high,unavailable
6bba_05db0fb1,6bba,20,21000304,22000326,16574.0,17400.0,22000326.0,17400.0,True,True,0.9084026158592896,1.7235727791422095,True,correct,1,0,0,0.9832390546798706,0.0,1.6750116604071745,1,1,False,16,15.0,,,,,,high,unavailable
6bba_05db0fb1,6bba,20,21000305,22000328,16592.0,17419.0,22000328.0,17419.0,True,True,1.21875,0.40625,True,correct,1,0,0,0.9615169167518616,1.625,0.5745242597140698,1,1,False,19,15.0,,,,,,high,unavailable
6bba_05db0fb1,6bba,20,21000306,22000327,16615.0,17429.0,22000327.0,17429.0,True,True,2.4375,0.0,True,correct,1,0,0,0.9824606776237488,1.625,2.9295104113144914,1,1,False,13,15.0,,,,,,medium_high,unavailable
6bba_05db0fb1,6bba,20,21000307,22000330,16619.0,17458.0,22000330.0,17458.0,True,True,0.5745242597140698,0.40625,True,correct,1,0,0,0.8314690589904785,2.2980970388562794,1.86167137607581,1,1,False,16,15.0,,,,,,high,unavailable
6bba_05db0fb1,6bba,20,21000311,22000331,16728.0,17544.0,,17508.0,True,True,4.755034338729848,4.667457150312148,False,wrong_association,0,1,1,0.9617173075675964,2.8145825622994254,1.86167137607581,1,1,False,10,15.0,,,,,,medium_high,unavailable
6bba_05db0fb1,6bba,20,21000312,22000332,16703.0,17530.0,22000332.0,17530.0,True,True,1.6750116604071745,1.6750116604071745,True,correct,1,0,0,0.94066321849823,0.0,0.5745242597140698,1,1,False,15,15.0,,,,,,high,unavailable
6bba_05db0fb1,6bba,20,21000314,22000334,16746.0,17572.0,22000334.0,17572.0,True,True,1.9902104160113323,1.9902104160113323,True,correct,1,0,0,0.9568408131599426,0.0,0.0,1,1,False,9,15.0,,,,,,medium_low,unavailable
6bba_05db0fb1,6bba,20,21000315,22000335,16743.0,17568.0,22000335.0,17568.0,True,True,2.632800908728193,3.2752922102462856,True,correct,1,0,0,0.8907712697982788,1.625,1.6750116604071745,1,1,False,11,15.0,,,,,,medium_high,unavailable
6bba_05db0fb1,6bba,20,21000317,22000337,16828.0,17656.0,22000337.0,17656.0,True,True,3.374565944310468,1.6750116604071745,True,correct,1,0,0,0.9091835021972656,1.625,2.0714766773970688,1,1,False,11,15.0,,,,,,medium_high,unavailable
6bba_05db0fb1,6bba,20,21000318,22000338,16843.0,17670.0,,17639.0,True,True,5.008586377412294,5.138701197773616,False,wrong_association,0,1,1,0.8678522109985352,2.2980970388562794,1.9902104160113323,1,1,False,13,15.0,,,,,,medium_high,unavailable
6bba_05db0fb1,6bba,21,22000320,23000340,17150.0,17980.0,23000340.0,17980.0,True,True,0.40625,0.8125,True,correct,1,0,0,0.9573591947555542,2.2980970388562794,2.6012692214570947,1,1,False,14,15.0,,,,,,high,unavailable
6bba_05db0fb1,6bba,21,22000323,23000342,17350.0,,,18184.0,True,True,0.5745242597140698,3.72334275215162,False,missing_edge,0,0,1,,,1.7235727791422095,0,0,False,12,15.0,,,,,,medium_high,unavailable
6bba_05db0fb1,6bba,21,22000326,23000343,17400.0,18242.0,23000343.0,18242.0,True,True,1.7235727791422095,1.7235727791422095,True,correct,1,0,0,0.9535537958145142,2.8145825622994254,1.9902104160113323,1,1,False,16,15.0,,,,,,high,unavailable
6bba_05db0fb1,6bba,21,22000327,23000345,17429.0,18255.0,23000345.0,18255.0,True,True,0.0,0.5745242597140698,True,correct,1,0,0,0.9850837588310242,1.625,1.284675299443404,1,1,False,11,15.0,,,,,,medium_high,unavailable
6bba_05db0fb1,6bba,21,22000328,23000344,17419.0,18245.0,23000344.0,18245.0,True,True,0.40625,0.0,True,correct,1,0,0,0.9837892055511475,1.625,1.21875,1,1,False,17,15.0,,,,,,high,unavailable
6bba_05db0fb1,6bba,21,22000330,23000347,17458.0,18302.0,23000347.0,18302.0,True,True,0.40625,0.40625,True,correct,1,0,0,0.7878754138946533,1.625,1.8168052317185792,1,1,False,16,15.0,,,,,,high,unavailable
6bba_05db0fb1,6bba,21,22000331,23000351,17508.0,18336.0,,18371.0,True,True,4.667457150312148,1.86167137607581,False,wrong_association,0,1,1,0.9450381994247437,0.0,4.823951472859154,1,1,False,13,15.0,,,,,,medium_high,unavailable
6bba_05db0fb1,6bba,21,22000332,23000348,17530.0,18352.0,23000348.0,18352.0,True,True,1.6750116604071745,1.8168052317185792,True,correct,1,0,0,0.9415653347969055,0.0,0.40625,1,1,False,16,15.0,,,,,,high,unavailable
6bba_05db0fb1,6bba,21,22000334,23000352,17572.0,18386.0,23000352.0,18386.0,True,True,1.9902104160113323,1.86167137607581,True,correct,1,0,0,0.941839873790741,2.8145825622994254,2.333728575156074,1,1,False,10,15.0,,,,,,medium_high,unavailable
6bba_05db0fb1,6bba,21,22000335,23000353,17568.0,18408.0,23000353.0,18408.0,True,True,3.2752922102462856,1.21875,True,correct,1,0,0,0.8017145395278931,2.2980970388562794,1.8168052317185792,1,1,False,11,15.0,,,,,,medium_high,unavailable
6bba_05db0fb1,6bba,21,22000337,23000355,17656.0,18484.0,23000355.0,18484.0,True,True,1.6750116604071745,0.5745242597140698,True,correct,1,0,0,0.8954986929893494,0.0,1.6750116604071745,1,1,False,10,15.0,,,,,,medium_high,unavailable
6bba_05db0fb1,6bba,21,22000338,23000356,17639.0,18459.0,,18497.0,True,True,5.138701197773616,6.3066959703556345,False,wrong_association,0,1,1,0.5415040850639343,2.8145825622994254,2.6012692214570947,1,1,False,13,15.0,,,,,,medium_high,unavailable
6bba_05db0fb1,6bba,22,23000340,24000357,17980.0,18794.0,24000357.0,18794.0,True,True,0.8125,1.7235727791422095,True,correct,1,0,0,0.9703815579414368,2.8145825622994254,3.6787502123683256,1,1,False,12,15.0,,,,,,medium_high,unavailable
6bba_05db0fb1,6bba,22,23000342,24000358,18184.0,19025.0,,18973.0,True,True,3.72334275215162,1.6750116604071745,False,wrong_association,0,1,1,0.9379162788391113,2.2980970388562794,3.2752922102462856,1,1,False,10,15.0,,,,,,medium_high,unavailable
6bba_05db0fb1,6bba,22,23000343,24000360,18242.0,19057.0,24000360.0,19057.0,True,True,1.7235727791422095,1.6750116604071745,True,correct,1,0,0,0.9478321075439453,2.2980970388562794,2.333728575156074,1,1,False,15,15.0,,,,,,high,unavailable
6bba_05db0fb1,6bba,22,23000344,24000361,18245.0,19091.0,24000361.0,19091.0,True,True,0.0,1.86167137607581,True,correct,1,0,0,0.7393978834152222,2.2980970388562794,1.4647552056572457,1,1,False,14,15.0,,,,,,high,unavailable
6bba_05db0fb1,6bba,22,23000345,24000363,18255.0,19100.0,24000363.0,19100.0,True,True,0.5745242597140698,1.7235727791422095,True,correct,1,0,0,0.9110381603240967,2.2980970388562794,1.625,1,1,False,12,15.0,,,,,,medium_high,unavailable
6bba_05db0fb1,6bba,22,23000347,24000364,18302.0,19134.0,24000364.0,19134.0,True,True,0.40625,0.40625,True,correct,1,0,0,0.7600383162498474,1.625,1.284675299443404,1,1,False,15,15.0,,,,,,high,unavailable
6bba_05db0fb1,6bba,22,23000348,24000365,18352.0,19160.0,24000365.0,19160.0,True,True,1.8168052317185792,1.1490485194281397,True,correct,1,0,0,0.8950234055519104,3.6336104634371584,4.942244555867304,1,1,False,16,15.0,,,,,,high,unavailable
6bba_05db0fb1,6bba,22,23000351,24000368,18371.0,19191.0,24000368.0,19191.0,True,True,1.86167137607581,1.8168052317185792,True,correct,1,0,0,0.9623449444770813,2.2980970388562794,1.86167137607581,1,1,False,16,15.0,,,,,,high,unavailable
6bba_05db0fb1,6bba,22,23000352,24000369,18386.0,19204.0,24000369.0,19204.0,True,True,1.86167137607581,0.40625,True,correct,1,0,0,0.9523460865020752,2.2980970388562794,0.8125,1,1,False,10,15.0,,,,,,medium_high,unavailable
6bba_05db0fb1,6bba,22,23000353,24000370,18408.0,19218.0,24000370.0,19218.0,True,True,1.21875,2.1877232028983924,True,correct,1,0,0,0.8465304374694824,3.25,1.8168052317185792,1,1,False,10,15.0,,,,,,medium_high,unavailable
6bba_05db0fb1,6bba,22,23000355,24000372,18484.0,19293.0,24000372.0,19293.0,True,True,0.5745242597140698,1.86167137607581,True,correct,1,0,0,0.8433359861373901,3.9804208320226646,2.333728575156074,1,1,False,11,15.0,,,,,,medium_high,unavailable
6bba_05db0fb1,6bba,22,23000356,24000373,18497.0,19319.0,,19343.0,True,True,6.3066959703556345,1.7235727791422095,False,wrong_association,0,1,1,0.9003338813781738,1.625,2.333728575156074,1,1,False,11,15.0,,,,,,medium_high,unavailable
6bba_05db0fb1,6bba,23,24000357,25000375,18794.0,19589.0,25000375.0,19589.0,True,True,1.7235727791422095,0.40625,True,correct,1,0,0,0.9192569851875305,2.2980970388562794,0.9084026158592896,1,1,False,14,15.0,,,,,,high,unavailable
6bba_05db0fb1,6bba,23,24000358,25000380,18973.0,19787.0,25000380.0,19787.0,True,True,1.6750116604071745,1.7235727791422095,True,correct,1,0,0,0.6927424073219299,0.0,0.40625,1,1,False,12,15.0,,,,,,medium_high,unavailable
6bba_05db0fb1,6bba,23,24000359,25000381,19052.0,19868.0,25000381.0,19868.0,True,True,1.8168052317185792,1.625,True,correct,1,0,0,0.7674729824066162,0.0,0.8125,1,1,False,13,15.0,,,,,,medium_high,unavailable
6bba_05db0fb1,6bba,23,24000360,25000382,19057.0,19870.0,25000382.0,19870.0,True,True,1.6750116604071745,1.6750116604071745,True,correct,1,0,0,0.9705247282981873,0.0,0.5745242597140698,1,1,False,16,15.0,,,,,,high,unavailable
6bba_05db0fb1,6bba,23,24000361,25000378,19091.0,19906.0,25000378.0,19906.0,True,True,1.86167137607581,0.9084026158592896,True,correct,1,0,0,0.9080684185028076,0.0,2.0714766773970688,1,1,False,16,15.0,,,,,,high,unavailable
6bba_05db0fb1,6bba,23,24000363,25000384,19100.0,19900.0,25000384.0,19900.0,True,True,1.7235727791422095,0.5745242597140698,True,correct,1,0,0,0.9679412841796875,2.2980970388562794,1.1490485194281397,1,1,False,13,15.0,,,,,,medium_high,unavailable
6bba_05db0fb1,6bba,23,24000364,25000385,19134.0,19949.0,25000385.0,19949.0,True,True,0.40625,0.8125,True,correct,1,0,0,0.8529894351959229,0.0,0.9084026158592896,1,1,False,16,15.0,,,,,,high,unavailable
6bba_05db0fb1,6bba,23,24000365,25000387,19160.0,19973.0,25000387.0,19973.0,True,True,1.1490485194281397,1.6750116604071745,True,correct,1,0,0,0.9508188366889954,2.2980970388562794,1.86167137607581,1,1,False,15,15.0,,,,,,high,unavailable
6bba_05db0fb1,6bba,23,24000368,25000390,19191.0,19993.0,25000390.0,19993.0,True,True,1.8168052317185792,1.21875,True,correct,1,0,0,0.9675169587135315,2.2980970388562794,0.40625,1,1,False,14,15.0,,,,,,high,unavailable
6bba_05db0fb1,6bba,23,24000369,25000391,19204.0,20038.0,25000391.0,20038.0,True,True,0.40625,2.4375,True,correct,1,0,0,0.9299880862236023,2.2980970388562794,1.6750116604071745,1,1,False,10,15.0,,,,,,medium_high,unavailable
6bba_05db0fb1,6bba,23,24000370,25000392,19218.0,20036.0,25000392.0,20036.0,True,True,2.1877232028983924,2.1877232028983924,True,correct,1,0,0,0.8245553374290466,0.0,0.0,1,1,False,10,15.0,,,,,,medium_high,unavailable
6bba_05db0fb1,6bba,23,24000372,25000394,19293.0,20114.0,25000394.0,20114.0,True,True,1.86167137607581,1.1490485194281397,True,correct,1,0,0,0.9337727427482605,0.0,1.6750116604071745,1,1,False,12,15.0,,,,,,medium_high,unavailable
6bba_05db0fb1,6bba,23,24000373,25000395,19343.0,20158.0,25000395.0,20158.0,True,True,1.7235727791422095,1.6750116604071745,True,correct,1,0,0,0.6691424250602722,0.0,0.9084026158592896,1,1,False,9,15.0,,,,,,medium_low,unavailable
6bba_05db0fb1,6bba,24,25000375,26000398,19589.0,20432.0,26000398.0,20432.0,True,True,0.40625,0.9084026158592896,True,correct,1,0,0,0.9392645359039307,1.625,1.9902104160113323,1,1,False,11,15.0,,,,,,medium_high,unavailable
6bba_05db0fb1,6bba,24,25000378,26000405,19906.0,20719.0,26000405.0,20719.0,True,True,0.9084026158592896,0.9084026158592896,True,correct,1,0,0,0.9788956642150879,2.2980970388562794,2.0714766773970688,1,1,False,17,15.0,,,,,,high,unavailable
6bba_05db0fb1,6bba,24,25000380,26000399,19787.0,20613.0,26000399.0,20613.0,True,True,1.7235727791422095,2.0714766773970688,True,correct,1,0,0,0.7392405867576599,0.0,0.8125,1,1,False,11,15.0,,,,,,medium_high,unavailable
6bba_05db0fb1,6bba,24,25000382,26000401,19870.0,20692.0,26000401.0,20692.0,True,True,1.6750116604071745,1.9902104160113323,True,correct,1,0,0,0.9739038944244385,2.2980970388562794,3.1729139308370784,1,1,False,15,15.0,,,,,,high,unavailable
6bba_05db0fb1,6bba,24,25000384,26000404,19900.0,20710.0,26000404.0,20710.0,True,True,0.5745242597140698,0.9084026158592896,True,correct,1,0,0,0.9609003067016602,2.8145825622994254,2.6012692214570947,1,1,False,13,15.0,,,,,,medium_high,unavailable
6bba_05db0fb1,6bba,24,25000385,26000406,19949.0,20762.0,26000406.0,20762.0,True,True,0.8125,1.6750116604071745,True,correct,1,0,0,0.8141537308692932,2.2980970388562794,0.9084026158592896,1,1,False,16,15.0,,,,,,high,unavailable
6bba_05db0fb1,6bba,24,25000387,26000407,19973.0,20787.0,26000407.0,20787.0,True,True,1.6750116604071745,1.86167137607581,True,correct,1,0,0,0.9413949251174927,1.625,1.9902104160113323,1,1,False,13,15.0,,,,,,medium_high,unavailable
6bba_05db0fb1,6bba,24,25000390,26000408,19993.0,20804.0,26000408.0,20804.0,True,True,1.21875,0.5745242597140698,True,correct,1,0,0,0.9239705801010132,2.2980970388562794,2.1877232028983924,1,1,False,12,15.0,,,,,,medium_high,unavailable
6bba_05db0fb1,6bba,24,25000391,26000410,20038.0,20836.0,26000410.0,20836.0,True,True,2.4375,1.9902104160113323,True,correct,1,0,0,0.943081796169281,3.9804208320226646,3.72334275215162,1,1,False,10,15.0,,,,,,medium_high,unavailable
6bba_05db0fb1,6bba,24,25000392,26000411,20036.0,20854.0,26000411.0,20854.0,True,True,2.1877232028983924,1.284675299443404,True,correct,1,0,0,0.8343151807785034,1.625,1.6750116604071745,1,1,False,10,15.0,,,,,,medium_high,unavailable
6bba_05db0fb1,6bba,24,25000394,26000412,20114.0,20932.0,26000412.0,20932.0,True,True,1.1490485194281397,2.333728575156074,True,correct,1,0,0,0.8991655707359314,1.625,1.86167137607581,1,1,False,11,15.0,,,,,,medium_high,unavailable
6bba_05db0fb1,6bba,24,25000395,26000413,20158.0,20984.0,26000413.0,20984.0,True,True,1.6750116604071745,0.5745242597140698,True,correct,1,0,0,0.7321828007698059,1.625,2.03125,1,1,False,7,15.0,,,,,,medium_low,unavailable
6bba_05db0fb1,6bba,25,26000397,27000414,20177.0,21035.0,,21036.0,True,True,2.0714766773970688,2.333728575156074,False,wrong_association,0,1,1,0.5781770944595337,5.3895152843275245,7.278567102287373,1,1,False,7,15.0,,,,,,medium_low,unavailable
6bba_05db0fb1,6bba,25,26000399,27000417,20613.0,21419.0,27000417.0,21419.0,True,True,2.0714766773970688,0.40625,True,correct,1,0,0,0.7733400464057922,3.6336104634371584,4.241374519244911,1,1,False,17,15.0,,,,,,high,unavailable
6bba_05db0fb1,6bba,25,26000400,27000420,20663.0,21484.0,27000420.0,21484.0,True,True,0.9084026158592896,0.9084026158592896,True,correct,1,0,0,0.7267934679985046,5.138701197773616,5.296851954227152,1,1,False,16,15.0,,,,,,high,unavailable
6bba_05db0fb1,6bba,25,26000403,27000422,20705.0,21518.0,27000422.0,21518.0,True,True,1.1490485194281397,0.9084026158592896,True,correct,1,0,0,0.9255645275115967,3.9804208320226646,3.832554834897995,1,1,False,13,15.0,,,,,,medium_high,unavailable
6bba_05db0fb1,6bba,25,26000404,27000421,20710.0,21525.0,27000421.0,21525.0,True,True,0.9084026158592896,1.625,True,correct,1,0,0,0.866819441318512,3.9804208320226646,4.394265616971737,1,1,False,14,15.0,,,,,,high,unavailable
6bba_05db0fb1,6bba,25,26000405,27000418,20719.0,21510.0,27000418.0,21510.0,True,True,0.9084026158592896,1.7235727791422095,True,correct,1,0,0,0.8665757775306702,4.875,5.58501412822743,1,1,False,14,15.0,,,,,,high,unavailable
6bba_05db0fb1,6bba,25,26000406,27000425,20762.0,,,21590.0,True,True,1.6750116604071745,1.284675299443404,False,missing_edge,0,0,1,,,6.410516871711672,0,0,False,18,15.0,,,,,,high,unavailable
6bba_05db0fb1,6bba,25,26000407,27000426,20787.0,21634.0,27000426.0,21634.0,True,True,1.86167137607581,0.40625,True,correct,1,0,0,0.9035295844078064,6.700046641628698,5.745242597140699,1,1,False,14,15.0,,,,,,high,unavailable
6bba_05db0fb1,6bba,25,26000408,27000424,20804.0,21608.0,27000424.0,21608.0,True,True,0.5745242597140698,2.368824207280903,True,correct,1,0,0,0.8790745139122009,4.596194077712559,6.942003043070494,1,1,False,13,15.0,,,,,,medium_high,unavailable
6bba_05db0fb1,6bba,25,26000410,27000427,20836.0,21641.0,27000427.0,21641.0,True,True,1.9902104160113323,0.40625,True,correct,1,0,0,0.8960663676261902,5.859020822628983,4.0827619710803615,1,1,False,13,15.0,,,,,,medium_high,unavailable
6bba_05db0fb1,6bba,25,26000411,27000428,20854.0,21662.0,27000428.0,21662.0,True,True,1.284675299443404,0.5745242597140698,True,correct,1,0,0,0.8294643759727478,4.875,5.265601817456386,1,1,False,14,15.0,,,,,,high,unavailable
6bba_05db0fb1,6bba,25,26000412,27000430,20932.0,21767.0,27000430.0,21767.0,True,True,2.333728575156074,1.86167137607581,True,correct,1,0,0,0.8842224478721619,3.6336104634371584,3.040096626753827,1,1,False,13,15.0,,,,,,medium_high,unavailable
6bba_05db0fb1,6bba,25,26000413,27000431,20984.0,21820.0,27000431.0,21820.0,True,True,0.5745242597140698,1.8168052317185792,True,correct,1,0,0,0.7292159795761108,3.25,5.296851954227152,1,1,False,8,15.0,,,,,,medium_low,unavailable
6bba_05db0fb1,6bba,26,27000414,28000432,21036.0,21870.0,28000432.0,21870.0,True,True,2.333728575156074,2.333728575156074,True,correct,1,0,0,0.8678109645843506,0.0,0.0,1,1,False,7,15.0,,,,,,medium_low,unavailable
6bba_05db0fb1,6bba,26,27000415,28000433,21221.0,22048.0,28000433.0,22048.0,True,True,1.9902104160113323,1.9902104160113323,True,correct,1,0,0,0.9439482688903809,0.0,0.0,1,1,False,7,15.0,,,,,,medium_low,unavailable
6bba_05db0fb1,6bba,26,27000416,28000434,21371.0,22196.0,28000434.0,22196.0,True,True,1.6750116604071745,1.6750116604071745,True,correct,1,0,0,0.9584855437278748,0.0,0.0,1,1,False,12,15.0,,,,,,medium_high,unavailable
6bba_05db0fb1,6bba,26,27000417,28000435,21419.0,22227.0,28000435.0,22227.0,True,True,0.40625,1.6750116604071745,True,correct,1,0,0,0.9044936895370483,1.625,0.0,1,1,False,16,15.0,,,,,,high,unavailable
6bba_05db0fb1,6bba,26,27000418,28000436,21510.0,22328.0,28000436.0,22328.0,True,True,1.7235727791422095,1.7235727791422095,True,correct,1,0,0,0.9354017376899719,0.0,0.0,1,1,False,14,15.0,,,,,,high,unavailable
6bba_05db0fb1,6bba,26,27000420,28000438,21484.0,22300.0,28000438.0,22300.0,True,True,0.9084026158592896,0.9084026158592896,True,correct,1,0,0,0.7726141810417175,0.0,0.0,1,1,False,16,15.0,,,,,,high,unavailable
6bba_05db0fb1,6bba,26,27000421,28000439,21525.0,22343.0,28000439.0,22343.0,True,True,1.625,1.625,True,correct,1,0,0,0.9847331643104553,0.0,0.0,1,1,False,14,15.0,,,,,,high,unavailable
6bba_05db0fb1,6bba,26,27000422,28000440,21518.0,22336.0,28000440.0,22336.0,True,True,0.9084026158592896,0.9084026158592896,True,correct,1,0,0,0.8845061659812927,1.625,0.0,1,1,False,13,15.0,,,,,,medium_high,unavailable
6bba_05db0fb1,6bba,26,27000424,28000442,21608.0,22427.0,28000442.0,22427.0,True,True,2.368824207280903,2.368824207280903,True,correct,1,0,0,0.877962052822113,0.0,0.0,1,1,False,13,15.0,,,,,,medium_high,unavailable
6bba_05db0fb1,6bba,26,27000425,28000443,21590.0,22408.0,28000443.0,22408.0,True,True,1.284675299443404,1.284675299443404,True,correct,1,0,0,0.8654290437698364,0.0,0.0,1,1,False,18,15.0,,,,,,high,unavailable
6bba_05db0fb1,6bba,26,27000426,28000444,21634.0,22452.0,28000444.0,22452.0,True,True,0.40625,0.40625,True,correct,1,0,0,0.9724202752113342,0.0,0.0,1,1,False,15,15.0,,,,,,high,unavailable
6bba_05db0fb1,6bba,26,27000427,28000445,21641.0,22461.0,28000445.0,22461.0,True,True,0.40625,0.40625,True,correct,1,0,0,0.974254310131073,0.0,0.0,1,1,False,13,15.0,,,,,,medium_high,unavailable
6bba_05db0fb1,6bba,26,27000428,28000446,21662.0,22470.0,28000446.0,22470.0,True,True,0.5745242597140698,1.7235727791422095,True,correct,1,0,0,0.8312336206436157,1.625,0.0,1,1,False,14,15.0,,,,,,high,unavailable
6bba_05db0fb1,6bba,26,27000430,28000448,21767.0,22581.0,28000448.0,22581.0,True,True,1.86167137607581,1.86167137607581,True,correct,1,0,0,0.9462388753890991,0.0,0.0,1,1,False,13,15.0,,,,,,medium_high,unavailable
6bba_05db0fb1,6bba,26,27000431,28000449,21820.0,22631.0,28000449.0,22631.0,True,True,1.8168052317185792,1.8168052317185792,True,correct,1,0,0,0.8829922080039978,0.0,0.0,1,1,False,9,15.0,,,,,,medium_low,unavailable
6bba_05db0fb1,6bba,27,28000432,29000450,21870.0,22685.0,29000450.0,22685.0,True,True,2.333728575156074,2.368824207280903,True,correct,1,0,0,0.6449685096740723,3.6336104634371584,2.9575446425202108,1,1,False,8,15.0,,,,,,medium_low,unavailable
6bba_05db0fb1,6bba,27,28000433,29000451,22048.0,22840.0,29000451.0,22840.0,True,True,1.9902104160113323,0.5745242597140698,True,correct,1,0,0,0.5614282488822937,7.621925609713073,7.198768340834423,1,1,False,8,15.0,,,,,,medium_low,unavailable
6bba_05db0fb1,6bba,27,28000434,29000452,22196.0,23014.0,29000452.0,23014.0,True,True,1.6750116604071745,1.6750116604071745,True,correct,1,0,0,0.8303161263465881,5.859020822628983,6.214430032191206,1,1,False,17,15.0,,,,,,high,unavailable
6bba_05db0fb1,6bba,27,28000435,29000453,22227.0,23072.0,29000453.0,23072.0,True,True,1.6750116604071745,1.625,True,correct,1,0,0,0.7236902713775635,2.2980970388562794,3.832554834897995,1,1,False,16,15.0,,,,,,high,unavailable
6bba_05db0fb1,6bba,27,28000436,29000456,22328.0,23167.0,29000456.0,23167.0,True,True,1.7235727791422095,0.5745242597140698,True,correct,1,0,0,0.9529157876968384,2.2980970388562794,2.569350598886808,1,1,False,16,15.0,,,,,,high,unavailable
6bba_05db0fb1,6bba,27,28000438,29000454,22300.0,23132.0,29000454.0,23132.0,True,True,0.9084026158592896,2.1877232028983924,True,correct,1,0,0,0.7175741791725159,2.8145825622994254,4.375446405796785,1,1,False,17,15.0,,,,,,high,unavailable
6bba_05db0fb1,6bba,27,28000439,29000459,22343.0,23182.0,29000459.0,23182.0,True,True,1.625,0.8125,True,correct,1,0,0,0.9842533469200134,2.2980970388562794,2.4375,1,1,False,15,15.0,,,,,,high,unavailable
6bba_05db0fb1,6bba,27,28000440,29000458,22336.0,23154.0,29000458.0,23154.0,True,True,0.9084026158592896,1.1490485194281397,True,correct,1,0,0,0.9238020181655884,3.25,3.65625,1,1,False,13,15.0,,,,,,medium_high,unavailable
6bba_05db0fb1,6bba,27,28000442,29000460,22427.0,23232.0,29000460.0,23232.0,True,True,2.368824207280903,1.284675299443404,True,correct,1,0,0,0.8544912338256836,6.080193253507654,3.9804208320226646,1,1,False,12,15.0,,,,,,medium_high,unavailable
6bba_05db0fb1,6bba,27,28000443,29000462,22408.0,23240.0,29000462.0,23240.0,True,True,1.284675299443404,1.6750116604071745,True,correct,1,0,0,0.7149813771247864,2.8145825622994254,1.6750116604071745,1,1,False,18,15.0,,,,,,high,unavailable
6bba_05db0fb1,6bba,27,28000444,29000464,22452.0,23270.0,29000464.0,23270.0,True,True,0.40625,0.8125,True,correct,1,0,0,0.9520924091339111,3.6336104634371584,4.0827619710803615,1,1,False,15,15.0,,,,,,high,unavailable
6bba_05db0fb1,6bba,27,28000445,29000463,22461.0,,,,True,False,0.40625,,False,target_node_missed,0,0,1,,,4.5420130792964475,0,0,False,10,15.0,,,,,,medium_high,unavailable
6bba_05db0fb1,6bba,27,28000446,29000465,22470.0,23296.0,29000465.0,23296.0,True,True,1.7235727791422095,1.6750116604071745,True,correct,1,0,0,0.8184297680854797,3.9804208320226646,4.0827619710803615,1,1,False,13,15.0,,,,,,medium_high,unavailable
6bba_05db0fb1,6bba,27,28000448,29000466,22581.0,23395.0,29000466.0,23395.0,True,True,1.86167137607581,0.40625,True,correct,1,0,0,0.9047877192497253,4.596194077712559,3.300390601883359,1,1,False,11,15.0,,,,,,medium_high,unavailable
6bba_05db0fb1,6bba,27,28000449,29000469,22631.0,23459.0,29000469.0,23459.0,True,True,1.8168052317185792,1.1490485194281397,True,correct,1,0,0,0.7845249772071838,3.9804208320226646,2.9295104113144914,1,1,False,11,15.0,,,,,,medium_high,unavailable
6bba_05db0fb1,6bba,28,29000450,30000470,22685.0,,,23536.0,True,True,2.368824207280903,6.397631397634597,False,missing_edge,0,0,1,,,1.284675299443404,0,0,False,3,15.0,,,,,,low,unavailable
6bba_05db0fb1,6bba,28,29000451,30000471,22840.0,23653.0,30000471.0,23653.0,True,True,0.5745242597140698,0.8125,True,correct,1,0,0,0.8644688129425049,2.2980970388562794,2.368824207280903,1,1,False,10,15.0,,,,,,medium_high,unavailable
6bba_05db0fb1,6bba,28,29000452,30000472,23014.0,23837.0,30000472.0,23837.0,True,True,1.6750116604071745,0.0,True,correct,1,0,0,0.949510395526886,1.625,2.03125,1,1,False,15,15.0,,,,,,high,unavailable
6bba_05db0fb1,6bba,28,29000453,30000473,23072.0,23877.0,30000473.0,23877.0,True,True,1.625,1.625,True,correct,1,0,0,0.78838050365448,1.625,1.625,1,1,False,13,15.0,,,,,,medium_high,unavailable
6bba_05db0fb1,6bba,28,29000454,30000475,23132.0,23937.0,30000475.0,23937.0,True,True,2.1877232028983924,0.9084026158592896,True,correct,1,0,0,0.9824872612953186,2.2980970388562794,0.0,1,1,False,15,15.0,,,,,,high,unavailable
6bba_05db0fb1,6bba,28,29000455,30000474,23172.0,23993.0,30000474.0,23993.0,True,True,1.1490485194281397,2.03125,True,correct,1,0,0,0.9012081623077393,0.0,1.86167137607581,1,1,False,8,15.0,,,,,,medium_low,unavailable
6bba_05db0fb1,6bba,28,29000456,30000476,23167.0,23986.0,30000476.0,23986.0,True,True,0.5745242597140698,0.5745242597140698,True,correct,1,0,0,0.9714158177375793,2.2980970388562794,1.1490485194281397,1,1,False,18,15.0,,,,,,high,unavailable
6bba_05db0fb1,6bba,28,29000458,30000478,23154.0,24000.0,30000478.0,24000.0,True,True,1.1490485194281397,1.7235727791422095,True,correct,1,0,0,0.8017000555992126,2.2980970388562794,0.5745242597140698,1,1,False,11,15.0,,,,,,medium_high,unavailable
6bba_05db0fb1,6bba,28,29000459,30000479,23182.0,23982.0,30000479.0,23982.0,True,True,0.8125,1.7235727791422095,True,correct,1,0,0,0.9391162395477295,2.2980970388562794,3.300390601883359,1,1,False,16,15.0,,,,,,high,unavailable
6bba_05db0fb1,6bba,28,29000460,30000480,23232.0,24053.0,30000480.0,24053.0,True,True,1.284675299443404,1.9902104160113323,True,correct,1,0,0,0.8464712500572205,2.2980970388562794,1.7235727791422095,1,1,False,14,15.0,,,,,,high,unavailable
6bba_05db0fb1,6bba,28,29000462,30000481,23240.0,24042.0,30000481.0,24042.0,True,True,1.6750116604071745,1.7235727791422095,True,correct,1,0,0,0.8830484747886658,2.2980970388562794,2.03125,1,1,False,18,15.0,,,,,,high,unavailable
6bba_05db0fb1,6bba,28,29000463,30000487,,,,24079.0,False,True,,1.8168052317185792,False,source_node_missed,0,0,1,,,1.284675299443404,0,0,False,10,15.0,,,,,,medium_high,unavailable
6bba_05db0fb1,6bba,28,29000464,30000488,23270.0,24089.0,30000488.0,24089.0,True,True,0.8125,0.40625,True,correct,1,0,0,0.9283285737037659,1.625,0.40625,1,1,False,16,15.0,,,,,,high,unavailable
6bba_05db0fb1,6bba,28,29000465,30000489,23296.0,24117.0,30000489.0,24117.0,True,True,1.6750116604071745,0.0,True,correct,1,0,0,0.7811470627784729,0.0,1.6750116604071745,1,1,False,13,15.0,,,,,,medium_high,unavailable
6bba_05db0fb1,6bba,28,29000466,30000483,23395.0,24207.0,30000483.0,24207.0,True,True,0.40625,0.40625,True,correct,1,0,0,0.933271586894989,1.625,1.625,1,1,False,13,15.0,,,,,,medium_high,unavailable
6bba_05db0fb1,6bba,28,29000469,30000490,23459.0,24271.0,30000490.0,24271.0,True,True,1.1490485194281397,1.4647552056572457,True,correct,1,0,0,0.8485215306282043,1.625,0.40625,1,1,False,8,15.0,,,,,,medium_low,unavailable
6bba_05db0fb1,6bba,29,30000470,31000491,23536.0,24337.0,31000491.0,24337.0,True,True,6.397631397634597,5.6875,True,correct,1,0,0,0.7229865789413452,2.2980970388562794,1.8168052317185792,1,1,False,3,15.0,,,,,,low,unavailable
6bba_05db0fb1,6bba,29,30000471,31000492,23653.0,24456.0,31000492.0,24456.0,True,True,0.8125,0.40625,True,correct,1,0,0,0.967139482498169,2.2980970388562794,1.86167137607581,1,1,False,11,15.0,,,,,,medium_high,unavailable
6bba_05db0fb1,6bba,29,30000472,31000493,23837.0,24636.0,31000493.0,24636.0,True,True,0.0,0.8125,True,correct,1,0,0,0.9764458537101746,2.2980970388562794,2.4375,1,1,False,17,15.0,,,,,,high,unavailable
6bba_05db0fb1,6bba,29,30000473,31000497,23877.0,24674.0,31000497.0,24674.0,True,True,1.625,1.7235727791422095,True,correct,1,0,0,0.8470509648323059,1.625,1.7235727791422095,1,1,False,13,15.0,,,,,,medium_high,unavailable
6bba_05db0fb1,6bba,29,30000474,31000500,23993.0,24803.0,31000500.0,24803.0,True,True,2.03125,1.284675299443404,True,correct,1,0,0,0.9058257937431335,0.0,1.6750116604071745,1,1,False,8,15.0,,,,,,medium_low,unavailable
6bba_05db0fb1,6bba,29,30000475,31000499,23937.0,24749.0,31000499.0,24749.0,True,True,0.9084026158592896,0.40625,True,correct,1,0,0,0.9607238173484802,1.625,1.1490485194281397,1,1,False,13,15.0,,,,,,medium_high,unavailable
6bba_05db0fb1,6bba,29,30000476,31000495,23986.0,24781.0,31000495.0,24781.0,True,True,0.5745242597140698,1.86167137607581,True,correct,1,0,0,0.9708133935928345,1.625,1.4647552056572457,1,1,False,15,15.0,,,,,,high,unavailable
6bba_05db0fb1,6bba,29,30000478,31000502,24000.0,24790.0,31000502.0,24790.0,True,True,1.7235727791422095,1.625,True,correct,1,0,0,0.9091557264328003,1.625,1.7235727791422095,1,1,False,13,15.0,,,,,,medium_high,unavailable
6bba_05db0fb1,6bba,29,30000479,31000503,23982.0,24794.0,31000503.0,24794.0,True,True,1.7235727791422095,1.86167137607581,True,correct,1,0,0,0.9552745819091797,0.0,0.40625,1,1,False,17,15.0,,,,,,high,unavailable
6bba_05db0fb1,6bba,29,30000480,31000504,24053.0,24844.0,31000504.0,24844.0,True,True,1.9902104160113323,1.7235727791422095,True,correct,1,0,0,0.9337205290794373,2.8145825622994254,1.7235727791422095,1,1,False,13,15.0,,,,,,medium_high,unavailable
6bba_05db0fb1,6bba,29,30000481,31000505,24042.0,24839.0,31000505.0,24839.0,True,True,1.7235727791422095,1.6750116604071745,True,correct,1,0,0,0.9133714437484741,1.625,1.6750116604071745,1,1,False,17,15.0,,,,,,high,unavailable
6bba_05db0fb1,6bba,29,30000483,31000510,24207.0,25017.0,31000510.0,25017.0,True,True,0.40625,1.7235727791422095,True,correct,1,0,0,0.9096579551696777,0.0,1.6750116604071745,1,1,False,14,15.0,,,,,,high,unavailable
6bba_05db0fb1,6bba,29,30000487,31000506,24079.0,24902.0,31000506.0,24902.0,True,True,1.8168052317185792,0.8125,True,correct,1,0,0,0.9004729390144348,2.2980970388562794,1.1490485194281397,1,1,False,10,15.0,,,,,,medium_high,unavailable
6bba_05db0fb1,6bba,29,30000488,31000507,24089.0,24884.0,31000507.0,24884.0,True,True,0.40625,1.6750116604071745,True,correct,1,0,0,0.9539769887924194,1.625,0.5745242597140698,1,1,False,16,15.0,,,,,,high,unavailable
6bba_05db0fb1,6bba,29,30000489,31000508,24117.0,24911.0,31000508.0,24911.0,True,True,0.0,0.40625,True,correct,1,0,0,0.8766008615493774,2.2980970388562794,2.03125,1,1,False,15,15.0,,,,,,high,unavailable
6bba_05db0fb1,6bba,29,30000490,31000513,24271.0,25083.0,31000513.0,25083.0,True,True,1.4647552056572457,0.9084026158592896,True,correct,1,0,0,0.7795532941818237,1.625,0.8125,1,1,False,10,15.0,,,,,,medium_high,unavailable
6bba_05db0fb1,6bba,30,31000491,32000514,24337.0,25154.0,32000514.0,25154.0,True,True,5.6875,4.908737426772795,True,correct,1,0,0,0.5107188820838928,4.875,3.6787502123683256,1,1,False,6,15.0,,,,,,medium_low,unavailable
6bba_05db0fb1,6bba,30,31000492,32000517,24456.0,,,25248.0,True,True,0.40625,2.0714766773970688,False,missing_edge,0,0,1,,,7.141223306444072,0,0,False,13,15.0,,,,,,medium_high,unavailable
6bba_05db0fb1,6bba,30,31000493,32000518,24636.0,25435.0,32000518.0,25435.0,True,True,0.8125,2.368824207280903,True,correct,1,0,0,0.7360026836395264,6.080193253507654,6.423376497217021,1,1,False,14,15.0,,,,,,high,unavailable
6bba_05db0fb1,6bba,30,31000495,32000523,24781.0,25618.0,32000523.0,25618.0,True,True,1.86167137607581,0.0,True,correct,1,0,0,0.9334744811058044,3.25,2.9575446425202108,1,1,False,18,15.0,,,,,,high,unavailable
6bba_05db0fb1,6bba,30,31000497,32000519,24674.0,25502.0,32000519.0,25502.0,True,True,1.7235727791422095,0.40625,True,correct,1,0,0,0.7799816131591797,2.2980970388562794,2.1877232028983924,1,1,False,12,15.0,,,,,,medium_high,unavailable
6bba_05db0fb1,6bba,30,31000499,32000521,24749.0,25590.0,32000521.0,25590.0,True,True,0.40625,1.86167137607581,True,correct,1,0,0,0.8965105414390564,1.625,2.0714766773970688,1,1,False,15,15.0,,,,,,high,unavailable
6bba_05db0fb1,6bba,30,31000500,32000524,24803.0,25621.0,32000524.0,25621.0,True,True,1.284675299443404,1.7235727791422095,True,correct,1,0,0,0.6913093328475952,4.875,2.9295104113144914,1,1,False,10,15.0,,,,,,medium_high,unavailable
6bba_05db0fb1,6bba,30,31000502,32000526,24790.0,25607.0,32000526.0,25607.0,True,True,1.625,0.9084026158592896,True,correct,1,0,0,0.8502829670906067,1.625,0.9084026158592896,1,1,False,12,15.0,,,,,,medium_high,unavailable
6bba_05db0fb1,6bba,30,31000503,32000522,24794.0,25596.0,32000522.0,25596.0,True,True,1.86167137607581,1.21875,True,correct,1,0,0,0.9272355437278748,4.875,3.350023320814349,1,1,False,15,15.0,,,,,,high,unavailable
6bba_05db0fb1,6bba,30,31000504,32000528,24844.0,25697.0,32000528.0,25697.0,True,True,1.7235727791422095,1.625,True,correct,1,0,0,0.8762550950050354,2.8145825622994254,3.8540258983302125,1,1,False,12,15.0,,,,,,medium_high,unavailable
6bba_05db0fb1,6bba,30,31000505,32000527,24839.0,25661.0,32000527.0,25661.0,True,True,1.6750116604071745,0.8125,True,correct,1,0,0,0.7990220189094543,2.2980970388562794,3.5648292823780494,1,1,False,17,15.0,,,,,,high,unavailable
6bba_05db0fb1,6bba,30,31000506,32000530,24902.0,25721.0,32000530.0,25721.0,True,True,0.8125,0.9084026158592896,True,correct,1,0,0,0.9160582423210144,3.9804208320226646,4.685103554085011,1,1,False,9,15.0,,,,,,medium_low,unavailable
6bba_05db0fb1,6bba,30,31000507,32000529,24884.0,25714.0,32000529.0,25714.0,True,True,1.6750116604071745,1.6750116604071745,True,correct,1,0,0,0.8878887891769409,1.625,1.625,1,1,False,16,15.0,,,,,,high,unavailable
6bba_05db0fb1,6bba,30,31000508,32000531,24911.0,25753.0,32000531.0,25753.0,True,True,0.40625,0.9084026158592896,True,correct,1,0,0,0.8426984548568726,2.2980970388562794,1.7235727791422095,1,1,False,17,15.0,,,,,,high,unavailable
6bba_05db0fb1,6bba,30,31000510,32000533,25017.0,25840.0,32000533.0,25840.0,True,True,1.7235727791422095,1.6750116604071745,True,correct,1,0,0,0.890584409236908,3.9804208320226646,3.65625,1,1,False,16,15.0,,,,,,high,unavailable
6bba_05db0fb1,6bba,30,31000513,32000536,25083.0,25924.0,32000536.0,25924.0,True,True,0.9084026158592896,0.8125,True,correct,1,0,0,0.8210235834121704,3.6336104634371584,3.7454399357752353,1,1,False,9,15.0,,,,,,medium_low,unavailable
6bba_05db0fb1,6bba,31,32000517,33000538,25248.0,26061.0,33000538.0,26061.0,True,True,2.0714766773970688,1.86167137607581,True,correct,1,0,0,0.8984687328338623,3.6336104634371584,3.5648292823780494,1,1,False,8,15.0,,,,,,medium_low,unavailable
6bba_05db0fb1,6bba,31,32000518,33000539,25435.0,26260.0,33000539.0,26260.0,True,True,2.368824207280903,0.5745242597140698,True,correct,1,0,0,0.9686436653137207,1.625,1.9902104160113323,1,1,False,17,15.0,,,,,,high,unavailable
6bba_05db0fb1,6bba,31,32000519,33000540,25502.0,26335.0,33000540.0,26335.0,True,True,0.40625,1.8168052317185792,True,correct,1,0,0,0.7711687088012695,1.625,1.86167137607581,1,1,False,12,15.0,,,,,,medium_high,unavailable
6bba_05db0fb1,6bba,31,32000521,33000545,25590.0,26387.0,33000545.0,26387.0,True,True,1.86167137607581,2.03125,True,correct,1,0,0,0.9552897810935974,3.25,0.5745242597140698,1,1,False,16,15.0,,,,,,high,unavailable
6bba_05db0fb1,6bba,31,32000522,33000542,25596.0,26408.0,33000542.0,26408.0,True,True,1.21875,2.1877232028983924,True,correct,1,0,0,0.9382289052009583,2.2980970388562794,3.447145558284419,1,1,False,13,15.0,,,,,,medium_high,unavailable
6bba_05db0fb1,6bba,31,32000523,33000544,25618.0,26430.0,33000544.0,26430.0,True,True,0.0,0.5745242597140698,True,correct,1,0,0,0.9632781147956848,1.625,1.7235727791422095,1,1,False,17,15.0,,,,,,high,unavailable
6bba_05db0fb1,6bba,31,32000524,33000546,25621.0,26448.0,33000546.0,26448.0,True,True,1.7235727791422095,0.40625,True,correct,1,0,0,0.822380542755127,0.0,1.6750116604071745,1,1,False,9,15.0,,,,,,medium_low,unavailable
6bba_05db0fb1,6bba,31,32000526,33000548,25607.0,26439.0,33000548.0,26439.0,True,True,0.9084026158592896,1.86167137607581,True,correct,1,0,0,0.8314536213874817,2.2980970388562794,1.7235727791422095,1,1,False,11,15.0,,,,,,medium_high,unavailable
6bba_05db0fb1,6bba,31,32000527,33000549,25661.0,26475.0,33000549.0,26475.0,True,True,0.8125,1.9902104160113323,True,correct,1,0,0,0.9065393805503845,1.625,0.8125,1,1,False,17,15.0,,,,,,high,unavailable
6bba_05db0fb1,6bba,31,32000528,33000550,25697.0,26522.0,33000550.0,26522.0,True,True,1.625,2.0714766773970688,True,correct,1,0,0,0.9023100733757019,0.0,0.5745242597140698,1,1,False,14,15.0,,,,,,high,unavailable
6bba_05db0fb1,6bba,31,32000529,33000552,25714.0,26542.0,33000552.0,26542.0,True,True,1.6750116604071745,0.40625,True,correct,1,0,0,0.89206463098526,0.0,1.625,1,1,False,15,15.0,,,,,,high,unavailable
6bba_05db0fb1,6bba,31,32000530,33000551,25721.0,26549.0,33000551.0,26549.0,True,True,0.9084026158592896,2.03125,True,correct,1,0,0,0.9365240335464478,0.0,1.7235727791422095,1,1,False,11,15.0,,,,,,medium_high,unavailable
6bba_05db0fb1,6bba,31,32000531,33000554,25753.0,26576.0,33000554.0,26576.0,True,True,0.9084026158592896,0.40625,True,correct,1,0,0,0.9290428161621094,0.0,1.1490485194281397,1,1,False,17,15.0,,,,,,high,unavailable
6bba_05db0fb1,6bba,31,32000533,33000556,25840.0,26662.0,33000556.0,26662.0,True,True,1.6750116604071745,0.9084026158592896,True,correct,1,0,0,0.9338117837905884,2.2980970388562794,0.8125,1,1,False,14,15.0,,,,,,high,unavailable
6bba_05db0fb1,6bba,31,32000536,33000559,25924.0,26747.0,33000559.0,26747.0,True,True,0.8125,1.86167137607581,True,correct,1,0,0,0.8950373530387878,1.625,2.333728575156074,1,1,False,10,15.0,,,,,,medium_high,unavailable
6bba_05db0fb1,6bba,32,33000538,34000560,26061.0,26863.0,,26893.0,True,True,1.86167137607581,1.86167137607581,False,wrong_association,0,1,1,0.896095871925354,4.875,3.9804208320226646,1,1,False,13,15.0,,,,,,medium_high,unavailable
6bba_05db0fb1,6bba,32,33000539,34000561,26260.0,27091.0,34000561.0,27091.0,True,True,0.5745242597140698,0.9084026158592896,True,correct,1,0,0,0.9654509425163269,3.25,3.7454399357752353,1,1,False,16,15.0,,,,,,high,unavailable
6bba_05db0fb1,6bba,32,33000540,34000562,26335.0,27147.0,34000562.0,27147.0,True,True,1.8168052317185792,1.7235727791422095,True,correct,1,0,0,0.7925459146499634,2.2980970388562794,2.632800908728193,1,1,False,14,15.0,,,,,,high,unavailable
6bba_05db0fb1,6bba,32,33000542,34000564,26408.0,27200.0,34000564.0,27200.0,True,True,2.1877232028983924,1.7235727791422095,True,correct,1,0,0,0.820156455039978,4.875,4.318496736423452,1,1,False,13,15.0,,,,,,medium_high,unavailable
6bba_05db0fb1,6bba,32,33000544,34000566,26430.0,27237.0,34000566.0,27237.0,True,True,0.5745242597140698,1.7235727791422095,True,correct,1,0,0,0.9495706558227539,2.2980970388562794,1.8168052317185792,1,1,False,15,15.0,,,,,,high,unavailable
6bba_05db0fb1,6bba,32,33000545,34000565,26387.0,27227.0,34000565.0,27227.0,True,True,2.03125,0.8125,True,correct,1,0,0,0.85423743724823,2.2980970388562794,1.6750116604071745,1,1,False,16,15.0,,,,,,high,unavailable
6bba_05db0fb1,6bba,32,33000546,34000570,26448.0,27278.0,34000570.0,27278.0,True,True,0.40625,2.03125,True,correct,1,0,0,0.7747771143913269,2.8145825622994254,3.72334275215162,1,1,False,9,15.0,,,,,,medium_low,unavailable
6bba_05db0fb1,6bba,32,33000548,34000568,26439.0,27247.0,34000568.0,27247.0,True,True,1.86167137607581,0.9084026158592896,True,correct,1,0,0,0.9209500551223755,1.625,0.8125,1,1,False,12,15.0,,,,,,medium_high,unavailable
6bba_05db0fb1,6bba,32,33000549,34000569,26475.0,27298.0,34000569.0,27298.0,True,True,1.9902104160113323,0.8125,True,correct,1,0,0,0.8780336380004883,1.625,2.4375,1,1,False,16,15.0,,,,,,high,unavailable
6bba_05db0fb1,6bba,32,33000550,34000571,26522.0,27360.0,34000571.0,27360.0,True,True,2.0714766773970688,3.300390601883359,True,correct,1,0,0,0.8484319448471069,1.625,1.625,1,1,False,13,15.0,,,,,,medium_high,unavailable
6bba_05db0fb1,6bba,32,33000551,34000572,26549.0,27375.0,34000572.0,27375.0,True,True,2.03125,1.8168052317185792,True,correct,1,0,0,0.9484454393386841,2.2980970388562794,0.9084026158592896,1,1,False,8,15.0,,,,,,medium_low,unavailable
6bba_05db0fb1,6bba,32,33000552,34000573,26542.0,27366.0,34000573.0,27366.0,True,True,0.40625,1.7235727791422095,True,correct,1,0,0,0.8888916969299316,1.625,2.1877232028983924,1,1,False,12,15.0,,,,,,medium_high,unavailable
6bba_05db0fb1,6bba,32,33000554,34000574,26576.0,27390.0,34000574.0,27390.0,True,True,0.40625,0.8125,True,correct,1,0,0,0.8548957109451294,2.2980970388562794,2.333728575156074,1,1,False,15,15.0,,,,,,high,unavailable
6bba_05db0fb1,6bba,32,33000556,34000577,26662.0,27481.0,34000577.0,27481.0,True,True,0.9084026158592896,0.5745242597140698,True,correct,1,0,0,0.9487232565879822,2.2980970388562794,2.03125,1,1,False,15,15.0,,,,,,high,unavailable
6bba_05db0fb1,6bba,32,33000559,34000581,26747.0,27564.0,34000581.0,27564.0,True,True,1.86167137607581,0.9084026158592896,True,correct,1,0,0,0.8533579111099243,2.2980970388562794,1.7235727791422095,1,1,False,9,15.0,,,,,,medium_low,unavailable
6bba_05db0fb1,6bba,33,34000560,35000582,26893.0,27708.0,35000582.0,27708.0,True,True,1.86167137607581,2.1877232028983924,True,correct,1,0,0,0.7134737372398376,2.2980970388562794,1.625,1,1,False,12,15.0,,,,,,medium_high,unavailable
6bba_05db0fb1,6bba,33,34000561,35000583,27091.0,27905.0,35000583.0,27905.0,True,True,0.9084026158592896,1.6750116604071745,True,correct,1,0,0,0.980273962020874,1.625,2.0714766773970688,1,1,False,18,15.0,,,,,,high,unavailable
6bba_05db0fb1,6bba,33,34000562,35000584,27147.0,27960.0,35000584.0,27960.0,True,True,1.7235727791422095,3.374565944310468,True,correct,1,0,0,0.853460967540741,1.625,2.333728575156074,1,1,False,17,15.0,,,,,,high,unavailable
6bba_05db0fb1,6bba,33,34000564,35000589,27200.0,28010.0,35000589.0,28010.0,True,True,1.7235727791422095,0.40625,True,correct,1,0,0,0.9162746667861938,0.0,2.03125,1,1,False,15,15.0,,,,,,high,unavailable
6bba_05db0fb1,6bba,33,34000565,35000591,27227.0,28051.0,35000591.0,28051.0,True,True,0.8125,1.86167137607581,True,correct,1,0,0,0.9652489423751831,1.625,3.374565944310468,1,1,False,12,15.0,,,,,,medium_high,unavailable
6bba_05db0fb1,6bba,33,34000566,35000586,27237.0,28044.0,35000586.0,28044.0,True,True,1.7235727791422095,1.86167137607581,True,correct,1,0,0,0.9217116236686707,1.625,0.9084026158592896,1,1,False,16,15.0,,,,,,high,unavailable
6bba_05db0fb1,6bba,33,34000568,35000590,27247.0,28053.0,35000590.0,28053.0,True,True,0.9084026158592896,1.4647552056572457,True,correct,1,0,0,0.79237300157547,0.0,0.8125,1,1,False,15,15.0,,,,,,high,unavailable
6bba_05db0fb1,6bba,33,34000569,35000592,27298.0,28111.0,35000592.0,28111.0,True,True,0.8125,0.9084026158592896,True,correct,1,0,0,0.9343587160110474,1.625,1.4647552056572457,1,1,False,17,15.0,,,,,,high,unavailable
6bba_05db0fb1,6bba,33,34000570,35000594,27278.0,28098.0,35000594.0,28098.0,True,True,2.03125,1.284675299443404,True,correct,1,0,0,0.9060556292533875,0.0,1.6750116604071745,1,1,False,8,15.0,,,,,,medium_low,unavailable
6bba_05db0fb1,6bba,33,34000571,35000595,27360.0,28173.0,35000595.0,28173.0,True,True,3.300390601883359,2.8726212985703494,True,correct,1,0,0,0.93905109167099,2.2980970388562794,1.8168052317185792,1,1,False,14,15.0,,,,,,high,unavailable
6bba_05db0fb1,6bba,33,34000572,35000596,27375.0,28174.0,35000596.0,28174.0,True,True,1.8168052317185792,0.5745242597140698,True,correct,1,0,0,0.9639883041381836,2.2980970388562794,2.0714766773970688,1,1,False,10,15.0,,,,,,medium_high,unavailable
6bba_05db0fb1,6bba,33,34000573,35000597,27366.0,28180.0,35000597.0,28180.0,True,True,1.7235727791422095,1.4647552056572457,True,correct,1,0,0,0.8974547386169434,0.0,2.333728575156074,1,1,False,15,15.0,,,,,,high,unavailable
6bba_05db0fb1,6bba,33,34000574,35000598,27390.0,28199.0,35000598.0,28199.0,True,True,0.8125,0.9084026158592896,True,correct,1,0,0,0.8915254473686218,0.0,0.40625,1,1,False,17,15.0,,,,,,high,unavailable
6bba_05db0fb1,6bba,33,34000577,35000600,27481.0,28323.0,35000600.0,28323.0,True,True,0.5745242597140698,1.8168052317185792,True,correct,1,0,0,0.6822855472564697,3.6336104634371584,2.0714766773970688,1,1,False,14,15.0,,,,,,high,unavailable
6bba_05db0fb1,6bba,33,34000581,35000604,27564.0,,,28400.0,True,True,0.9084026158592896,6.9181882111576005,False,missing_edge,0,0,1,,,1.4647552056572457,0,0,False,9,15.0,,,,,,medium_low,unavailable
6bba_05db0fb1,6bba,34,35000582,36000605,27708.0,28520.0,36000605.0,28520.0,True,True,2.1877232028983924,2.1877232028983924,True,correct,1,0,0,0.9100143909454346,0.0,0.0,1,1,False,12,15.0,,,,,,medium_high,unavailable
6bba_05db0fb1,6bba,34,35000583,36000606,27905.0,28701.0,36000606.0,28701.0,True,True,1.6750116604071745,0.40625,True,correct,1,0,0,0.9700674414634705,1.625,0.0,1,1,False,17,15.0,,,,,,high,unavailable
6bba_05db0fb1,6bba,34,35000584,36000607,27960.0,28770.0,36000607.0,28770.0,True,True,3.374565944310468,3.374565944310468,True,correct,1,0,0,0.8019761443138123,0.0,0.0,1,1,False,16,15.0,,,,,,high,unavailable
6bba_05db0fb1,6bba,34,35000586,36000609,28044.0,28855.0,36000609.0,28855.0,True,True,1.86167137607581,1.86167137607581,True,correct,1,0,0,0.9371939897537231,0.0,0.0,1,1,False,16,15.0,,,,,,high,unavailable
6bba_05db0fb1,6bba,34,35000589,36000612,28010.0,28822.0,36000612.0,28822.0,True,True,0.40625,0.40625,True,correct,1,0,0,0.9455491900444031,0.0,0.0,1,1,False,14,15.0,,,,,,high,unavailable
6bba_05db0fb1,6bba,34,35000590,36000613,28053.0,28862.0,36000613.0,28862.0,True,True,1.4647552056572457,1.4647552056572457,True,correct,1,0,0,0.7700936794281006,0.0,0.0,1,1,False,15,15.0,,,,,,high,unavailable
6bba_05db0fb1,6bba,34,35000591,36000614,28051.0,28860.0,36000614.0,28860.0,True,True,1.86167137607581,1.86167137607581,True,correct,1,0,0,0.9758630990982056,0.0,0.0,1,1,False,12,15.0,,,,,,medium_high,unavailable
6bba_05db0fb1,6bba,34,35000592,36000615,28111.0,28923.0,36000615.0,28923.0,True,True,0.9084026158592896,0.9084026158592896,True,correct,1,0,0,0.9548693895339966,0.0,0.0,1,1,False,17,15.0,,,,,,high,unavailable
6bba_05db0fb1,6bba,34,35000594,36000617,28098.0,28910.0,36000617.0,28910.0,True,True,1.284675299443404,1.284675299443404,True,correct,1,0,0,0.9345249533653259,0.0,0.0,1,1,False,8,15.0,,,,,,medium_low,unavailable
6bba_05db0fb1,6bba,34,35000595,36000618,28173.0,28985.0,36000618.0,28985.0,True,True,2.8726212985703494,2.8726212985703494,True,correct,1,0,0,0.9427467584609985,0.0,0.0,1,1,False,15,15.0,,,,,,high,unavailable
6bba_05db0fb1,6bba,34,35000596,36000619,28174.0,28986.0,36000619.0,28986.0,True,True,0.5745242597140698,0.5745242597140698,True,correct,1,0,0,0.9534329175949097,0.0,0.0,1,1,False,10,15.0,,,,,,medium_high,unavailable
6bba_05db0fb1,6bba,34,35000597,36000620,28180.0,28980.0,36000620.0,28980.0,True,True,1.4647552056572457,1.86167137607581,True,correct,1,0,0,0.9215099215507507,2.8145825622994254,0.0,1,1,False,15,15.0,,,,,,high,unavailable
6bba_05db0fb1,6bba,34,35000598,36000621,28199.0,29010.0,36000621.0,29010.0,True,True,0.9084026158592896,0.9084026158592896,True,correct,1,0,0,0.9321024417877197,0.0,0.0,1,1,False,17,15.0,,,,,,high,unavailable
6bba_05db0fb1,6bba,34,35000600,36000623,28323.0,29131.0,36000623.0,29131.0,True,True,1.8168052317185792,1.8168052317185792,True,correct,1,0,0,0.8322826623916626,0.0,0.0,1,1,False,14,15.0,,,,,,high,unavailable
6bba_05db0fb1,6bba,34,35000604,36000627,28400.0,29210.0,36000627.0,29210.0,True,True,6.9181882111576005,6.9181882111576005,True,correct,1,0,0,0.7569146752357483,0.0,0.0,1,1,False,9,15.0,,,,,,medium_low,unavailable
6bba_05db0fb1,6bba,35,36000605,37000628,28520.0,29342.0,37000628.0,29342.0,True,True,2.1877232028983924,0.40625,True,correct,1,0,0,0.7954789400100708,3.6336104634371584,2.9295104113144914,1,1,False,13,15.0,,,,,,medium_high,unavailable
6bba_05db0fb1,6bba,35,36000606,37000629,28701.0,29520.0,37000629.0,29520.0,True,True,0.40625,0.5745242597140698,True,correct,1,0,0,0.9768059253692627,1.625,1.6750116604071745,1,1,False,15,15.0,,,,,,high,unavailable
6bba_05db0fb1,6bba,35,36000607,37000633,28770.0,29589.0,37000633.0,29589.0,True,True,3.374565944310468,1.6750116604071745,True,correct,1,0,0,0.6655427813529968,1.625,1.9902104160113323,1,1,False,15,15.0,,,,,,high,unavailable
6bba_05db0fb1,6bba,35,36000609,37000631,28855.0,29675.0,37000631.0,29675.0,True,True,1.86167137607581,0.5745242597140698,True,correct,1,0,0,0.9096971750259399,1.625,1.86167137607581,1,1,False,15,15.0,,,,,,high,unavailable
6bba_05db0fb1,6bba,35,36000612,37000635,28822.0,29611.0,37000635.0,29611.0,True,True,0.40625,0.5745242597140698,True,correct,1,0,0,0.9515106081962585,3.9804208320226646,3.832554834897995,1,1,False,15,15.0,,,,,,high,unavailable
6bba_05db0fb1,6bba,35,36000614,37000636,28860.0,29702.0,37000636.0,29702.0,True,True,1.86167137607581,0.5745242597140698,True,correct,1,0,0,0.9078721404075623,2.2980970388562794,0.40625,1,1,False,15,15.0,,,,,,high,unavailable
6bba_05db0fb1,6bba,35,36000615,37000639,28923.0,29741.0,37000639.0,29741.0,True,True,0.9084026158592896,0.9084026158592896,True,correct,1,0,0,0.8584778904914856,1.625,0.8125,1,1,False,16,15.0,,,,,,high,unavailable
6bba_05db0fb1,6bba,35,36000617,37000638,28910.0,29715.0,37000638.0,29715.0,True,True,1.284675299443404,2.0714766773970688,True,correct,1,0,0,0.9263560771942139,1.625,0.0,1,1,False,9,15.0,,,,,,medium_low,unavailable
6bba_05db0fb1,6bba,35,36000618,37000641,28985.0,29808.0,37000641.0,29808.0,True,True,2.8726212985703494,3.8540258983302125,True,correct,1,0,0,0.9353047609329224,0.0,1.1490485194281397,1,1,False,14,15.0,,,,,,high,unavailable
6bba_05db0fb1,6bba,35,36000619,37000640,28986.0,29797.0,37000640.0,29797.0,True,True,0.5745242597140698,1.86167137607581,True,correct,1,0,0,0.9416741132736206,2.2980970388562794,3.5648292823780494,1,1,False,10,15.0,,,,,,medium_high,unavailable
6bba_05db0fb1,6bba,35,36000620,37000642,28980.0,29801.0,37000642.0,29801.0,True,True,1.86167137607581,1.8168052317185792,True,correct,1,0,0,0.9253157377243042,0.0,1.6750116604071745,1,1,False,15,15.0,,,,,,high,unavailable
6bba_05db0fb1,6bba,35,36000621,37000643,29010.0,29821.0,37000643.0,29821.0,True,True,0.9084026158592896,1.8168052317185792,True,correct,1,0,0,0.8456431031227112,2.8145825622994254,3.832554834897995,1,1,False,14,15.0,,,,,,high,unavailable
6bba_05db0fb1,6bba,35,36000623,37000645,29131.0,29964.0,37000645.0,29964.0,True,True,1.8168052317185792,1.8168052317185792,True,correct,1,0,0,0.710475504398346,1.625,1.9902104160113323,1,1,False,13,15.0,,,,,,medium_high,unavailable
6bba_05db0fb1,6bba,35,36000627,37000651,29210.0,30028.0,,29999.0,True,True,6.9181882111576005,1.6750116604071745,False,wrong_association,0,1,1,0.7792098522186279,2.2980970388562794,1.4647552056572457,1,1,False,12,15.0,,,,,,medium_high,unavailable
6bba_05db0fb1,6bba,36,37000628,38000652,29342.0,30156.0,38000652.0,30156.0,True,True,0.40625,0.9084026158592896,True,correct,1,0,0,0.9308972954750061,1.625,1.8168052317185792,1,1,False,11,15.0,,,,,,medium_high,unavailable
6bba_05db0fb1,6bba,36,37000629,38000653,29520.0,30348.0,38000653.0,30348.0,True,True,0.5745242597140698,0.40625,True,correct,1,0,0,0.9407486915588379,1.625,1.21875,1,1,False,14,15.0,,,,,,high,unavailable
6bba_05db0fb1,6bba,36,37000631,38000655,29675.0,30501.0,38000655.0,30501.0,True,True,0.5745242597140698,1.284675299443404,True,correct,1,0,0,0.9496756792068481,0.0,0.8125,1,1,False,14,15.0,,,,,,high,unavailable
6bba_05db0fb1,6bba,36,37000633,38000657,29589.0,30399.0,38000657.0,30399.0,True,True,1.6750116604071745,0.8125,True,correct,1,0,0,0.7894132137298584,1.625,0.40625,1,1,False,13,15.0,,,,,,medium_high,unavailable
6bba_05db0fb1,6bba,36,37000635,38000659,29611.0,30430.0,38000659.0,30430.0,True,True,0.5745242597140698,1.86167137607581,True,correct,1,0,0,0.9409068822860718,0.0,1.86167137607581,1,1,False,17,15.0,,,,,,high,unavailable
6bba_05db0fb1,6bba,36,37000638,38000663,29715.0,30549.0,38000663.0,30549.0,True,True,2.0714766773970688,1.4647552056572457,True,correct,1,0,0,0.8947315216064453,1.625,0.40625,1,1,False,9,15.0,,,,,,medium_low,unavailable
6bba_05db0fb1,6bba,36,37000639,38000662,29741.0,30548.0,38000662.0,30548.0,True,True,0.9084026158592896,0.9084026158592896,True,correct,1,0,0,0.8316439390182495,1.625,2.0714766773970688,1,1,False,16,15.0,,,,,,high,unavailable
6bba_05db0fb1,6bba,36,37000640,38000664,29797.0,30620.0,38000664.0,30620.0,True,True,1.86167137607581,1.8168052317185792,True,correct,1,0,0,0.9457037448883057,0.0,1.4647552056572457,1,1,False,11,15.0,,,,,,medium_high,unavailable
6bba_05db0fb1,6bba,36,37000641,38000665,29808.0,30630.0,38000665.0,30630.0,True,True,3.8540258983302125,4.241374519244911,True,correct,1,0,0,0.9382940530776978,0.0,1.86167137607581,1,1,False,14,15.0,,,,,,high,unavailable
6bba_05db0fb1,6bba,36,37000642,38000666,29801.0,30626.0,38000666.0,30626.0,True,True,1.8168052317185792,2.333728575156074,True,correct,1,0,0,0.9469037652015686,0.0,0.9084026158592896,1,1,False,13,15.0,,,,,,medium_high,unavailable
6bba_05db0fb1,6bba,36,37000645,38000669,29964.0,30782.0,38000669.0,30782.0,True,True,1.8168052317185792,0.5745242597140698,True,correct,1,0,0,0.9614063501358032,0.0,1.7235727791422095,1,1,False,13,15.0,,,,,,medium_high,unavailable
6bba_05db0fb1,6bba,36,37000651,38000674,29999.0,30820.0,38000674.0,30820.0,True,True,1.6750116604071745,0.40625,True,correct,1,0,0,0.9148993492126465,0.0,1.625,1,1,False,14,15.0,,,,,,high,unavailable
6bba_05db0fb1,6bba,37,38000652,39000675,30156.0,30972.0,39000675.0,30972.0,True,True,0.9084026158592896,0.8125,True,correct,1,0,0,0.9099551439285278,1.625,0.9084026158592896,1,1,False,11,15.0,,,,,,medium_high,unavailable
6bba_05db0fb1,6bba,37,38000653,39000676,30348.0,31165.0,39000676.0,31165.0,True,True,0.40625,0.9084026158592896,True,correct,1,0,0,0.9047511219978333,1.625,1.284675299443404,1,1,False,13,15.0,,,,,,medium_high,unavailable
6bba_05db0fb1,6bba,37,38000655,39000678,30501.0,31299.0,39000678.0,31299.0,True,True,1.284675299443404,1.21875,True,correct,1,0,0,0.9554020762443542,2.8145825622994254,1.6750116604071745,1,1,False,14,15.0,,,,,,high,unavailable
6bba_05db0fb1,6bba,37,38000657,39000680,30399.0,31214.0,39000680.0,31214.0,True,True,0.8125,0.40625,True,correct,1,0,0,0.8148022890090942,0.0,0.9084026158592896,1,1,False,15,15.0,,,,,,high,unavailable
6bba_05db0fb1,6bba,37,38000659,39000682,30430.0,31238.0,39000682.0,31238.0,True,True,1.86167137607581,0.9084026158592896,True,correct,1,0,0,0.8717054128646851,2.8145825622994254,0.8125,1,1,False,15,15.0,,,,,,high,unavailable
6bba_05db0fb1,6bba,37,38000660,39000683,30478.0,31275.0,39000683.0,31275.0,True,True,1.8168052317185792,1.6750116604071745,True,correct,1,0,0,0.8695972561836243,1.625,1.86167137607581,1,1,False,13,15.0,,,,,,medium_high,unavailable
6bba_05db0fb1,6bba,37,38000662,39000684,30548.0,31345.0,39000684.0,31345.0,True,True,0.9084026158592896,0.40625,True,correct,1,0,0,0.8339306712150574,2.2980970388562794,1.7235727791422095,1,1,False,14,15.0,,,,,,high,unavailable
6bba_05db0fb1,6bba,37,38000663,39000686,30549.0,31361.0,39000686.0,31361.0,True,True,1.4647552056572457,1.284675299443404,True,correct,1,0,0,0.8806873559951782,1.625,0.40625,1,1,False,9,15.0,,,,,,medium_low,unavailable
6bba_05db0fb1,6bba,37,38000664,39000688,30620.0,31429.0,39000688.0,31429.0,True,True,1.8168052317185792,2.0714766773970688,True,correct,1,0,0,0.945729672908783,1.625,0.5745242597140698,1,1,False,10,15.0,,,,,,medium_high,unavailable
6bba_05db0fb1,6bba,37,38000665,39000687,30630.0,31442.0,,31404.0,True,True,4.241374519244911,5.525597394173774,False,wrong_association,0,1,1,0.8182046413421631,1.625,2.0714766773970688,1,1,False,16,15.0,,,,,,high,unavailable
6bba_05db0fb1,6bba,37,38000666,39000689,30626.0,31435.0,39000689.0,31435.0,True,True,2.333728575156074,1.7235727791422095,True,correct,1,0,0,0.847572386264801,2.2980970388562794,0.9084026158592896,1,1,False,14,15.0,,,,,,high,unavailable
6bba_05db0fb1,6bba,37,38000674,39000693,30820.0,31612.0,39000693.0,31612.0,True,True,0.40625,3.494694639736067,True,correct,1,0,0,0.6254424452781677,3.6336104634371584,1.4647552056572457,1,1,False,12,15.0,,,,,,medium_high,unavailable
6bba_05db0fb1,6bba,38,39000680,40000697,31214.0,31987.0,40000697.0,31987.0,True,True,0.40625,1.4647552056572457,True,correct,1,0,0,0.5489462614059448,8.75089281159357,8.325647497342175,1,1,False,16,15.0,,,,,,high,unavailable
6bba_05db0fb1,6bba,38,39000682,40000698,31238.0,32043.0,40000698.0,32043.0,True,True,0.9084026158592896,0.0,True,correct,1,0,0,0.640536904335022,5.3895152843275245,5.343384490423649,1,1,False,13,15.0,,,,,,medium_high,unavailable
6bba_05db0fb1,6bba,38,39000683,40000699,31275.0,32038.0,40000699.0,32038.0,True,True,1.6750116604071745,1.8168052317185792,True,correct,1,0,0,0.6555046439170837,10.017172754824587,6.809990937035085,1,1,False,14,15.0,,,,,,high,unavailable
6bba_05db0fb1,6bba,38,39000684,40000702,31345.0,,,32109.0,True,True,0.40625,0.5745242597140698,False,missing_edge,0,0,1,,,8.983546157420243,0,0,False,14,15.0,,,,,,high,unavailable
6bba_05db0fb1,6bba,38,39000686,40000704,31361.0,32153.0,40000704.0,32153.0,True,True,1.284675299443404,1.1490485194281397,True,correct,1,0,0,0.639402449131012,6.700046641628698,6.625736987309412,1,1,False,11,15.0,,,,,,medium_high,unavailable
6bba_05db0fb1,6bba,38,39000687,40000708,31404.0,,,32209.0,True,True,5.525597394173774,1.7235727791422095,False,missing_edge,0,0,1,,,4.958913218891817,0,0,False,16,15.0,,,,,,high,unavailable
6bba_05db0fb1,6bba,38,39000688,40000705,31429.0,,,32195.0,True,True,2.0714766773970688,1.4647552056572457,False,missing_edge,0,0,1,,,6.809990937035085,0,0,False,10,15.0,,,,,,medium_high,unavailable
6bba_05db0fb1,6bba,38,39000689,40000706,31435.0,32198.0,40000706.0,32198.0,True,True,1.7235727791422095,1.7235727791422095,True,correct,1,0,0,0.8551391363143921,8.443747686898277,8.52157189138248,1,1,False,17,15.0,,,,,,high,unavailable
6bba_05db0fb1,6bba,38,39000693,40000714,31612.0,32399.0,40000714.0,32399.0,True,True,3.494694639736067,1.6750116604071745,True,correct,1,0,0,0.7168321013450623,5.138701197773616,6.563169608695177,1,1,False,12,15.0,,,,,,medium_high,unavailable
6bba_05db0fb1,6bba,39,40000695,41000719,31899.0,32722.0,41000719.0,32722.0,True,True,0.40625,0.9084026158592896,True,correct,1,0,0,0.8739286661148071,6.080193253507654,6.214430032191206,1,1,False,13,15.0,,,,,,medium_high,unavailable
6bba_05db0fb1,6bba,39,40000697,41000724,31987.0,32807.0,41000724.0,32807.0,True,True,1.4647552056572457,0.40625,True,correct,1,0,0,0.7992925643920898,5.138701197773616,5.041429918683786,1,1,False,16,15.0,,,,,,high,unavailable
6bba_05db0fb1,6bba,39,40000698,41000726,32043.0,32869.0,41000726.0,32869.0,True,True,0.0,1.8168052317185792,True,correct,1,0,0,0.7326727509498596,6.894291116568838,5.202538442914189,1,1,False,13,15.0,,,,,,medium_high,unavailable
6bba_05db0fb1,6bba,39,40000699,41000725,32038.0,32852.0,41000725.0,32852.0,True,True,1.8168052317185792,0.5745242597140698,True,correct,1,0,0,0.7027984857559204,5.138701197773616,3.494694639736067,1,1,False,11,15.0,,,,,,medium_high,unavailable
6bba_05db0fb1,6bba,39,40000702,41000728,32109.0,32934.0,41000728.0,32934.0,True,True,0.5745242597140698,0.9084026158592896,True,correct,1,0,0,0.6950404047966003,5.138701197773616,5.090297909995052,1,1,False,13,15.0,,,,,,medium_high,unavailable
6bba_05db0fb1,6bba,39,40000704,41000730,32153.0,32990.0,41000730.0,32990.0,True,True,1.1490485194281397,0.5745242597140698,True,correct,1,0,0,0.659702718257904,6.5,6.5253412267099105,1,1,False,9,15.0,,,,,,medium_low,unavailable
6bba_05db0fb1,6bba,39,40000705,41000734,32195.0,33046.0,41000734.0,33046.0,True,True,1.4647552056572457,1.1490485194281397,True,correct,1,0,0,0.8637676239013672,8.285906709588275,8.215897794063652,1,1,False,10,15.0,,,,,,medium_high,unavailable
6bba_05db0fb1,6bba,39,40000706,41000733,32198.0,33029.0,41000733.0,33029.0,True,True,1.7235727791422095,1.86167137607581,True,correct,1,0,0,0.8003643155097961,6.700046641628698,6.662995408410545,1,1,False,16,15.0,,,,,,high,unavailable
6bba_05db0fb1,6bba,39,40000714,41000737,32399.0,33232.0,41000737.0,33232.0,True,True,1.6750116604071745,1.6750116604071745,True,correct,1,0,0,0.800782322883606,5.3895152843275245,5.202538442914189,1,1,False,9,15.0,,,,,,medium_low,unavailable
6bba_05db0fb1,6bba,40,41000718,42000742,32693.0,33488.0,42000742.0,33488.0,True,True,1.6750116604071745,0.8125,True,correct,1,0,0,0.8442978858947754,2.2980970388562794,3.374565944310468,1,1,False,13,15.0,,,,,,medium_high,unavailable
6bba_05db0fb1,6bba,40,41000719,42000743,32722.0,33520.0,42000743.0,33520.0,True,True,0.9084026158592896,1.86167137607581,True,correct,1,0,0,0.9033195972442627,2.2980970388562794,1.625,1,1,False,16,15.0,,,,,,high,unavailable
6bba_05db0fb1,6bba,40,41000724,42000748,32807.0,33606.0,42000748.0,33606.0,True,True,0.40625,1.7235727791422095,True,correct,1,0,0,0.8686238527297974,1.625,3.374565944310468,1,1,False,16,15.0,,,,,,high,unavailable
6bba_05db0fb1,6bba,40,41000725,42000750,32852.0,33662.0,42000750.0,33662.0,True,True,0.5745242597140698,0.8125,True,correct,1,0,0,0.795846700668335,1.625,1.284675299443404,1,1,False,12,15.0,,,,,,medium_high,unavailable
6bba_05db0fb1,6bba,40,41000726,42000749,32869.0,33676.0,42000749.0,33676.0,True,True,1.8168052317185792,3.65625,True,correct,1,0,0,0.9364951848983765,0.0,2.333728575156074,1,1,False,13,15.0,,,,,,medium_high,unavailable
6bba_05db0fb1,6bba,40,41000728,42000752,32934.0,33746.0,42000752.0,33746.0,True,True,0.9084026158592896,1.21875,True,correct,1,0,0,0.7964330315589905,2.2980970388562794,0.8125,1,1,False,14,15.0,,,,,,high,unavailable
6bba_05db0fb1,6bba,40,41000733,42000754,33029.0,33826.0,42000754.0,33826.0,True,True,1.86167137607581,1.86167137607581,True,correct,1,0,0,0.9599742293357849,2.2980970388562794,2.0714766773970688,1,1,False,18,15.0,,,,,,high,unavailable
6bba_05db0fb1,6bba,40,41000734,42000757,33046.0,33843.0,42000757.0,33843.0,True,True,1.1490485194281397,2.0714766773970688,True,correct,1,0,0,0.7409759759902954,2.2980970388562794,1.284675299443404,1,1,False,8,15.0,,,,,,medium_low,unavailable
6bba_05db0fb1,6bba,40,41000737,42000761,33232.0,34017.0,42000761.0,34017.0,True,True,1.6750116604071745,3.494694639736067,True,correct,1,0,0,0.7604442238807678,3.9804208320226646,2.03125,1,1,False,11,15.0,,,,,,medium_high,unavailable
6bba_05db0fb1,6bba,41,42000742,43000766,33488.0,34275.0,43000766.0,34275.0,True,True,0.8125,0.9084026158592896,True,correct,1,0,0,0.9384759068489075,0.0,1.4647552056572457,1,1,False,14,15.0,,,,,,high,unavailable
6bba_05db0fb1,6bba,41,42000743,43000768,33520.0,34305.0,43000768.0,34305.0,True,True,1.86167137607581,1.7235727791422095,True,correct,1,0,0,0.9467335939407349,1.625,1.21875,1,1,False,13,15.0,,,,,,medium_high,unavailable
6bba_05db0fb1,6bba,41,42000748,43000773,33606.0,34393.0,43000773.0,34393.0,True,True,1.7235727791422095,0.9084026158592896,True,correct,1,0,0,0.9179595112800598,1.625,1.6750116604071745,1,1,False,15,15.0,,,,,,high,unavailable
6bba_05db0fb1,6bba,41,42000749,43000774,33676.0,34455.0,43000774.0,34455.0,True,True,3.65625,1.6750116604071745,True,correct,1,0,0,0.8887785077095032,2.8145825622994254,1.625,1,1,False,13,15.0,,,,,,medium_high,unavailable
6bba_05db0fb1,6bba,41,42000750,43000775,33662.0,34432.0,43000775.0,34432.0,True,True,0.8125,1.6750116604071745,True,correct,1,0,0,0.8811401128768921,1.625,0.9084026158592896,1,1,False,13,15.0,,,,,,medium_high,unavailable
6bba_05db0fb1,6bba,41,42000752,43000780,33746.0,34519.0,43000780.0,34519.0,True,True,1.21875,0.9084026158592896,True,correct,1,0,0,0.9522607922554016,2.2980970388562794,1.8168052317185792,1,1,False,16,15.0,,,,,,high,unavailable
6bba_05db0fb1,6bba,41,42000754,43000784,33826.0,34621.0,43000784.0,34621.0,True,True,1.86167137607581,1.6750116604071745,True,correct,1,0,0,0.9266841411590576,1.625,0.5745242597140698,1,1,False,17,15.0,,,,,,high,unavailable
6bba_05db0fb1,6bba,41,42000757,43000787,33843.0,34632.0,43000787.0,34632.0,True,True,2.0714766773970688,0.40625,True,correct,1,0,0,0.9359346032142639,0.0,2.1877232028983924,1,1,False,9,15.0,,,,,,medium_low,unavailable
6bba_05db0fb1,6bba,41,42000761,43000789,34017.0,34813.0,43000789.0,34813.0,True,True,3.494694639736067,1.8168052317185792,True,correct,1,0,0,0.8540499806404114,2.2980970388562794,1.284675299443404,1,1,False,10,15.0,,,,,,medium_high,unavailable
6bba_05db0fb1,6bba,42,43000766,44000796,34275.0,35052.0,44000796.0,35052.0,True,True,0.9084026158592896,1.86167137607581,True,correct,1,0,0,0.9123415350914001,2.8145825622994254,0.5745242597140698,1,1,False,14,15.0,,,,,,high,unavailable
6bba_05db0fb1,6bba,42,43000768,44000797,34305.0,35086.0,44000797.0,35086.0,True,True,1.7235727791422095,0.40625,True,correct,1,0,0,0.9550012946128845,1.625,2.1877232028983924,1,1,False,16,15.0,,,,,,high,unavailable
6bba_05db0fb1,6bba,42,43000773,44000802,34393.0,35189.0,44000802.0,35189.0,True,True,0.9084026158592896,1.21875,True,correct,1,0,0,0.9007230997085571,1.625,1.9902104160113323,1,1,False,13,15.0,,,,,,medium_high,unavailable
6bba_05db0fb1,6bba,42,43000774,44000804,34455.0,35236.0,44000804.0,35236.0,True,True,1.6750116604071745,1.7235727791422095,True,correct,1,0,0,0.8403763175010681,0.0,0.40625,1,1,False,13,15.0,,,,,,medium_high,unavailable
6bba_05db0fb1,6bba,42,43000775,44000803,34432.0,35214.0,44000803.0,35214.0,True,True,1.6750116604071745,0.5745242597140698,True,correct,1,0,0,0.9013614654541016,1.625,1.86167137607581,1,1,False,14,15.0,,,,,,high,unavailable
6bba_05db0fb1,6bba,42,43000780,44000800,34519.0,35289.0,44000800.0,35289.0,True,True,0.9084026158592896,2.03125,True,correct,1,0,0,0.5738346576690674,2.8145825622994254,0.8125,1,1,False,15,15.0,,,,,,high,unavailable
6bba_05db0fb1,6bba,42,43000781,44000810,,,,35307.0,False,True,,0.0,False,source_node_missed,0,0,1,,,1.8168052317185792,0,0,False,15,15.0,,,,,,high,unavailable
6bba_05db0fb1,6bba,42,43000784,44000812,34621.0,35405.0,44000812.0,35405.0,True,True,1.6750116604071745,0.40625,True,correct,1,0,0,0.9613029360771179,0.0,1.7235727791422095,1,1,False,17,15.0,,,,,,high,unavailable
6bba_05db0fb1,6bba,42,43000789,44000818,34813.0,35590.0,44000818.0,35590.0,True,True,1.8168052317185792,1.1490485194281397,True,correct,1,0,0,0.8476516008377075,2.2980970388562794,3.350023320814349,1,1,False,11,15.0,,,,,,medium_high,unavailable
6bba_05db0fb1,6bba,43,44000796,45000821,35052.0,35845.0,45000821.0,35845.0,True,True,1.86167137607581,0.40625,True,correct,1,0,0,0.9346115589141846,1.625,3.040096626753827,1,1,False,14,15.0,,,,,,high,unavailable
6bba_05db0fb1,6bba,43,44000797,45000823,35086.0,35873.0,45000823.0,35873.0,True,True,0.40625,0.8125,True,correct,1,0,0,0.9508811831474304,2.2980970388562794,2.9575446425202108,1,1,False,17,15.0,,,,,,high,unavailable
6bba_05db0fb1,6bba,43,44000800,45000831,35289.0,36073.0,45000831.0,36073.0,True,True,2.03125,2.1877232028983924,True,correct,1,0,0,0.7202567458152771,2.2980970388562794,2.9295104113144914,1,1,False,15,15.0,,,,,,high,unavailable
6bba_05db0fb1,6bba,43,44000802,45000825,35189.0,35987.0,45000825.0,35987.0,True,True,1.21875,1.86167137607581,True,correct,1,0,0,0.8828046321868896,2.2980970388562794,1.9902104160113323,1,1,False,14,15.0,,,,,,high,unavailable
6bba_05db0fb1,6bba,43,44000803,45000826,35214.0,36009.0,45000826.0,36009.0,True,True,0.5745242597140698,0.9084026158592896,True,correct,1,0,0,0.7291730642318726,3.25,2.1877232028983924,1,1,False,15,15.0,,,,,,high,unavailable
6bba_05db0fb1,6bba,43,44000804,45000827,35236.0,36011.0,45000827.0,36011.0,True,True,1.7235727791422095,1.7235727791422095,True,correct,1,0,0,0.8910743594169617,2.2980970388562794,1.9902104160113323,1,1,False,10,15.0,,,,,,medium_high,unavailable
6bba_05db0fb1,6bba,43,44000810,45000832,35307.0,36100.0,45000832.0,36100.0,True,True,0.0,0.40625,True,correct,1,0,0,0.8604946732521057,0.0,0.40625,1,1,False,14,15.0,,,,,,high,unavailable
6bba_05db0fb1,6bba,43,44000812,45000834,35405.0,36168.0,45000834.0,36168.0,True,True,0.40625,1.8168052317185792,True,correct,1,0,0,0.9805364608764648,3.6336104634371584,2.9575446425202108,1,1,False,16,15.0,,,,,,high,unavailable
6bba_05db0fb1,6bba,43,44000818,45000841,35590.0,36379.0,45000841.0,36379.0,True,True,1.1490485194281397,1.7235727791422095,True,correct,1,0,0,0.9414826035499573,2.2980970388562794,2.632800908728193,1,1,False,9,15.0,,,,,,medium_low,unavailable
6bba_05db0fb1,6bba,44,45000821,46000844,35845.0,36612.0,46000844.0,36612.0,True,True,0.40625,0.0,True,correct,1,0,0,0.9440883994102478,2.8145825622994254,2.6012692214570947,1,1,False,13,15.0,,,,,,medium_high,unavailable
6bba_05db0fb1,6bba,44,45000823,46000845,35873.0,36656.0,46000845.0,36656.0,True,True,0.8125,1.7235727791422095,True,correct,1,0,0,0.8670476675033569,1.625,2.368824207280903,1,1,False,17,15.0,,,,,,high,unavailable
6bba_05db0fb1,6bba,44,45000825,46000849,35987.0,36768.0,46000849.0,36768.0,True,True,1.86167137607581,0.9084026158592896,True,correct,1,0,0,0.9143551588058472,0.0,1.7235727791422095,1,1,False,14,15.0,,,,,,high,unavailable
6bba_05db0fb1,6bba,44,45000826,46000852,36009.0,36810.0,46000852.0,36810.0,True,True,0.9084026158592896,1.6750116604071745,True,correct,1,0,0,0.7174623012542725,1.625,0.8125,1,1,False,15,15.0,,,,,,high,unavailable
6bba_05db0fb1,6bba,44,45000827,46000851,36011.0,36784.0,46000851.0,36784.0,True,True,1.7235727791422095,1.284675299443404,True,correct,1,0,0,0.8937243819236755,2.2980970388562794,1.1490485194281397,1,1,False,11,15.0,,,,,,medium_high,unavailable
6bba_05db0fb1,6bba,44,45000831,46000847,36073.0,36849.0,46000847.0,36849.0,True,True,2.1877232028983924,1.8168052317185792,True,correct,1,0,0,0.8468157052993774,2.2980970388562794,1.6750116604071745,1,1,False,13,15.0,,,,,,medium_high,unavailable
6bba_05db0fb1,6bba,44,45000832,46000855,36100.0,36871.0,46000855.0,36871.0,True,True,0.40625,2.0714766773970688,True,correct,1,0,0,0.950575053691864,1.625,1.4647552056572457,1,1,False,15,15.0,,,,,,high,unavailable
6bba_05db0fb1,6bba,44,45000834,46000856,36168.0,36957.0,46000856.0,36957.0,True,True,1.8168052317185792,1.86167137607581,True,correct,1,0,0,0.9604629874229431,0.0,0.40625,1,1,False,16,15.0,,,,,,high,unavailable
6bba_05db0fb1,6bba,44,45000841,46000862,36379.0,37158.0,46000862.0,37158.0,True,True,1.7235727791422095,0.40625,True,correct,1,0,0,0.924887478351593,1.625,3.2752922102462856,1,1,False,10,15.0,,,,,,medium_high,unavailable
6bba_05db0fb1,6bba,45,46000844,47000865,36612.0,37374.0,47000865.0,37374.0,True,True,0.0,1.625,True,correct,1,0,0,0.932871401309967,2.2980970388562794,1.625,1,1,False,14,15.0,,,,,,high,unavailable
6bba_05db0fb1,6bba,45,46000845,47000867,36656.0,37419.0,47000867.0,37419.0,True,True,1.7235727791422095,0.8125,True,correct,1,0,0,0.8666374087333679,2.8145825622994254,2.0714766773970688,1,1,False,18,15.0,,,,,,high,unavailable
6bba_05db0fb1,6bba,45,46000847,47000872,36849.0,37599.0,47000872.0,37599.0,True,True,1.8168052317185792,2.03125,True,correct,1,0,0,0.9049339294433594,2.2980970388562794,2.6012692214570947,1,1,False,12,15.0,,,,,,medium_high,unavailable
6bba_05db0fb1,6bba,45,46000849,47000868,36768.0,37538.0,47000868.0,37538.0,True,True,0.9084026158592896,0.9084026158592896,True,correct,1,0,0,0.8823788166046143,0.0,0.0,1,1,False,14,15.0,,,,,,high,unavailable
6bba_05db0fb1,6bba,45,46000851,47000870,36784.0,37566.0,47000870.0,37566.0,True,True,1.284675299443404,2.8726212985703494,True,correct,1,0,0,0.8428655862808228,2.2980970388562794,2.8145825622994254,1,1,False,11,15.0,,,,,,medium_high,unavailable
6bba_05db0fb1,6bba,45,46000852,47000869,36810.0,37563.0,47000869.0,37563.0,True,True,1.6750116604071745,1.7235727791422095,True,correct,1,0,0,0.6522613763809204,2.2980970388562794,2.03125,1,1,False,16,15.0,,,,,,high,unavailable
6bba_05db0fb1,6bba,45,46000855,47000874,36871.0,37640.0,47000874.0,37640.0,True,True,2.0714766773970688,0.9084026158592896,True,correct,1,0,0,0.9466963410377502,1.625,1.86167137607581,1,1,False,15,15.0,,,,,,high,unavailable
6bba_05db0fb1,6bba,45,46000856,47000875,36957.0,37705.0,47000875.0,37705.0,True,True,1.86167137607581,1.6750116604071745,True,correct,1,0,0,0.9517775774002075,3.6336104634371584,2.632800908728193,1,1,False,15,15.0,,,,,,high,unavailable
6bba_05db0fb1,6bba,45,46000859,47000881,37127.0,37890.0,47000881.0,37890.0,True,True,0.9084026158592896,1.8168052317185792,True,correct,1,0,0,0.9030994176864624,0.0,1.6750116604071745,1,1,False,13,15.0,,,,,,medium_high,unavailable
6bba_05db0fb1,6bba,45,46000860,47000883,37156.0,37929.0,47000883.0,37929.0,True,True,1.7235727791422095,0.8125,True,correct,1,0,0,0.9538664817810059,2.2980970388562794,0.5745242597140698,1,1,False,9,15.0,,,,,,medium_low,unavailable
6bba_05db0fb1,6bba,45,46000862,47000882,37158.0,37922.0,47000882.0,37922.0,True,True,0.40625,0.40625,True,correct,1,0,0,0.7993526458740234,0.0,0.0,1,1,False,13,15.0,,,,,,medium_high,unavailable
6bba_05db0fb1,6bba,46,47000865,48000886,37374.0,38131.0,48000886.0,38131.0,True,True,1.625,2.0714766773970688,True,correct,1,0,0,0.9620224833488464,2.8145825622994254,2.0714766773970688,1,1,False,13,15.0,,,,,,medium_high,unavailable
6bba_05db0fb1,6bba,46,47000866,48000887,37414.0,38160.0,48000887.0,38160.0,True,True,0.5745242597140698,2.0714766773970688,True,correct,1,0,0,0.8495540618896484,1.625,3.447145558284419,1,1,False,10,15.0,,,,,,medium_high,unavailable
6bba_05db0fb1,6bba,46,47000867,48000888,37419.0,38162.0,48000888.0,38162.0,True,True,0.8125,1.4647552056572457,True,correct,1,0,0,0.8486868143081665,2.2980970388562794,2.7252078475778685,1,1,False,15,15.0,,,,,,high,unavailable
6bba_05db0fb1,6bba,46,47000868,48000889,37538.0,38299.0,48000889.0,38299.0,True,True,0.9084026158592896,2.1877232028983924,True,correct,1,0,0,0.8305796980857849,0.0,1.7235727791422095,1,1,False,16,15.0,,,,,,high,unavailable
6bba_05db0fb1,6bba,46,47000869,48000890,37563.0,38315.0,48000890.0,38315.0,True,True,1.7235727791422095,1.7235727791422095,True,correct,1,0,0,0.7846807241439819,2.2980970388562794,1.9902104160113323,1,1,False,17,15.0,,,,,,high,unavailable
6bba_05db0fb1,6bba,46,47000872,48000892,37599.0,38367.0,48000892.0,38367.0,True,True,2.03125,1.7235727791422095,True,correct,1,0,0,0.9283197522163391,1.625,3.2752922102462856,1,1,False,13,15.0,,,,,,medium_high,unavailable
6bba_05db0fb1,6bba,46,47000873,48000894,37728.0,38474.0,,38431.0,True,True,4.021669817998489,1.8168052317185792,False,wrong_association,0,1,1,0.9357064366340637,1.625,3.494694639736067,1,1,False,14,15.0,,,,,,high,unavailable
6bba_05db0fb1,6bba,46,47000874,48000895,37640.0,38391.0,48000895.0,38391.0,True,True,0.9084026158592896,1.8168052317185792,True,correct,1,0,0,0.9583991169929504,2.2980970388562794,0.9084026158592896,1,1,False,14,15.0,,,,,,high,unavailable
6bba_05db0fb1,6bba,46,47000875,48000896,37705.0,38468.0,48000896.0,38468.0,True,True,1.6750116604071745,0.5745242597140698,True,correct,1,0,0,0.9760168194770813,0.0,1.86167137607581,1,1,False,16,15.0,,,,,,high,unavailable
6bba_05db0fb1,6bba,46,47000879,48000900,37786.0,38540.0,48000900.0,38540.0,True,True,0.9084026158592896,1.86167137607581,True,correct,1,0,0,0.9709553122520447,1.625,0.0,1,1,False,13,15.0,,,,,,medium_high,unavailable
6bba_05db0fb1,6bba,46,47000880,48000901,37790.0,38553.0,48000901.0,38553.0,True,True,0.8125,0.8125,True,correct,1,0,0,0.7806566953659058,1.625,0.0,1,1,False,15,15.0,,,,,,high,unavailable
6bba_05db0fb1,6bba,46,47000881,48000902,37890.0,38642.0,48000902.0,38642.0,True,True,1.8168052317185792,1.86167137607581,True,correct,1,0,0,0.8722209930419922,2.2980970388562794,1.86167137607581,1,1,False,14,15.0,,,,,,high,unavailable
6bba_05db0fb1,6bba,46,47000882,48000903,37922.0,38667.0,48000903.0,38667.0,True,True,0.40625,1.6750116604071745,True,correct,1,0,0,0.8804264068603516,3.6336104634371584,2.0714766773970688,1,1,False,12,15.0,,,,,,medium_high,unavailable
6bba_05db0fb1,6bba,46,47000883,48000904,37929.0,38676.0,48000904.0,38676.0,True,True,0.8125,1.6750116604071745,True,correct,1,0,0,0.9289164543151855,3.25,1.86167137607581,1,1,False,11,15.0,,,,,,medium_high,unavailable
6bba_05db0fb1,6bba,47,48000886,49000907,38131.0,38898.0,49000907.0,38898.0,True,True,2.0714766773970688,0.9084026158592896,True,correct,1,0,0,0.9746882915496826,0.0,2.1877232028983924,1,1,False,11,15.0,,,,,,medium_high,unavailable
6bba_05db0fb1,6bba,47,48000887,49000908,38160.0,38930.0,49000908.0,38930.0,True,True,2.0714766773970688,2.7252078475778685,True,correct,1,0,0,0.9045481085777283,0.0,0.9084026158592896,1,1,False,11,15.0,,,,,,medium_high,unavailable
6bba_05db0fb1,6bba,47,48000888,49000910,38162.0,38933.0,49000910.0,38933.0,True,True,1.4647552056572457,1.7235727791422095,True,correct,1,0,0,0.8074379563331604,1.625,1.6750116604071745,1,1,False,15,15.0,,,,,,high,unavailable
6bba_05db0fb1,6bba,47,48000889,49000911,38299.0,39057.0,49000911.0,39057.0,True,True,2.1877232028983924,0.0,True,correct,1,0,0,0.7260539531707764,2.2980970388562794,0.9084026158592896,1,1,False,13,15.0,,,,,,medium_high,unavailable
6bba_05db0fb1,6bba,47,48000890,49000912,38315.0,39083.0,49000912.0,39083.0,True,True,1.7235727791422095,1.86167137607581,True,correct,1,0,0,0.5939022898674011,1.625,1.4647552056572457,1,1,False,17,15.0,,,,,,high,unavailable
6bba_05db0fb1,6bba,47,48000892,49000913,38367.0,39122.0,49000913.0,39122.0,True,True,1.7235727791422095,0.9084026158592896,True,correct,1,0,0,0.8166486024856567,2.2980970388562794,1.4647552056572457,1,1,False,10,15.0,,,,,,medium_high,unavailable
6bba_05db0fb1,6bba,47,48000894,49000914,38431.0,39207.0,49000914.0,39207.0,True,True,1.8168052317185792,1.284675299443404,True,correct,1,0,0,0.7777915000915527,0.0,0.5745242597140698,1,1,False,14,15.0,,,,,,high,unavailable
6bba_05db0fb1,6bba,47,48000895,49000915,38391.0,39174.0,49000915.0,39174.0,True,True,1.8168052317185792,0.5745242597140698,True,correct,1,0,0,0.9549859166145325,2.8145825622994254,1.7235727791422095,1,1,False,14,15.0,,,,,,high,unavailable
6bba_05db0fb1,6bba,47,48000896,49000917,38468.0,39231.0,49000917.0,39231.0,True,True,0.5745242597140698,0.9084026158592896,True,correct,1,0,0,0.9176905155181885,2.2980970388562794,2.333728575156074,1,1,False,16,15.0,,,,,,high,unavailable
6bba_05db0fb1,6bba,47,48000900,49000921,38540.0,39325.0,49000921.0,39325.0,True,True,1.86167137607581,1.625,True,correct,1,0,0,0.9439039826393127,2.2980970388562794,0.9084026158592896,1,1,False,13,15.0,,,,,,medium_high,unavailable
6bba_05db0fb1,6bba,47,48000901,49000920,38553.0,39328.0,49000920.0,39328.0,True,True,0.8125,0.8125,True,correct,1,0,0,0.7642279863357544,1.625,1.1490485194281397,1,1,False,15,15.0,,,,,,high,unavailable
6bba_05db0fb1,6bba,47,48000902,49000922,38642.0,39412.0,49000922.0,39412.0,True,True,1.86167137607581,1.625,True,correct,1,0,0,0.8684283494949341,1.625,1.86167137607581,1,1,False,10,15.0,,,,,,medium_high,unavailable
6bba_05db0fb1,6bba,47,48000903,49000923,38667.0,39444.0,49000923.0,39444.0,True,True,1.6750116604071745,0.9084026158592896,True,correct,1,0,0,0.9161360263824463,0.0,2.0714766773970688,1,1,False,13,15.0,,,,,,medium_high,unavailable
6bba_05db0fb1,6bba,47,48000904,49000924,38676.0,39465.0,49000924.0,39465.0,True,True,1.6750116604071745,1.1490485194281397,True,correct,1,0,0,0.8381626009941101,3.6336104634371584,1.86167137607581,1,1,False,8,15.0,,,,,,medium_low,unavailable
6bba_05db0fb1,6bba,48,49000907,50000926,38898.0,39669.0,50000926.0,39669.0,True,True,0.9084026158592896,0.9084026158592896,True,correct,1,0,0,0.9492632746696472,2.2980970388562794,2.0714766773970688,1,1,False,9,15.0,,,,,,medium_low,unavailable
6bba_05db0fb1,6bba,48,49000908,50000928,38930.0,,,,True,False,2.7252078475778685,,False,target_node_missed,0,0,1,,,7.708051796660425,0,0,False,10,15.0,,,,,,medium_high,unavailable
6bba_05db0fb1,6bba,48,49000910,50000927,38933.0,,,39683.0,True,True,1.7235727791422095,6.625736987309412,False,missing_edge,0,0,1,,,3.447145558284419,0,0,False,10,15.0,,,,,,medium_high,unavailable
6bba_05db0fb1,6bba,48,49000911,50000930,39057.0,39845.0,50000930.0,39845.0,True,True,0.0,1.4647552056572457,True,correct,1,0,0,0.6076547503471375,2.2980970388562794,0.9084026158592896,1,1,False,13,15.0,,,,,,medium_high,unavailable
6bba_05db0fb1,6bba,48,49000912,50000931,39083.0,39858.0,50000931.0,39858.0,True,True,1.86167137607581,3.374565944310468,True,correct,1,0,0,0.7550070285797119,1.625,3.350023320814349,1,1,False,16,15.0,,,,,,high,unavailable
6bba_05db0fb1,6bba,48,49000913,50000933,39122.0,39909.0,50000933.0,39909.0,True,True,0.9084026158592896,0.5745242597140698,True,correct,1,0,0,0.9052284359931946,1.625,0.9084026158592896,1,1,False,9,15.0,,,,,,medium_low,unavailable
6bba_05db0fb1,6bba,48,49000914,50000934,39207.0,39957.0,50000934.0,39957.0,True,True,1.284675299443404,2.8145825622994254,True,correct,1,0,0,0.7815870642662048,3.6336104634371584,1.7235727791422095,1,1,False,14,15.0,,,,,,high,unavailable
6bba_05db0fb1,6bba,48,49000915,50000935,39174.0,39959.0,50000935.0,39959.0,True,True,0.5745242597140698,0.9084026158592896,True,correct,1,0,0,0.9515124559402466,0.0,0.9084026158592896,1,1,False,12,15.0,,,,,,medium_high,unavailable
6bba_05db0fb1,6bba,48,49000916,50000936,39189.0,39974.0,50000936.0,39974.0,True,True,3.7454399357752353,4.5420130792964475,True,correct,1,0,0,0.7150099277496338,0.0,0.8125,1,1,False,12,15.0,,,,,,medium_high,unavailable
6bba_05db0fb1,6bba,48,49000917,50000937,39231.0,40009.0,50000937.0,40009.0,True,True,0.9084026158592896,0.5745242597140698,True,correct,1,0,0,0.9620566964149475,0.0,0.40625,1,1,False,16,15.0,,,,,,high,unavailable
6bba_05db0fb1,6bba,48,49000920,50000943,39328.0,40114.0,50000943.0,40114.0,True,True,0.8125,0.8125,True,correct,1,0,0,0.7259548306465149,0.0,1.1490485194281397,1,1,False,14,15.0,,,,,,high,unavailable
6bba_05db0fb1,6bba,48,49000921,50000942,39325.0,40091.0,50000942.0,40091.0,True,True,1.625,0.8125,True,correct,1,0,0,0.9190757870674133,1.625,2.9295104113144914,1,1,False,10,15.0,,,,,,medium_high,unavailable
6bba_05db0fb1,6bba,48,49000922,50000940,39412.0,40198.0,50000940.0,40198.0,True,True,1.625,1.6750116604071745,True,correct,1,0,0,0.8082766532897949,1.625,1.6750116604071745,1,1,False,12,15.0,,,,,,medium_high,unavailable
6bba_05db0fb1,6bba,48,49000923,50000944,39444.0,40218.0,50000944.0,40218.0,True,True,0.9084026158592896,1.1490485194281397,True,correct,1,0,0,0.8623511791229248,2.8145825622994254,2.6012692214570947,1,1,False,14,15.0,,,,,,high,unavailable
6bba_05db0fb1,6bba,48,49000924,50000945,39465.0,40241.0,50000945.0,40241.0,True,True,1.1490485194281397,1.86167137607581,True,correct,1,0,0,0.8847469687461853,3.9804208320226646,3.471001521535247,1,1,False,6,15.0,,,,,,medium_low,unavailable
6bba_05db0fb1,6bba,49,50000926,51000947,39669.0,40441.0,51000947.0,40441.0,True,True,0.9084026158592896,0.9084026158592896,True,correct,1,0,0,0.955403745174408,0.0,0.0,1,1,False,9,15.0,,,,,,medium_low,unavailable
6bba_05db0fb1,6bba,49,50000927,51000948,39683.0,40455.0,51000948.0,40455.0,True,True,6.625736987309412,6.625736987309412,True,correct,1,0,0,0.7983101606369019,0.0,0.0,1,1,False,10,15.0,,,,,,medium_high,unavailable
6bba_05db0fb1,6bba,49,50000928,51000949,,,,,False,False,,,False,source_node_missed,0,0,1,,,0.0,0,0,False,9,15.0,,,,,,medium_low,unavailable
6bba_05db0fb1,6bba,49,50000929,51000950,39806.0,40577.0,51000950.0,40577.0,True,True,1.86167137607581,1.86167137607581,True,correct,1,0,0,0.8316940069198608,0.0,0.0,1,1,False,12,15.0,,,,,,medium_high,unavailable
6bba_05db0fb1,6bba,49,50000930,51000951,39845.0,40614.0,51000951.0,40614.0,True,True,1.4647552056572457,1.4647552056572457,True,correct,1,0,0,0.718583881855011,0.0,0.0,1,1,False,12,15.0,,,,,,medium_high,unavailable
6bba_05db0fb1,6bba,49,50000931,51000952,39858.0,40627.0,51000952.0,40627.0,True,True,3.374565944310468,3.374565944310468,True,correct,1,0,0,0.8204320669174194,0.0,0.0,1,1,False,16,15.0,,,,,,high,unavailable
6bba_05db0fb1,6bba,49,50000933,51000954,39909.0,40662.0,51000954.0,40662.0,True,True,0.5745242597140698,1.7235727791422095,True,correct,1,0,0,0.8718276619911194,1.625,0.0,1,1,False,9,15.0,,,,,,medium_low,unavailable
6bba_05db0fb1,6bba,49,50000934,51000955,39957.0,40727.0,51000955.0,40727.0,True,True,2.8145825622994254,2.8145825622994254,True,correct,1,0,0,0.7621399164199829,0.0,0.0,1,1,False,13,15.0,,,,,,medium_high,unavailable
6bba_05db0fb1,6bba,49,50000935,51000956,39959.0,40729.0,51000956.0,40729.0,True,True,0.9084026158592896,0.9084026158592896,True,correct,1,0,0,0.9537116289138794,0.0,0.0,1,1,False,12,15.0,,,,,,medium_high,unavailable
6bba_05db0fb1,6bba,49,50000936,51000957,39974.0,40741.0,51000957.0,40741.0,True,True,4.5420130792964475,4.5420130792964475,True,correct,1,0,0,0.8587965369224548,0.0,0.0,1,1,False,12,15.0,,,,,,medium_high,unavailable
6bba_05db0fb1,6bba,49,50000937,51000958,40009.0,40775.0,51000958.0,40775.0,True,True,0.5745242597140698,0.5745242597140698,True,correct,1,0,0,0.9710882306098938,0.0,0.0,1,1,False,16,15.0,,,,,,high,unavailable
6bba_05db0fb1,6bba,49,50000940,51000961,40198.0,40963.0,51000961.0,40963.0,True,True,1.6750116604071745,1.6750116604071745,True,correct,1,0,0,0.8834154009819031,0.0,0.0,1,1,False,12,15.0,,,,,,medium_high,unavailable
6bba_05db0fb1,6bba,49,50000942,51000963,40091.0,40860.0,51000963.0,40860.0,True,True,0.8125,0.8125,True,correct,1,0,0,0.9291659593582153,0.0,0.0,1,1,False,10,15.0,,,,,,medium_high,unavailable
6bba_05db0fb1,6bba,49,50000943,51000964,40114.0,40893.0,51000964.0,40893.0,True,True,0.8125,1.8168052317185792,True,correct,1,0,0,0.8294724225997925,1.625,0.0,1,1,False,14,15.0,,,,,,high,unavailable
6bba_05db0fb1,6bba,49,50000944,51000965,40218.0,40983.0,51000965.0,40983.0,True,True,1.1490485194281397,1.1490485194281397,True,correct,1,0,0,0.8136820793151855,0.0,0.0,1,1,False,13,15.0,,,,,,medium_high,unavailable
6bba_05db0fb1,6bba,49,50000945,51000966,40241.0,41007.0,51000966.0,41007.0,True,True,1.86167137607581,1.86167137607581,True,correct,1,0,0,0.9481756091117859,0.0,0.0,1,1,False,6,15.0,,,,,,medium_low,unavailable
6bba_05db0fb1,6bba,50,51000947,52000970,40441.0,41210.0,52000970.0,41210.0,True,True,0.9084026158592896,0.40625,True,correct,1,0,0,0.9292166233062744,3.25,3.093907824257213,1,1,False,10,15.0,,,,,,medium_high,unavailable
6bba_05db0fb1,6bba,50,51000948,52000969,40455.0,41215.0,,41188.0,True,True,6.625736987309412,2.1877232028983924,False,wrong_association,0,1,1,0.5119537115097046,4.875,7.187296192762616,1,1,False,14,15.0,,,,,,high,unavailable
6bba_05db0fb1,6bba,50,51000949,52000971,,,,41327.0,False,True,,6.953879874753374,False,source_node_missed,0,0,1,,,3.494694639736067,0,0,False,12,15.0,,,,,,medium_high,unavailable
6bba_05db0fb1,6bba,50,51000950,52000972,40577.0,41333.0,52000972.0,41333.0,True,True,1.86167137607581,1.6750116604071745,True,correct,1,0,0,0.7868413925170898,4.875,4.487177913232324,1,1,False,9,15.0,,,,,,medium_low,unavailable
6bba_05db0fb1,6bba,50,51000951,52000973,40614.0,41379.0,52000973.0,41379.0,True,True,1.4647552056572457,1.7235727791422095,True,correct,1,0,0,0.6912549138069153,2.2980970388562794,1.4647552056572457,1,1,False,14,15.0,,,,,,high,unavailable
6bba_05db0fb1,6bba,50,51000952,52000974,40627.0,41367.0,52000974.0,41367.0,True,True,3.374565944310468,0.40625,True,correct,1,0,0,0.8598671555519104,2.8145825622994254,2.4375,1,1,False,15,15.0,,,,,,high,unavailable
6bba_05db0fb1,6bba,50,51000955,52000979,40727.0,41476.0,52000979.0,41476.0,True,True,2.8145825622994254,2.0714766773970688,True,correct,1,0,0,0.6500445008277893,0.0,2.632800908728193,1,1,False,13,15.0,,,,,,medium_high,unavailable
6bba_05db0fb1,6bba,50,51000956,52000980,40729.0,41490.0,52000980.0,41490.0,True,True,0.9084026158592896,0.5745242597140698,True,correct,1,0,0,0.8579612374305725,3.6336104634371584,2.6012692214570947,1,1,False,12,15.0,,,,,,medium_high,unavailable
6bba_05db0fb1,6bba,50,51000957,52000981,40741.0,41472.0,,41553.0,True,True,4.5420130792964475,3.917733121653388,False,wrong_association,0,1,1,0.8067585229873657,2.2980970388562794,5.202538442914189,1,1,False,11,15.0,,,,,,medium_high,unavailable
6bba_05db0fb1,6bba,50,51000958,52000976,40775.0,41516.0,52000976.0,41516.0,True,True,0.5745242597140698,1.6750116604071745,True,correct,1,0,0,0.9589760899543762,3.9804208320226646,2.9575446425202108,1,1,False,16,15.0,,,,,,high,unavailable
6bba_05db0fb1,6bba,50,51000961,52000983,40963.0,41710.0,52000983.0,41710.0,True,True,1.6750116604071745,1.8168052317185792,True,correct,1,0,0,0.9060132503509521,1.625,2.03125,1,1,False,11,15.0,,,,,,medium_high,unavailable
6bba_05db0fb1,6bba,50,51000963,52000986,40860.0,41610.0,52000986.0,41610.0,True,True,0.8125,0.40625,True,correct,1,0,0,0.9106132984161377,2.2980970388562794,1.6750116604071745,1,1,False,12,15.0,,,,,,medium_high,unavailable
6bba_05db0fb1,6bba,50,51000964,52000987,40893.0,41623.0,52000987.0,41623.0,True,True,1.8168052317185792,1.7235727791422095,True,correct,1,0,0,0.7761473655700684,2.8145825622994254,2.8726212985703494,1,1,False,14,15.0,,,,,,high,unavailable
6bba_05db0fb1,6bba,50,51000965,52000988,40983.0,41714.0,52000988.0,41714.0,True,True,1.1490485194281397,3.494694639736067,True,correct,1,0,0,0.67487633228302,3.6336104634371584,2.8726212985703494,1,1,False,9,15.0,,,,,,medium_low,unavailable
6bba_05db0fb1,6bba,50,51000966,52000989,41007.0,,,41706.0,True,True,1.86167137607581,1.8168052317185792,False,missing_edge,0,0,1,,,9.165417765301264,0,0,False,12,15.0,,,,,,medium_high,unavailable
6bba_05db0fb1,6bba,51,52000969,53000990,41188.0,41908.0,53000990.0,41908.0,True,True,2.1877232028983924,0.40625,True,correct,1,0,0,0.4896060824394226,5.138701197773616,6.989389279472134,1,1,False,14,15.0,,,,,,high,unavailable
6bba_05db0fb1,6bba,51,52000970,53000991,41210.0,41940.0,53000991.0,41940.0,True,True,0.40625,0.40625,True,correct,1,0,0,0.9329696297645569,3.6336104634371584,3.6336104634371584,1,1,False,10,15.0,,,,,,medium_high,unavailable
6bba_05db0fb1,6bba,51,52000971,53000994,41327.0,42054.0,,42085.0,True,True,6.953879874753374,6.809990937035085,False,wrong_association,0,1,1,0.5000185370445251,3.6336104634371584,4.021669817998489,1,1,False,16,15.0,,,,,,high,unavailable
6bba_05db0fb1,6bba,51,52000972,53000995,41333.0,42074.0,53000995.0,42074.0,True,True,1.6750116604071745,1.8168052317185792,True,correct,1,0,0,0.8789423108100891,2.8145825622994254,4.394265616971737,1,1,False,9,15.0,,,,,,medium_low,unavailable
6bba_05db0fb1,6bba,51,52000973,53000997,41379.0,42149.0,53000997.0,42149.0,True,True,1.7235727791422095,1.6750116604071745,True,correct,1,0,0,0.8625488877296448,2.2980970388562794,3.5648292823780494,1,1,False,13,15.0,,,,,,medium_high,unavailable
6bba_05db0fb1,6bba,51,52000974,53000996,41367.0,42126.0,53000996.0,42126.0,True,True,0.40625,0.5745242597140698,True,correct,1,0,0,0.8121350407600403,1.625,1.6750116604071745,1,1,False,15,15.0,,,,,,high,unavailable
6bba_05db0fb1,6bba,51,52000976,53001003,41516.0,42285.0,53001003.0,42285.0,True,True,1.6750116604071745,1.86167137607581,True,correct,1,0,0,0.941683292388916,2.2980970388562794,2.0714766773970688,1,1,False,16,15.0,,,,,,high,unavailable
6bba_05db0fb1,6bba,51,52000979,53001001,41476.0,42269.0,53001001.0,42269.0,True,True,2.0714766773970688,2.4375,True,correct,1,0,0,0.5171478986740112,3.6336104634371584,2.0714766773970688,1,1,False,12,15.0,,,,,,medium_high,unavailable
6bba_05db0fb1,6bba,51,52000980,53001002,41490.0,42249.0,53001002.0,42249.0,True,True,0.5745242597140698,0.9084026158592896,True,correct,1,0,0,0.914301872253418,0.0,1.4647552056572457,1,1,False,10,15.0,,,,,,medium_high,unavailable
6bba_05db0fb1,6bba,51,52000981,53001004,41553.0,42299.0,53001004.0,42299.0,True,True,3.917733121653388,3.65625,True,correct,1,0,0,0.716292679309845,2.8145825622994254,1.8168052317185792,1,1,False,10,15.0,,,,,,medium_high,unavailable
6bba_05db0fb1,6bba,51,52000983,53001006,41710.0,42448.0,53001006.0,42448.0,True,True,1.8168052317185792,1.6750116604071745,True,correct,1,0,0,0.9086760878562927,2.2980970388562794,2.1877232028983924,1,1,False,11,15.0,,,,,,medium_high,unavailable
6bba_05db0fb1,6bba,51,52000985,53001008,41596.0,42349.0,53001008.0,42349.0,True,True,1.4647552056572457,0.9084026158592896,True,correct,1,0,0,0.9304156303405762,1.625,1.284675299443404,1,1,False,10,15.0,,,,,,medium_high,unavailable
6bba_05db0fb1,6bba,51,52000986,53001009,41610.0,42379.0,53001009.0,42379.0,True,True,0.40625,2.03125,True,correct,1,0,0,0.8745530843734741,2.8145825622994254,1.8168052317185792,1,1,False,11,15.0,,,,,,medium_high,unavailable
6bba_05db0fb1,6bba,51,52000987,53001010,41623.0,42381.0,53001010.0,42381.0,True,True,1.7235727791422095,0.5745242597140698,True,correct,1,0,0,0.8086429238319397,0.0,1.9902104160113323,1,1,False,14,15.0,,,,,,high,unavailable
6bba_05db0fb1,6bba,51,52000988,53001011,41714.0,,,42416.0,True,True,3.494694639736067,6.822097597147082,False,missing_edge,0,0,1,,,3.350023320814349,0,0,False,10,15.0,,,,,,medium_high,unavailable
6bba_05db0fb1,6bba,51,52000989,53001012,41706.0,42456.0,53001012.0,42456.0,True,True,1.8168052317185792,0.9084026158592896,True,correct,1,0,0,0.8981616497039795,1.625,1.86167137607581,1,1,False,11,15.0,,,,,,medium_high,unavailable
6bba_05db0fb1,6bba,52,53000990,54001013,41908.0,42652.0,54001013.0,42652.0,True,True,0.40625,1.8168052317185792,True,correct,1,0,0,0.662222146987915,1.625,2.03125,1,1,False,14,15.0,,,,,,high,unavailable
6bba_05db0fb1,6bba,52,53000991,54001014,41940.0,42674.0,54001014.0,42674.0,True,True,0.40625,0.9084026158592896,True,correct,1,0,0,0.93632572889328,2.8145825622994254,2.0714766773970688,1,1,False,8,15.0,,,,,,medium_low,unavailable
6bba_05db0fb1,6bba,52,53000994,54001017,42085.0,42812.0,54001017.0,42812.0,True,True,6.809990937035085,6.5253412267099105,True,correct,1,0,0,0.9090194702148438,2.2980970388562794,2.03125,1,1,False,15,15.0,,,,,,high,unavailable
6bba_05db0fb1,6bba,52,53000995,54001018,42074.0,42799.0,54001018.0,42799.0,True,True,1.8168052317185792,1.9902104160113323,True,correct,1,0,0,0.9007877111434937,2.2980970388562794,0.8125,1,1,False,9,15.0,,,,,,medium_low,unavailable
6bba_05db0fb1,6bba,52,53000996,54001019,42126.0,42848.0,54001019.0,42848.0,True,True,0.5745242597140698,1.7235727791422095,True,correct,1,0,0,0.624257504940033,2.2980970388562794,3.350023320814349,1,1,False,18,15.0,,,,,,high,unavailable
6bba_05db0fb1,6bba,52,53000997,54001021,42149.0,42876.0,54001021.0,42876.0,True,True,1.6750116604071745,1.284675299443404,True,correct,1,0,0,0.8847547173500061,1.625,1.86167137607581,1,1,False,16,15.0,,,,,,high,unavailable
6bba_05db0fb1,6bba,52,53001001,54001024,42269.0,42996.0,54001024.0,42996.0,True,True,2.4375,2.2980970388562794,True,correct,1,0,0,0.792549192905426,1.625,0.8125,1,1,False,15,15.0,,,,,,high,unavailable
6bba_05db0fb1,6bba,52,53001002,54001025,42249.0,42998.0,54001025.0,42998.0,True,True,0.9084026158592896,1.6750116604071745,True,correct,1,0,0,0.9037699103355408,1.625,1.7235727791422095,1,1,False,11,15.0,,,,,,medium_high,unavailable
6bba_05db0fb1,6bba,52,53001003,54001026,42285.0,43015.0,54001026.0,43015.0,True,True,1.86167137607581,0.5745242597140698,True,correct,1,0,0,0.9736316800117493,1.625,0.40625,1,1,False,16,15.0,,,,,,high,unavailable
6bba_05db0fb1,6bba,52,53001004,54001027,42299.0,43031.0,54001027.0,43031.0,True,True,3.65625,2.0714766773970688,True,correct,1,0,0,0.6601205468177795,1.625,0.40625,1,1,False,12,15.0,,,,,,medium_high,unavailable
6bba_05db0fb1,6bba,52,53001006,54001029,42448.0,43191.0,54001029.0,43191.0,True,True,1.6750116604071745,1.6750116604071745,True,correct,1,0,0,0.8939067721366882,0.0,0.5745242597140698,1,1,False,11,15.0,,,,,,medium_high,unavailable
6bba_05db0fb1,6bba,52,53001008,54001030,42349.0,43094.0,54001030.0,43094.0,True,True,0.9084026158592896,0.0,True,correct,1,0,0,0.9287945628166199,1.625,0.9084026158592896,1,1,False,10,15.0,,,,,,medium_high,unavailable
6bba_05db0fb1,6bba,52,53001009,54001031,42379.0,43091.0,54001031.0,43091.0,True,True,2.03125,2.0714766773970688,True,correct,1,0,0,0.913013756275177,3.6336104634371584,0.9084026158592896,1,1,False,10,15.0,,,,,,medium_high,unavailable
6bba_05db0fb1,6bba,52,53001010,54001032,42381.0,43111.0,54001032.0,43111.0,True,True,0.5745242597140698,0.9084026158592896,True,correct,1,0,0,0.8562478423118591,2.2980970388562794,1.6750116604071745,1,1,False,15,15.0,,,,,,high,unavailable
6bba_05db0fb1,6bba,52,53001012,54001034,42456.0,43189.0,54001034.0,43189.0,True,True,0.9084026158592896,1.7235727791422095,True,correct,1,0,0,0.9550273418426514,1.625,0.9084026158592896,1,1,False,11,15.0,,,,,,medium_high,unavailable
6bba_05db0fb1,6bba,53,54001013,55001035,42652.0,43380.0,55001035.0,43380.0,True,True,1.8168052317185792,1.9902104160113323,True,correct,1,0,0,0.521228015422821,2.8145825622994254,2.4375,1,1,False,13,15.0,,,,,,medium_high,unavailable
6bba_05db0fb1,6bba,53,54001014,55001037,42674.0,43416.0,55001037.0,43416.0,True,True,0.9084026158592896,0.40625,True,correct,1,0,0,0.9530377984046936,0.0,0.5745242597140698,1,1,False,8,15.0,,,,,,medium_low,unavailable
6bba_05db0fb1,6bba,53,54001017,55001038,42812.0,43559.0,55001038.0,43559.0,True,True,6.5253412267099105,6.550584420492571,True,correct,1,0,0,0.8432712554931641,1.625,2.0714766773970688,1,1,False,15,15.0,,,,,,high,unavailable
6bba_05db0fb1,6bba,53,54001018,55001039,42799.0,43545.0,55001039.0,43545.0,True,True,1.9902104160113323,2.0714766773970688,True,correct,1,0,0,0.8734493851661682,1.625,2.0714766773970688,1,1,False,10,15.0,,,,,,medium_high,unavailable
6bba_05db0fb1,6bba,53,54001019,55001040,42848.0,43590.0,55001040.0,43590.0,True,True,1.7235727791422095,1.625,True,correct,1,0,0,0.6990894675254822,0.0,0.5745242597140698,1,1,False,20,15.0,,,,,,high,unavailable
6bba_05db0fb1,6bba,53,54001021,55001045,42876.0,43612.0,55001045.0,43612.0,True,True,1.284675299443404,1.1490485194281397,True,correct,1,0,0,0.9185402393341064,2.2980970388562794,1.284675299443404,1,1,False,13,15.0,,,,,,medium_high,unavailable
6bba_05db0fb1,6bba,53,54001024,55001048,42996.0,43727.0,55001048.0,43727.0,True,True,2.2980970388562794,3.040096626753827,True,correct,1,0,0,0.8033625483512878,1.625,1.9902104160113323,1,1,False,14,15.0,,,,,,high,unavailable
6bba_05db0fb1,6bba,53,54001025,55001049,42998.0,43709.0,55001049.0,43709.0,True,True,1.6750116604071745,0.0,True,correct,1,0,0,0.9025554656982422,1.625,0.40625,1,1,False,11,15.0,,,,,,medium_high,unavailable
6bba_05db0fb1,6bba,53,54001026,55001043,43015.0,43765.0,55001043.0,43765.0,True,True,0.5745242597140698,0.40625,True,correct,1,0,0,0.9667298793792725,1.625,1.6750116604071745,1,1,False,14,15.0,,,,,,high,unavailable
6bba_05db0fb1,6bba,53,54001027,55001051,43031.0,43741.0,55001051.0,43741.0,True,True,2.0714766773970688,5.343384490423649,True,correct,1,0,0,0.531247079372406,3.25,3.5648292823780494,1,1,False,9,15.0,,,,,,medium_low,unavailable
6bba_05db0fb1,6bba,53,54001029,55001057,43191.0,43930.0,55001057.0,43930.0,True,True,1.6750116604071745,1.7235727791422095,True,correct,1,0,0,0.8735023140907288,0.0,0.40625,1,1,False,13,15.0,,,,,,medium_high,unavailable
6bba_05db0fb1,6bba,53,54001030,55001052,43094.0,43831.0,55001052.0,43831.0,True,True,0.0,0.5745242597140698,True,correct,1,0,0,0.9622231125831604,0.0,0.5745242597140698,1,1,False,12,15.0,,,,,,medium_high,unavailable
6bba_05db0fb1,6bba,53,54001031,55001053,43091.0,43844.0,55001053.0,43844.0,True,True,2.0714766773970688,1.284675299443404,True,correct,1,0,0,0.8734117746353149,2.8145825622994254,1.8168052317185792,1,1,False,11,15.0,,,,,,medium_high,unavailable
6bba_05db0fb1,6bba,53,54001032,55001054,43111.0,43847.0,55001054.0,43847.0,True,True,0.9084026158592896,0.8125,True,correct,1,0,0,0.9169557094573975,1.625,0.9084026158592896,1,1,False,15,15.0,,,,,,high,unavailable
6bba_05db0fb1,6bba,53,54001033,55001055,43161.0,43919.0,55001055.0,43919.0,True,True,5.28125,1.86167137607581,True,correct,1,0,0,0.5733957886695862,3.9804208320226646,1.284675299443404,1,1,False,14,15.0,,,,,,high,unavailable
6bba_05db0fb1,6bba,53,54001034,55001056,43189.0,43928.0,55001056.0,43928.0,True,True,1.7235727791422095,2.03125,True,correct,1,0,0,0.9527763724327087,0.0,0.9084026158592896,1,1,False,12,15.0,,,,,,medium_high,unavailable
6bba_05db0fb1,6bba,53,54001035,55001058,43243.0,43985.0,55001058.0,43985.0,True,True,6.563169608695177,6.9181882111576005,True,correct,1,0,0,0.9536769390106201,1.625,0.9084026158592896,1,1,False,8,15.0,,,,,,medium_low,unavailable
6bba_05db0fb1,6bba,54,55001035,56001058,43380.0,44112.0,56001058.0,44112.0,True,True,1.9902104160113323,1.8168052317185792,True,correct,1,0,0,0.8325598835945129,2.2980970388562794,2.4375,1,1,False,13,15.0,,,,,,medium_high,unavailable
6bba_05db0fb1,6bba,54,55001037,56001060,43416.0,44157.0,56001060.0,44157.0,True,True,0.40625,0.40625,True,correct,1,0,0,0.810846209526062,3.6336104634371584,3.350023320814349,1,1,False,9,15.0,,,,,,medium_low,unavailable
6bba_05db0fb1,6bba,54,55001038,56001062,43559.0,44284.0,56001062.0,44284.0,True,True,6.550584420492571,6.662995408410545,True,correct,1,0,0,0.8354061245918274,2.2980970388562794,2.9575446425202108,1,1,False,15,15.0,,,,,,high,unavailable
6bba_05db0fb1,6bba,54,55001039,56001063,43545.0,44272.0,56001063.0,44272.0,True,True,2.0714766773970688,1.8168052317185792,True,correct,1,0,0,0.790278971195221,2.2980970388562794,2.0714766773970688,1,1,False,10,15.0,,,,,,medium_high,unavailable
6bba_05db0fb1,6bba,54,55001040,56001064,43590.0,44313.0,56001064.0,44313.0,True,True,1.625,1.86167137607581,True,correct,1,0,0,0.8904187083244324,2.2980970388562794,2.1877232028983924,1,1,False,18,15.0,,,,,,high,unavailable
6bba_05db0fb1,6bba,54,55001043,56001069,43765.0,44516.0,56001069.0,44516.0,True,True,0.40625,3.374565944310468,True,correct,1,0,0,0.7303909063339233,1.625,1.7235727791422095,1,1,False,16,15.0,,,,,,high,unavailable
6bba_05db0fb1,6bba,54,55001045,56001065,43612.0,44355.0,56001065.0,44355.0,True,True,1.1490485194281397,1.4647552056572457,True,correct,1,0,0,0.904772162437439,0.0,0.40625,1,1,False,15,15.0,,,,,,high,unavailable
6bba_05db0fb1,6bba,54,55001048,56001067,43727.0,44469.0,56001067.0,44469.0,True,True,3.040096626753827,2.368824207280903,True,correct,1,0,0,0.7847651839256287,0.0,1.284675299443404,1,1,False,12,15.0,,,,,,medium_high,unavailable
6bba_05db0fb1,6bba,54,55001049,56001068,43709.0,44452.0,56001068.0,44452.0,True,True,0.0,1.9902104160113323,True,correct,1,0,0,0.8120337724685669,2.2980970388562794,1.9902104160113323,1,1,False,13,15.0,,,,,,medium_high,unavailable
6bba_05db0fb1,6bba,54,55001051,56001073,43741.0,44481.0,,44530.0,True,True,5.343384490423649,5.343384490423649,False,wrong_association,0,1,1,0.8369917273521423,1.625,0.8125,1,1,False,8,15.0,,,,,,medium_low,unavailable
6bba_05db0fb1,6bba,54,55001052,56001076,43831.0,44568.0,56001076.0,44568.0,True,True,0.5745242597140698,0.9084026158592896,True,correct,1,0,0,0.9148632287979126,1.625,1.4647552056572457,1,1,False,10,15.0,,,,,,medium_high,unavailable
6bba_05db0fb1,6bba,54,55001053,56001075,43844.0,44566.0,56001075.0,44566.0,True,True,1.284675299443404,0.40625,True,correct,1,0,0,0.9030917286872864,2.2980970388562794,1.6750116604071745,1,1,False,9,15.0,,,,,,medium_low,unavailable
6bba_05db0fb1,6bba,54,55001054,56001077,43847.0,44582.0,56001077.0,44582.0,True,True,0.8125,1.1490485194281397,True,correct,1,0,0,0.841978132724762,2.2980970388562794,0.8125,1,1,False,16,15.0,,,,,,high,unavailable
6bba_05db0fb1,6bba,54,55001055,56001079,43919.0,44655.0,56001079.0,44655.0,True,True,1.86167137607581,1.6750116604071745,True,correct,1,0,0,0.9055962562561035,0.0,0.5745242597140698,1,1,False,15,15.0,,,,,,high,unavailable
6bba_05db0fb1,6bba,54,55001056,56001078,43928.0,44652.0,56001078.0,44652.0,True,True,2.03125,1.86167137607581,True,correct,1,0,0,0.9549097418785095,2.2980970388562794,2.0714766773970688,1,1,False,12,15.0,,,,,,medium_high,unavailable
6bba_05db0fb1,6bba,54,55001057,56001071,43930.0,44666.0,56001071.0,44666.0,True,True,1.7235727791422095,1.8168052317185792,True,correct,1,0,0,0.8662817478179932,0.0,0.5745242597140698,1,1,False,13,15.0,,,,,,medium_high,unavailable
6bba_05db0fb1,6bba,54,55001058,56001080,43985.0,44716.0,56001080.0,44716.0,True,True,6.9181882111576005,6.9181882111576005,True,correct,1,0,0,0.969394862651825,0.0,0.0,1,1,False,9,15.0,,,,,,medium_low,unavailable
6bba_05db0fb1,6bba,55,56001058,57001081,44112.0,44836.0,57001081.0,44836.0,True,True,1.8168052317185792,2.368824207280903,True,correct,1,0,0,0.6257048845291138,3.9804208320226646,4.487177913232324,1,1,False,15,15.0,,,,,,high,unavailable
6bba_05db0fb1,6bba,55,56001060,57001082,44157.0,44888.0,57001082.0,44888.0,True,True,0.40625,0.9084026158592896,True,correct,1,0,0,0.700935423374176,3.9804208320226646,4.4502457797294745,1,1,False,11,15.0,,,,,,medium_high,unavailable
6bba_05db0fb1,6bba,55,56001062,57001084,44284.0,45008.0,,,True,False,6.662995408410545,,False,target_node_missed,0,1,1,0.887113094329834,2.2980970388562794,4.394265616971737,1,1,False,16,15.0,,,,,,high,unavailable
6bba_05db0fb1,6bba,55,56001063,57001085,44272.0,45000.0,57001085.0,45000.0,True,True,1.8168052317185792,1.7235727791422095,True,correct,1,0,0,0.9079034328460693,2.8145825622994254,2.368824207280903,1,1,False,11,15.0,,,,,,medium_high,unavailable
6bba_05db0fb1,6bba,55,56001065,57001086,44355.0,45085.0,57001086.0,45085.0,True,True,1.4647552056572457,1.7235727791422095,True,correct,1,0,0,0.9222760796546936,2.2980970388562794,0.9084026158592896,1,1,False,16,15.0,,,,,,high,unavailable
6bba_05db0fb1,6bba,55,56001067,57001088,44469.0,45190.0,57001088.0,45190.0,True,True,2.368824207280903,2.03125,True,correct,1,0,0,0.8754982948303223,1.625,0.40625,1,1,False,15,15.0,,,,,,high,unavailable
6bba_05db0fb1,6bba,55,56001068,57001089,44452.0,45200.0,57001089.0,45200.0,True,True,1.9902104160113323,1.86167137607581,True,correct,1,0,0,0.948996365070343,1.625,2.03125,1,1,False,11,15.0,,,,,,medium_high,unavailable
6bba_05db0fb1,6bba,55,56001069,57001092,44516.0,,,45283.0,True,True,3.374565944310468,1.7235727791422095,False,missing_edge,0,0,1,,,5.28125,0,0,False,14,15.0,,,,,,high,unavailable
6bba_05db0fb1,6bba,55,56001071,57001098,44666.0,45404.0,57001098.0,45404.0,True,True,1.8168052317185792,1.86167137607581,True,correct,1,0,0,0.6953023672103882,1.625,1.6750116604071745,1,1,False,12,15.0,,,,,,medium_high,unavailable
6bba_05db0fb1,6bba,55,56001073,57001093,44530.0,45261.0,57001093.0,45261.0,True,True,5.343384490423649,6.625736987309412,True,correct,1,0,0,0.8839164972305298,2.8145825622994254,2.03125,1,1,False,9,15.0,,,,,,medium_low,unavailable
6bba_05db0fb1,6bba,55,56001075,57001094,44566.0,45322.0,57001094.0,45322.0,True,True,0.40625,0.5745242597140698,True,correct,1,0,0,0.8941653966903687,2.2980970388562794,2.03125,1,1,False,9,15.0,,,,,,medium_low,unavailable
6bba_05db0fb1,6bba,55,56001076,57001095,44568.0,45323.0,57001095.0,45323.0,True,True,0.9084026158592896,0.0,True,correct,1,0,0,0.7844177484512329,1.625,1.86167137607581,1,1,False,11,15.0,,,,,,medium_high,unavailable
6bba_05db0fb1,6bba,55,56001077,57001096,44582.0,45340.0,57001096.0,45340.0,True,True,1.1490485194281397,0.40625,True,correct,1,0,0,0.8722968101501465,2.2980970388562794,1.86167137607581,1,1,False,18,15.0,,,,,,high,unavailable
6bba_05db0fb1,6bba,55,56001078,57001099,44652.0,45412.0,57001099.0,45412.0,True,True,1.86167137607581,1.1490485194281397,True,correct,1,0,0,0.8440654873847961,3.9804208320226646,1.6750116604071745,1,1,False,12,15.0,,,,,,medium_high,unavailable
6bba_05db0fb1,6bba,55,56001079,57001097,44655.0,45395.0,57001097.0,45395.0,True,True,1.6750116604071745,1.9902104160113323,True,correct,1,0,0,0.933753490447998,2.2980970388562794,1.4647552056572457,1,1,False,16,15.0,,,,,,high,unavailable
6bba_05db0fb1,6bba,56,57001081,58001102,44836.0,45577.0,58001102.0,45577.0,True,True,2.368824207280903,0.40625,True,correct,1,0,0,0.6524397730827332,3.6336104634371584,2.1877232028983924,1,1,False,15,15.0,,,,,,high,unavailable
6bba_05db0fb1,6bba,56,57001082,58001103,44888.0,45626.0,58001103.0,45626.0,True,True,0.9084026158592896,0.40625,True,correct,1,0,0,0.7703198790550232,3.6336104634371584,2.632800908728193,1,1,False,9,15.0,,,,,,medium_low,unavailable
6bba_05db0fb1,6bba,56,57001084,58001105,,,,45697.0,False,True,,6.9181882111576005,False,source_node_missed,0,0,1,,,3.093907824257213,0,0,False,14,15.0,,,,,,high,unavailable
6bba_05db0fb1,6bba,56,57001085,58001106,45000.0,45748.0,58001106.0,45748.0,True,True,1.7235727791422095,0.9084026158592896,True,correct,1,0,0,0.798264741897583,3.25,2.6012692214570947,1,1,False,9,15.0,,,,,,medium_low,unavailable
6bba_05db0fb1,6bba,56,57001086,58001108,45085.0,45833.0,58001108.0,45833.0,True,True,1.7235727791422095,1.625,True,correct,1,0,0,0.8220869898796082,0.0,0.5745242597140698,1,1,False,16,15.0,,,,,,high,unavailable
6bba_05db0fb1,6bba,56,57001089,58001112,45200.0,45948.0,58001112.0,45948.0,True,True,1.86167137607581,1.8168052317185792,True,correct,1,0,0,0.8584973216056824,2.2980970388562794,0.9084026158592896,1,1,False,11,15.0,,,,,,medium_high,unavailable
6bba_05db0fb1,6bba,56,57001091,58001113,45224.0,45971.0,58001113.0,45971.0,True,True,0.0,0.40625,True,correct,1,0,0,0.8849743604660034,0.0,0.40625,1,1,False,13,15.0,,,,,,medium_high,unavailable
6bba_05db0fb1,6bba,56,57001092,58001114,45283.0,46019.0,58001114.0,46019.0,True,True,1.7235727791422095,1.86167137607581,True,correct,1,0,0,0.6446186900138855,2.2980970388562794,2.1877232028983924,1,1,False,14,15.0,,,,,,high,unavailable
6bba_05db0fb1,6bba,56,57001093,58001119,45261.0,46005.0,,46048.0,True,True,6.625736987309412,5.2183757350827085,False,wrong_association,0,1,1,0.8212429881095886,0.0,0.9084026158592896,1,1,False,9,15.0,,,,,,medium_low,unavailable
6bba_05db0fb1,6bba,56,57001094,58001122,45322.0,46074.0,58001122.0,46074.0,True,True,0.5745242597140698,0.40625,True,correct,1,0,0,0.9371384978294373,0.0,0.40625,1,1,False,9,15.0,,,,,,medium_low,unavailable
6bba_05db0fb1,6bba,56,57001095,58001121,45323.0,46051.0,58001121.0,46051.0,True,True,0.0,0.0,True,correct,1,0,0,0.8990877270698547,1.625,1.625,1,1,False,9,15.0,,,,,,medium_low,unavailable
6bba_05db0fb1,6bba,56,57001096,58001123,45340.0,46075.0,58001123.0,46075.0,True,True,0.40625,0.5745242597140698,True,correct,1,0,0,0.8967726826667786,1.625,1.6750116604071745,1,1,False,18,15.0,,,,,,high,unavailable
6bba_05db0fb1,6bba,56,57001097,58001124,45395.0,46140.0,58001124.0,46140.0,True,True,1.9902104160113323,0.9084026158592896,True,correct,1,0,0,0.8558887243270874,0.0,1.6750116604071745,1,1,False,16,15.0,,,,,,high,unavailable
6bba_05db0fb1,6bba,56,57001098,58001117,45404.0,46150.0,58001117.0,46150.0,True,True,1.86167137607581,0.9084026158592896,True,correct,1,0,0,0.8521955013275146,0.0,1.625,1,1,False,12,15.0,,,,,,medium_high,unavailable
6bba_05db0fb1,6bba,56,57001099,58001125,45412.0,46160.0,58001125.0,46160.0,True,True,1.1490485194281397,0.40625,True,correct,1,0,0,0.9195362329483032,2.2980970388562794,0.9084026158592896,1,1,False,12,15.0,,,,,,medium_high,unavailable
6bba_05db0fb1,6bba,57,58001103,59001127,45626.0,46363.0,59001127.0,46363.0,True,True,0.40625,0.9084026158592896,True,correct,1,0,0,0.8132076859474182,2.2980970388562794,2.0714766773970688,1,1,False,10,15.0,,,,,,medium_high,unavailable
6bba_05db0fb1,6bba,57,58001105,59001130,45697.0,46423.0,,46444.0,True,True,6.9181882111576005,0.5745242597140698,False,wrong_association,0,1,1,0.750078022480011,2.2980970388562794,1.8168052317185792,1,1,False,17,15.0,,,,,,high,unavailable
6bba_05db0fb1,6bba,57,58001106,59001131,45748.0,46484.0,59001131.0,46484.0,True,True,0.9084026158592896,1.9902104160113323,True,correct,1,0,0,0.5252472758293152,3.6336104634371584,3.65625,1,1,False,10,15.0,,,,,,medium_high,unavailable
6bba_05db0fb1,6bba,57,58001108,59001133,45833.0,46575.0,59001133.0,46575.0,True,True,1.625,1.625,True,correct,1,0,0,0.8913835287094116,2.2980970388562794,0.0,1,1,False,13,15.0,,,,,,medium_high,unavailable
6bba_05db0fb1,6bba,57,58001112,59001139,45948.0,46683.0,59001139.0,46683.0,True,True,1.8168052317185792,1.6750116604071745,True,correct,1,0,0,0.9230166673660278,0.0,0.9084026158592896,1,1,False,10,15.0,,,,,,medium_high,unavailable
6bba_05db0fb1,6bba,57,58001113,59001140,45971.0,46689.0,59001140.0,46689.0,True,True,0.40625,1.8168052317185792,True,correct,1,0,0,0.9285986423492432,1.625,0.40625,1,1,False,12,15.0,,,,,,medium_high,unavailable
6bba_05db0fb1,6bba,57,58001114,59001138,46019.0,46755.0,59001138.0,46755.0,True,True,1.86167137607581,4.958913218891817,True,correct,1,0,0,0.8178205490112305,0.0,3.494694639736067,1,1,False,14,15.0,,,,,,high,unavailable
6bba_05db0fb1,6bba,57,58001117,59001145,46150.0,46889.0,59001145.0,46889.0,True,True,0.9084026158592896,0.8125,True,correct,1,0,0,0.8987668752670288,0.0,0.40625,1,1,False,10,15.0,,,,,,medium_high,unavailable
6bba_05db0fb1,6bba,57,58001119,59001141,46048.0,,,46769.0,True,True,5.2183757350827085,5.759587794495366,False,missing_edge,0,0,1,,,0.5745242597140698,0,0,False,7,15.0,,,,,,medium_low,unavailable
6bba_05db0fb1,6bba,57,58001121,59001142,46051.0,46785.0,59001142.0,46785.0,True,True,0.0,0.5745242597140698,True,correct,1,0,0,0.8592789769172668,0.0,0.5745242597140698,1,1,False,10,15.0,,,,,,medium_high,unavailable
6bba_05db0fb1,6bba,57,58001122,59001143,46074.0,46804.0,59001143.0,46804.0,True,True,0.40625,0.5745242597140698,True,correct,1,0,0,0.9510713219642639,0.0,0.40625,1,1,False,9,15.0,,,,,,medium_low,unavailable
6bba_05db0fb1,6bba,57,58001123,59001144,46075.0,46814.0,59001144.0,46814.0,True,True,0.5745242597140698,0.5745242597140698,True,correct,1,0,0,0.8670356273651123,1.625,1.625,1,1,False,13,15.0,,,,,,medium_high,unavailable
6bba_05db0fb1,6bba,57,58001124,59001146,46140.0,46864.0,59001146.0,46864.0,True,True,0.9084026158592896,1.86167137607581,True,correct,1,0,0,0.8580012917518616,1.625,0.0,1,1,False,16,15.0,,,,,,high,unavailable
6bba_05db0fb1,6bba,57,58001125,59001147,46160.0,46886.0,59001147.0,46886.0,True,True,0.40625,1.7235727791422095,True,correct,1,0,0,0.840742290019989,1.625,0.40625,1,1,False,10,15.0,,,,,,medium_high,unavailable
6bba_05db0fb1,6bba,58,59001127,60001150,46363.0,47088.0,60001150.0,47088.0,True,True,0.9084026158592896,0.40625,True,correct,1,0,0,0.8705405592918396,1.625,2.8726212985703494,1,1,False,10,15.0,,,,,,medium_high,unavailable
6bba_05db0fb1,6bba,58,59001130,60001151,46444.0,47161.0,60001151.0,47161.0,True,True,0.5745242597140698,1.8168052317185792,True,correct,1,0,0,0.8046455979347229,2.8145825622994254,2.0714766773970688,1,1,False,18,15.0,,,,,,high,unavailable
6bba_05db0fb1,6bba,58,59001131,60001152,46484.0,47208.0,60001152.0,47208.0,True,True,1.9902104160113323,1.4647552056572457,True,correct,1,0,0,0.692834198474884,2.2980970388562794,1.21875,1,1,False,8,15.0,,,,,,medium_low,unavailable
6bba_05db0fb1,6bba,58,59001133,60001153,46575.0,47315.0,60001153.0,47315.0,True,True,1.625,0.40625,True,correct,1,0,0,0.9305652379989624,1.625,0.40625,1,1,False,13,15.0,,,,,,medium_high,unavailable
6bba_05db0fb1,6bba,58,59001135,60001155,46614.0,47357.0,60001155.0,47357.0,True,True,3.2752922102462856,1.7235727791422095,True,correct,1,0,0,0.8947703242301941,1.625,0.9084026158592896,1,1,False,15,15.0,,,,,,high,unavailable
6bba_05db0fb1,6bba,58,59001136,60001156,46732.0,47476.0,60001156.0,47476.0,True,True,2.03125,2.0714766773970688,True,correct,1,0,0,0.8935878872871399,0.0,0.40625,1,1,False,14,15.0,,,,,,high,unavailable
6bba_05db0fb1,6bba,58,59001138,60001158,46755.0,47483.0,60001158.0,47483.0,True,True,4.958913218891817,3.374565944310468,True,correct,1,0,0,0.9536388516426086,2.8145825622994254,1.284675299443404,1,1,False,15,15.0,,,,,,high,unavailable
6bba_05db0fb1,6bba,58,59001139,60001159,46683.0,47429.0,60001159.0,47429.0,True,True,1.6750116604071745,0.5745242597140698,True,correct,1,0,0,0.9070643186569214,0.0,1.6750116604071745,1,1,False,7,15.0,,,,,,medium_low,unavailable
6bba_05db0fb1,6bba,58,59001140,60001160,46689.0,47447.0,60001160.0,47447.0,True,True,1.8168052317185792,0.9084026158592896,True,correct,1,0,0,0.9163576364517212,2.2980970388562794,0.9084026158592896,1,1,False,11,15.0,,,,,,medium_high,unavailable
6bba_05db0fb1,6bba,58,59001141,60001162,46769.0,47524.0,,47470.0,True,True,5.759587794495366,6.5253412267099105,False,wrong_association,0,1,1,0.851737380027771,3.6336104634371584,0.40625,1,1,False,7,15.0,,,,,,medium_low,unavailable
6bba_05db0fb1,6bba,58,59001142,60001163,46785.0,47529.0,60001163.0,47529.0,True,True,0.5745242597140698,0.5745242597140698,True,correct,1,0,0,0.885307788848877,0.0,0.0,1,1,False,9,15.0,,,,,,medium_low,unavailable
6bba_05db0fb1,6bba,58,59001143,60001164,46804.0,47545.0,60001164.0,47545.0,True,True,0.5745242597140698,1.7235727791422095,True,correct,1,0,0,0.9235466122627258,0.0,1.625,1,1,False,10,15.0,,,,,,medium_high,unavailable
6bba_05db0fb1,6bba,58,59001144,60001165,46814.0,47558.0,60001165.0,47558.0,True,True,0.5745242597140698,1.9902104160113323,True,correct,1,0,0,0.8105010986328125,0.0,1.7235727791422095,1,1,False,13,15.0,,,,,,medium_high,unavailable
6bba_05db0fb1,6bba,58,59001145,60001166,46889.0,47627.0,60001166.0,47627.0,True,True,0.8125,0.5745242597140698,True,correct,1,0,0,0.9323965907096863,0.0,0.5745242597140698,1,1,False,11,15.0,,,,,,medium_high,unavailable
6bba_05db0fb1,6bba,58,59001146,60001167,46864.0,47609.0,60001167.0,47609.0,True,True,1.86167137607581,2.03125,True,correct,1,0,0,0.7676376700401306,1.625,1.1490485194281397,1,1,False,13,15.0,,,,,,medium_high,unavailable
6bba_05db0fb1,6bba,58,59001147,60001168,46886.0,47640.0,60001168.0,47640.0,True,True,1.7235727791422095,0.40625,True,correct,1,0,0,0.8936042189598083,1.625,0.40625,1,1,False,10,15.0,,,,,,medium_high,unavailable
6bba_05db0fb1,6bba,59,60001150,61001170,47088.0,47831.0,61001170.0,47831.0,True,True,0.40625,0.0,True,correct,1,0,0,0.9270392656326294,1.625,1.21875,1,1,False,10,15.0,,,,,,medium_high,unavailable
6bba_05db0fb1,6bba,59,60001151,61001171,47161.0,47909.0,61001171.0,47909.0,True,True,1.8168052317185792,0.5745242597140698,True,correct,1,0,0,0.8102802634239197,2.2980970388562794,2.0714766773970688,1,1,False,15,15.0,,,,,,high,unavailable
6bba_05db0fb1,6bba,59,60001152,61001172,47208.0,47954.0,61001172.0,47954.0,True,True,1.4647552056572457,1.21875,True,correct,1,0,0,0.8798074126243591,0.0,1.284675299443404,1,1,False,9,15.0,,,,,,medium_low,unavailable
6bba_05db0fb1,6bba,59,60001155,61001175,47357.0,48097.0,61001175.0,48097.0,True,True,1.7235727791422095,0.5745242597140698,True,correct,1,0,0,0.8873797059059143,0.0,1.625,1,1,False,15,15.0,,,,,,high,unavailable
6bba_05db0fb1,6bba,59,60001156,61001176,47476.0,48212.0,61001176.0,48212.0,True,True,2.0714766773970688,0.0,True,correct,1,0,0,0.8388243317604065,1.625,0.5745242597140698,1,1,False,13,15.0,,,,,,medium_high,unavailable
6bba_05db0fb1,6bba,59,60001158,61001179,47483.0,48219.0,61001179.0,48219.0,True,True,3.374565944310468,1.6750116604071745,True,correct,1,0,0,0.9212664365768433,0.0,1.9902104160113323,1,1,False,13,15.0,,,,,,medium_high,unavailable
6bba_05db0fb1,6bba,59,60001159,61001178,47429.0,48146.0,61001178.0,48146.0,True,True,0.5745242597140698,1.8168052317185792,True,correct,1,0,0,0.8423813581466675,1.625,0.5745242597140698,1,1,False,7,15.0,,,,,,medium_low,unavailable
6bba_05db0fb1,6bba,59,60001160,61001180,47447.0,48182.0,61001180.0,48182.0,True,True,0.9084026158592896,0.8125,True,correct,1,0,0,0.9334660768508911,0.0,0.40625,1,1,False,12,15.0,,,,,,medium_high,unavailable
6bba_05db0fb1,6bba,59,60001162,61001181,47470.0,48191.0,,48244.0,True,True,6.5253412267099105,2.6012692214570947,False,wrong_association,0,1,1,0.794750452041626,2.2980970388562794,2.03125,1,1,False,7,15.0,,,,,,medium_low,unavailable
6bba_05db0fb1,6bba,59,60001163,61001182,47529.0,48264.0,61001182.0,48264.0,True,True,0.5745242597140698,1.284675299443404,True,correct,1,0,0,0.9477506279945374,1.625,0.0,1,1,False,11,15.0,,,,,,medium_high,unavailable
6bba_05db0fb1,6bba,59,60001164,61001183,47545.0,48280.0,61001183.0,48280.0,True,True,1.7235727791422095,0.0,True,correct,1,0,0,0.9327366352081299,0.0,1.7235727791422095,1,1,False,10,15.0,,,,,,medium_high,unavailable
6bba_05db0fb1,6bba,59,60001165,61001184,47558.0,48288.0,61001184.0,48288.0,True,True,1.9902104160113323,1.284675299443404,True,correct,1,0,0,0.8725351691246033,1.625,1.7235727791422095,1,1,False,14,15.0,,,,,,high,unavailable
6bba_05db0fb1,6bba,59,60001166,61001186,47627.0,48348.0,61001186.0,48348.0,True,True,0.5745242597140698,1.7235727791422095,True,correct,1,0,0,0.8836019039154053,1.625,0.0,1,1,False,12,15.0,,,,,,medium_high,unavailable
6bba_05db0fb1,6bba,59,60001167,61001185,47609.0,48343.0,61001185.0,48343.0,True,True,2.03125,1.284675299443404,True,correct,1,0,0,0.7883443236351013,1.625,1.86167137607581,1,1,False,13,15.0,,,,,,medium_high,unavailable
6bba_05db0fb1,6bba,59,60001168,61001187,47640.0,48371.0,61001187.0,48371.0,True,True,0.40625,0.40625,True,correct,1,0,0,0.9247879385948181,0.0,0.5745242597140698,1,1,False,10,15.0,,,,,,medium_high,unavailable
6bba_05db0fb1,6bba,60,61001170,62001190,47831.0,48557.0,62001190.0,48557.0,True,True,0.0,0.9084026158592896,True,correct,1,0,0,0.8973206877708435,1.625,1.4647552056572457,1,1,False,12,15.0,,,,,,medium_high,unavailable
6bba_05db0fb1,6bba,60,61001171,62001191,47909.0,48626.0,62001191.0,48626.0,True,True,0.5745242597140698,2.03125,True,correct,1,0,0,0.9022175669670105,2.2980970388562794,0.40625,1,1,False,17,15.0,,,,,,high,unavailable
6bba_05db0fb1,6bba,60,61001172,62001192,47954.0,48672.0,62001192.0,48672.0,True,True,1.21875,0.40625,True,correct,1,0,0,0.8700875639915466,2.2980970388562794,2.368824207280903,1,1,False,8,15.0,,,,,,medium_low,unavailable
6bba_05db0fb1,6bba,60,61001175,62001194,48097.0,48815.0,62001194.0,48815.0,True,True,0.5745242597140698,2.1877232028983924,True,correct,1,0,0,0.8575531244277954,1.625,3.5648292823780494,1,1,False,16,15.0,,,,,,high,unavailable
6bba_05db0fb1,6bba,60,61001176,62001195,48212.0,48944.0,62001195.0,48944.0,True,True,0.0,1.6750116604071745,True,correct,1,0,0,0.9415069222450256,0.0,1.6750116604071745,1,1,False,13,15.0,,,,,,medium_high,unavailable
6bba_05db0fb1,6bba,60,61001178,62001198,48146.0,,,48910.0,True,True,1.8168052317185792,4.614113030962723,False,missing_edge,0,0,1,,,1.21875,0,0,False,9,15.0,,,,,,medium_low,unavailable
6bba_05db0fb1,6bba,60,61001179,62001200,48219.0,48954.0,62001200.0,48954.0,True,True,1.6750116604071745,1.8168052317185792,True,correct,1,0,0,0.9145464897155762,0.0,0.9084026158592896,1,1,False,14,15.0,,,,,,high,unavailable
6bba_05db0fb1,6bba,60,61001180,62001199,48182.0,48913.0,62001199.0,48913.0,True,True,0.8125,0.8125,True,correct,1,0,0,0.9323258996009827,0.0,0.0,1,1,False,11,15.0,,,,,,medium_high,unavailable
6bba_05db0fb1,6bba,60,61001181,62001201,48244.0,48976.0,62001201.0,48976.0,True,True,2.6012692214570947,2.8726212985703494,True,correct,1,0,0,0.8643599152565002,0.0,1.86167137607581,1,1,False,7,15.0,,,,,,medium_low,unavailable
6bba_05db0fb1,6bba,60,61001182,62001202,48264.0,48996.0,62001202.0,48996.0,True,True,1.284675299443404,0.5745242597140698,True,correct,1,0,0,0.7989258766174316,1.625,0.0,1,1,False,11,15.0,,,,,,medium_high,unavailable
6bba_05db0fb1,6bba,60,61001183,62001203,48280.0,49013.0,62001203.0,49013.0,True,True,0.0,1.7235727791422095,True,correct,1,0,0,0.811275064945221,1.625,0.5745242597140698,1,1,False,8,15.0,,,,,,medium_low,unavailable
6bba_05db0fb1,6bba,60,61001184,62001204,48288.0,49015.0,62001204.0,49015.0,True,True,1.284675299443404,0.9084026158592896,True,correct,1,0,0,0.8735141754150391,1.625,0.9084026158592896,1,1,False,14,15.0,,,,,,high,unavailable
6bba_05db0fb1,6bba,60,61001185,62001205,48343.0,49070.0,62001205.0,49070.0,True,True,1.284675299443404,0.9084026158592896,True,correct,1,0,0,0.7796127796173096,0.0,0.9084026158592896,1,1,False,14,15.0,,,,,,high,unavailable
6bba_05db0fb1,6bba,60,61001186,62001206,48348.0,49078.0,62001206.0,49078.0,True,True,1.7235727791422095,1.625,True,correct,1,0,0,0.7467879056930542,0.0,0.5745242597140698,1,1,False,10,15.0,,,,,,medium_high,unavailable
6bba_05db0fb1,6bba,60,61001187,62001207,48371.0,49092.0,62001207.0,49092.0,True,True,0.40625,1.6750116604071745,True,correct,1,0,0,0.9001576900482178,1.625,0.5745242597140698,1,1,False,10,15.0,,,,,,medium_high,unavailable
6bba_05db0fb1,6bba,61,62001190,63001213,48557.0,49286.0,63001213.0,49286.0,True,True,0.9084026158592896,1.86167137607581,True,correct,1,0,0,0.9102082252502441,0.0,2.0714766773970688,1,1,False,8,15.0,,,,,,medium_low,unavailable
6bba_05db0fb1,6bba,61,62001191,63001214,48626.0,49353.0,63001214.0,49353.0,True,True,2.03125,0.5745242597140698,True,correct,1,0,0,0.8722062706947327,1.625,1.6750116604071745,1,1,False,17,15.0,,,,,,high,unavailable
6bba_05db0fb1,6bba,61,62001192,63001212,48672.0,49384.0,63001212.0,49384.0,True,True,0.40625,2.6012692214570947,True,correct,1,0,0,0.5320143103599548,4.875,2.4375,1,1,False,7,15.0,,,,,,medium_low,unavailable
6bba_05db0fb1,6bba,61,62001194,63001216,48815.0,49531.0,,49452.0,True,True,2.1877232028983924,5.28125,False,wrong_association,0,1,1,0.7789996862411499,0.0,3.350023320814349,1,1,False,15,15.0,,,,,,high,unavailable
6bba_05db0fb1,6bba,61,62001195,63001217,48944.0,49666.0,63001217.0,49666.0,True,True,1.6750116604071745,2.333728575156074,True,correct,1,0,0,0.8933703303337097,1.625,0.0,1,1,False,12,15.0,,,,,,medium_high,unavailable
6bba_05db0fb1,6bba,61,62001198,63001221,48910.0,49655.0,,49616.0,True,True,4.614113030962723,0.40625,False,wrong_association,0,1,1,0.931317925453186,2.2980970388562794,0.8125,1,1,False,11,15.0,,,,,,medium_high,unavailable
6bba_05db0fb1,6bba,61,62001199,63001222,48913.0,49638.0,63001222.0,49638.0,True,True,0.8125,0.9084026158592896,True,correct,1,0,0,0.9548446536064148,0.0,0.40625,1,1,False,13,15.0,,,,,,medium_high,unavailable
6bba_05db0fb1,6bba,61,62001200,63001220,48954.0,49661.0,63001220.0,49661.0,True,True,1.8168052317185792,3.350023320814349,True,correct,1,0,0,0.909714937210083,1.625,3.25,1,1,False,14,15.0,,,,,,high,unavailable
6bba_05db0fb1,6bba,61,62001201,63001225,48976.0,49682.0,63001225.0,49682.0,True,True,2.8726212985703494,1.86167137607581,True,correct,1,0,0,0.8376255631446838,2.2980970388562794,2.1877232028983924,1,1,False,8,15.0,,,,,,medium_low,unavailable
6bba_05db0fb1,6bba,61,62001202,63001227,48996.0,49717.0,63001227.0,49717.0,True,True,0.5745242597140698,0.9084026158592896,True,correct,1,0,0,0.9249212145805359,1.625,0.40625,1,1,False,11,15.0,,,,,,medium_high,unavailable
6bba_05db0fb1,6bba,61,62001203,63001224,49013.0,49742.0,63001224.0,49742.0,True,True,1.7235727791422095,1.7235727791422095,True,correct,1,0,0,0.9433599710464478,0.0,0.0,1,1,False,10,15.0,,,,,,medium_high,unavailable
6bba_05db0fb1,6bba,61,62001204,63001228,49015.0,49745.0,63001228.0,49745.0,True,True,0.9084026158592896,0.8125,True,correct,1,0,0,0.9130849242210388,0.0,0.40625,1,1,False,14,15.0,,,,,,high,unavailable
6bba_05db0fb1,6bba,61,62001205,63001229,49070.0,49785.0,63001229.0,49785.0,True,True,0.9084026158592896,0.9084026158592896,True,correct,1,0,0,0.7957877516746521,1.625,1.625,1,1,False,14,15.0,,,,,,high,unavailable
6bba_05db0fb1,6bba,61,62001206,63001230,49078.0,49804.0,63001230.0,49804.0,True,True,1.625,1.86167137607581,True,correct,1,0,0,0.845981240272522,0.0,0.9084026158592896,1,1,False,10,15.0,,,,,,medium_high,unavailable
6bba_05db0fb1,6bba,61,62001207,63001231,49092.0,49814.0,63001231.0,49814.0,True,True,1.6750116604071745,1.86167137607581,True,correct,1,0,0,0.8835228085517883,0.0,0.5745242597140698,1,1,False,12,15.0,,,,,,medium_high,unavailable
6bba_05db0fb1,6bba,62,63001212,64001236,49384.0,50112.0,64001236.0,50112.0,True,True,2.6012692214570947,2.6012692214570947,True,correct,1,0,0,0.9063520431518555,1.625,2.0714766773970688,1,1,False,8,15.0,,,,,,medium_low,unavailable
6bba_05db0fb1,6bba,62,63001213,64001234,49286.0,50021.0,64001234.0,50021.0,True,True,1.86167137607581,1.284675299443404,True,correct,1,0,0,0.9134184718132019,1.625,2.1877232028983924,1,1,False,13,15.0,,,,,,medium_high,unavailable
6bba_05db0fb1,6bba,62,63001214,64001235,49353.0,50075.0,64001235.0,50075.0,True,True,0.5745242597140698,1.9902104160113323,True,correct,1,0,0,0.8871803879737854,2.8145825622994254,2.0714766773970688,1,1,False,18,15.0,,,,,,high,unavailable
6bba_05db0fb1,6bba,62,63001216,64001239,49452.0,50182.0,64001239.0,50182.0,True,True,5.28125,4.89189779763437,True,correct,1,0,0,0.5952362418174744,2.2980970388562794,1.7235727791422095,1,1,False,13,15.0,,,,,,medium_high,unavailable
6bba_05db0fb1,6bba,62,63001220,64001245,49661.0,50389.0,64001245.0,50389.0,True,True,3.350023320814349,1.7235727791422095,True,correct,1,0,0,0.9536788463592529,1.625,2.368824207280903,1,1,False,13,15.0,,,,,,medium_high,unavailable
6bba_05db0fb1,6bba,62,63001221,64001246,49616.0,50341.0,64001246.0,50341.0,True,True,0.40625,0.9084026158592896,True,correct,1,0,0,0.9296067953109741,0.0,0.8125,1,1,False,9,15.0,,,,,,medium_low,unavailable
6bba_05db0fb1,6bba,62,63001222,64001247,49638.0,50362.0,64001247.0,50362.0,True,True,0.9084026158592896,0.9084026158592896,True,correct,1,0,0,0.9270203709602356,0.0,0.8125,1,1,False,13,15.0,,,,,,medium_high,unavailable
6bba_05db0fb1,6bba,62,63001224,64001250,49742.0,50467.0,64001250.0,50467.0,True,True,1.7235727791422095,2.368824207280903,True,correct,1,0,0,0.9235934615135193,0.0,1.1490485194281397,1,1,False,10,15.0,,,,,,medium_high,unavailable
6bba_05db0fb1,6bba,62,63001225,64001248,49682.0,50409.0,64001248.0,50409.0,True,True,1.86167137607581,2.368824207280903,True,correct,1,0,0,0.8890680074691772,0.0,2.1877232028983924,1,1,False,8,15.0,,,,,,medium_low,unavailable
6bba_05db0fb1,6bba,62,63001227,64001251,49717.0,50452.0,64001251.0,50452.0,True,True,0.9084026158592896,0.5745242597140698,True,correct,1,0,0,0.5229234099388123,2.8145825622994254,2.1877232028983924,1,1,False,11,15.0,,,,,,medium_high,unavailable
6bba_05db0fb1,6bba,62,63001228,64001252,49745.0,50485.0,64001252.0,50485.0,True,True,0.8125,1.86167137607581,True,correct,1,0,0,0.899297833442688,1.625,0.40625,1,1,False,14,15.0,,,,,,high,unavailable
6bba_05db0fb1,6bba,62,63001229,64001254,49785.0,50508.0,64001254.0,50508.0,True,True,0.9084026158592896,1.7235727791422095,True,correct,1,0,0,0.8982670903205872,1.625,1.86167137607581,1,1,False,14,15.0,,,,,,high,unavailable
6bba_05db0fb1,6bba,62,63001230,64001253,49804.0,50521.0,64001253.0,50521.0,True,True,1.86167137607581,2.333728575156074,True,correct,1,0,0,0.8099415302276611,1.625,1.8168052317185792,1,1,False,9,15.0,,,,,,medium_low,unavailable
6bba_05db0fb1,6bba,62,63001231,64001255,49814.0,50545.0,64001255.0,50545.0,True,True,1.86167137607581,0.40625,True,correct,1,0,0,0.8696366548538208,2.2980970388562794,1.1490485194281397,1,1,False,11,15.0,,,,,,medium_high,unavailable
6bba_05db0fb1,6bba,63,64001234,65001258,50021.0,50731.0,65001258.0,50731.0,True,True,1.284675299443404,0.9084026158592896,True,correct,1,0,0,0.8377051949501038,2.2980970388562794,2.333728575156074,1,1,False,9,15.0,,,,,,medium_low,unavailable
6bba_05db0fb1,6bba,63,64001235,65001260,50075.0,50814.0,65001260.0,50814.0,True,True,1.9902104160113323,0.9084026158592896,True,correct,1,0,0,0.9209538698196411,2.2980970388562794,1.21875,1,1,False,15,15.0,,,,,,high,unavailable
6bba_05db0fb1,6bba,63,64001236,65001261,50112.0,50837.0,65001261.0,50837.0,True,True,2.6012692214570947,2.6012692214570947,True,correct,1,0,0,0.9182407855987549,1.625,1.625,1,1,False,8,15.0,,,,,,medium_low,unavailable
6bba_05db0fb1,6bba,63,64001239,65001263,50182.0,50911.0,,50973.0,True,True,4.89189779763437,4.33756303988772,False,wrong_association,0,1,1,0.6526150107383728,1.625,1.6750116604071745,1,1,False,14,15.0,,,,,,high,unavailable
6bba_05db0fb1,6bba,63,64001240,65001264,50328.0,51041.0,65001264.0,51041.0,True,True,1.8168052317185792,0.5745242597140698,True,correct,1,0,0,0.7928974628448486,1.625,1.284675299443404,1,1,False,14,15.0,,,,,,high,unavailable
6bba_05db0fb1,6bba,63,64001241,65001265,50395.0,51121.0,65001265.0,51121.0,True,True,0.5745242597140698,1.6750116604071745,True,correct,1,0,0,0.661797821521759,1.625,0.9084026158592896,1,1,False,14,15.0,,,,,,high,unavailable
6bba_05db0fb1,6bba,63,64001245,65001269,50389.0,51111.0,65001269.0,51111.0,True,True,1.7235727791422095,1.8168052317185792,True,correct,1,0,0,0.9233982563018799,1.625,0.5745242597140698,1,1,False,14,15.0,,,,,,high,unavailable
6bba_05db0fb1,6bba,63,64001246,65001270,50341.0,51069.0,65001270.0,51069.0,True,True,0.9084026158592896,1.86167137607581,True,correct,1,0,0,0.8976656198501587,1.625,1.625,1,1,False,8,15.0,,,,,,medium_low,unavailable
6bba_05db0fb1,6bba,63,64001247,65001271,50362.0,51106.0,65001271.0,51106.0,True,True,0.9084026158592896,1.86167137607581,True,correct,1,0,0,0.903896152973175,2.8145825622994254,0.5745242597140698,1,1,False,12,15.0,,,,,,medium_high,unavailable
6bba_05db0fb1,6bba,63,64001248,65001272,50409.0,51139.0,65001272.0,51139.0,True,True,2.368824207280903,2.632800908728193,True,correct,1,0,0,0.8942152261734009,1.625,1.625,1,1,False,8,15.0,,,,,,medium_low,unavailable
6bba_05db0fb1,6bba,63,64001250,65001274,50467.0,51198.0,65001274.0,51198.0,True,True,2.368824207280903,1.6750116604071745,True,correct,1,0,0,0.9152799248695374,0.0,1.86167137607581,1,1,False,10,15.0,,,,,,medium_high,unavailable
6bba_05db0fb1,6bba,63,64001251,65001275,50452.0,51172.0,65001275.0,51172.0,True,True,0.5745242597140698,1.8168052317185792,True,correct,1,0,0,0.8338349461555481,2.2980970388562794,1.284675299443404,1,1,False,11,15.0,,,,,,medium_high,unavailable
6bba_05db0fb1,6bba,63,64001252,65001276,50485.0,51213.0,65001276.0,51213.0,True,True,1.86167137607581,1.7235727791422095,True,correct,1,0,0,0.8971174359321594,1.625,0.9084026158592896,1,1,False,13,15.0,,,,,,medium_high,unavailable
6bba_05db0fb1,6bba,63,64001253,65001277,50521.0,51258.0,65001277.0,51258.0,True,True,2.333728575156074,1.4647552056572457,True,correct,1,0,0,0.9331020712852478,2.8145825622994254,1.284675299443404,1,1,False,13,15.0,,,,,,medium_high,unavailable
6bba_05db0fb1,6bba,63,64001254,65001278,50508.0,51249.0,65001278.0,51249.0,True,True,1.7235727791422095,1.86167137607581,True,correct,1,0,0,0.9010589122772217,2.8145825622994254,1.86167137607581,1,1,False,15,15.0,,,,,,high,unavailable
6bba_05db0fb1,6bba,63,64001255,65001279,50545.0,51271.0,65001279.0,51271.0,True,True,0.40625,0.40625,True,correct,1,0,0,0.9370360374450684,1.625,0.8125,1,1,False,11,15.0,,,,,,medium_high,unavailable
6bba_05db0fb1,6bba,64,65001258,66001281,50731.0,51464.0,66001281.0,51464.0,True,True,0.9084026158592896,0.9084026158592896,True,correct,1,0,0,0.8458095192909241,0.0,0.0,1,1,False,9,15.0,,,,,,medium_low,unavailable
6bba_05db0fb1,6bba,64,65001260,66001283,50814.0,51543.0,66001283.0,51543.0,True,True,0.9084026158592896,0.9084026158592896,True,correct,1,0,0,0.9153764843940735,0.0,0.0,1,1,False,15,15.0,,,,,,high,unavailable
6bba_05db0fb1,6bba,64,65001261,66001284,50837.0,51566.0,66001284.0,51566.0,True,True,2.6012692214570947,2.6012692214570947,True,correct,1,0,0,0.8876097202301025,0.0,0.0,1,1,False,8,15.0,,,,,,medium_low,unavailable
6bba_05db0fb1,6bba,64,65001263,66001286,50973.0,51702.0,66001286.0,51702.0,True,True,4.33756303988772,4.33756303988772,True,correct,1,0,0,0.8390688300132751,0.0,0.0,1,1,False,14,15.0,,,,,,high,unavailable
6bba_05db0fb1,6bba,64,65001264,66001287,51041.0,51767.0,66001287.0,51767.0,True,True,0.5745242597140698,1.284675299443404,True,correct,1,0,0,0.8596499562263489,1.625,0.0,1,1,False,14,15.0,,,,,,high,unavailable
6bba_05db0fb1,6bba,64,65001265,66001288,51121.0,51848.0,66001288.0,51848.0,True,True,1.6750116604071745,1.6750116604071745,True,correct,1,0,0,0.6620115041732788,0.0,0.0,1,1,False,14,15.0,,,,,,high,unavailable
6bba_05db0fb1,6bba,64,65001269,66001292,51111.0,51838.0,66001292.0,51838.0,True,True,1.8168052317185792,1.8168052317185792,True,correct,1,0,0,0.9257913827896118,0.0,0.0,1,1,False,14,15.0,,,,,,high,unavailable
6bba_05db0fb1,6bba,64,65001270,66001293,51069.0,51796.0,66001293.0,51796.0,True,True,1.86167137607581,1.86167137607581,True,correct,1,0,0,0.8867689371109009,0.0,0.0,1,1,False,8,15.0,,,,,,medium_low,unavailable
6bba_05db0fb1,6bba,64,65001271,66001294,51106.0,51833.0,66001294.0,51833.0,True,True,1.86167137607581,1.86167137607581,True,correct,1,0,0,0.9092484712600708,0.0,0.0,1,1,False,11,15.0,,,,,,medium_high,unavailable
6bba_05db0fb1,6bba,64,65001272,66001295,51139.0,51866.0,66001295.0,51866.0,True,True,2.632800908728193,2.632800908728193,True,correct,1,0,0,0.8687946796417236,0.0,0.0,1,1,False,8,15.0,,,,,,medium_low,unavailable
6bba_05db0fb1,6bba,64,65001274,66001297,51198.0,51923.0,66001297.0,51923.0,True,True,1.6750116604071745,1.6750116604071745,True,correct,1,0,0,0.9320666193962097,0.0,0.0,1,1,False,10,15.0,,,,,,medium_high,unavailable
6bba_05db0fb1,6bba,64,65001275,66001298,51172.0,51899.0,66001298.0,51899.0,True,True,1.8168052317185792,1.8168052317185792,True,correct,1,0,0,0.8554447889328003,0.0,0.0,1,1,False,11,15.0,,,,,,medium_high,unavailable
6bba_05db0fb1,6bba,64,65001276,66001299,51213.0,51941.0,66001299.0,51941.0,True,True,1.7235727791422095,1.7235727791422095,True,correct,1,0,0,0.868022084236145,0.0,0.0,1,1,False,14,15.0,,,,,,high,unavailable
6bba_05db0fb1,6bba,64,65001277,66001300,51258.0,51985.0,66001300.0,51985.0,True,True,1.4647552056572457,1.4647552056572457,True,correct,1,0,0,0.9495370388031006,0.0,0.0,1,1,False,13,15.0,,,,,,medium_high,unavailable
6bba_05db0fb1,6bba,64,65001278,66001301,51249.0,51975.0,66001301.0,51975.0,True,True,1.86167137607581,1.86167137607581,True,correct,1,0,0,0.9094541668891907,0.0,0.0,1,1,False,14,15.0,,,,,,high,unavailable
6bba_05db0fb1,6bba,64,65001279,66001302,51271.0,51997.0,66001302.0,51997.0,True,True,0.40625,0.40625,True,correct,1,0,0,0.9615864157676697,0.0,0.0,1,1,False,11,15.0,,,,,,medium_high,unavailable
6bba_05db0fb1,6bba,65,66001281,67001303,51464.0,,,52181.0,True,True,0.9084026158592896,1.8168052317185792,False,missing_edge,0,0,1,,,5.58501412822743,0,0,False,9,15.0,,,,,,medium_low,unavailable
6bba_05db0fb1,6bba,65,66001283,67001304,51543.0,,,52258.0,True,True,0.9084026158592896,0.9084026158592896,False,missing_edge,0,0,1,,,5.202538442914189,0,0,False,15,15.0,,,,,,high,unavailable
6bba_05db0fb1,6bba,65,66001284,67001305,51566.0,52267.0,67001305.0,52267.0,True,True,2.6012692214570947,2.0714766773970688,True,correct,1,0,0,0.7123294472694397,6.894291116568838,6.09375,1,1,False,8,15.0,,,,,,medium_low,unavailable
6bba_05db0fb1,6bba,65,66001287,67001309,51767.0,52459.0,,52506.0,True,True,1.284675299443404,1.4647552056572457,False,wrong_association,0,1,1,0.6144218444824219,7.621925609713073,2.6012692214570947,1,1,False,14,15.0,,,,,,high,unavailable
6bba_05db0fb1,6bba,65,66001288,67001310,51848.0,52581.0,67001310.0,52581.0,True,True,1.6750116604071745,1.625,True,correct,1,0,0,0.6515406966209412,1.625,1.21875,1,1,False,15,15.0,,,,,,high,unavailable
6bba_05db0fb1,6bba,65,66001292,67001313,51838.0,52578.0,67001313.0,52578.0,True,True,1.8168052317185792,0.5745242597140698,True,correct,1,0,0,0.8848179578781128,0.0,2.0714766773970688,1,1,False,12,15.0,,,,,,medium_high,unavailable
6bba_05db0fb1,6bba,65,66001293,67001312,51796.0,52493.0,,52554.0,True,True,1.86167137607581,3.447145558284419,False,wrong_association,0,1,1,0.6272988319396973,6.700046641628698,2.03125,1,1,False,9,15.0,,,,,,medium_low,unavailable
6bba_05db0fb1,6bba,65,66001294,67001317,51833.0,52573.0,67001317.0,52573.0,True,True,1.86167137607581,0.9084026158592896,True,correct,1,0,0,0.6836423277854919,1.625,2.2980970388562794,1,1,False,13,15.0,,,,,,medium_high,unavailable
6bba_05db0fb1,6bba,65,66001297,67001315,51923.0,52660.0,67001315.0,52660.0,True,True,1.6750116604071745,1.7235727791422095,True,correct,1,0,0,0.8905203342437744,0.0,2.6012692214570947,1,1,False,12,15.0,,,,,,medium_high,unavailable
6bba_05db0fb1,6bba,65,66001299,67001319,51941.0,52683.0,67001319.0,52683.0,True,True,1.7235727791422095,0.9084026158592896,True,correct,1,0,0,0.7113676071166992,2.2980970388562794,1.86167137607581,1,1,False,15,15.0,,,,,,high,unavailable
6bba_05db0fb1,6bba,65,66001300,67001318,51985.0,52726.0,67001318.0,52726.0,True,True,1.4647552056572457,1.86167137607581,True,correct,1,0,0,0.8253838419914246,1.625,2.0714766773970688,1,1,False,13,15.0,,,,,,medium_high,unavailable
6bba_05db0fb1,6bba,65,66001301,67001320,51975.0,52691.0,67001320.0,52691.0,True,True,1.86167137607581,3.25,True,correct,1,0,0,0.8913695216178894,3.6336104634371584,1.86167137607581,1,1,False,15,15.0,,,,,,high,unavailable
6bba_05db0fb1,6bba,65,66001302,67001321,51997.0,52743.0,67001321.0,52743.0,True,True,0.40625,1.4647552056572457,True,correct,1,0,0,0.9265304207801819,1.625,1.1490485194281397,1,1,False,12,15.0,,,,,,medium_high,unavailable
6bba_05db0fb1,6bba,66,67001303,68001322,52181.0,52910.0,68001322.0,52910.0,True,True,1.8168052317185792,2.8726212985703494,True,correct,1,0,0,0.8373975157737732,2.2980970388562794,1.284675299443404,1,1,False,8,15.0,,,,,,medium_low,unavailable
6bba_05db0fb1,6bba,66,67001304,68001325,52258.0,52989.0,68001325.0,52989.0,True,True,0.9084026158592896,0.5745242597140698,True,correct,1,0,0,0.8105408549308777,2.2980970388562794,2.9575446425202108,1,1,False,16,15.0,,,,,,high,unavailable
6bba_05db0fb1,6bba,66,67001305,68001323,52267.0,52994.0,68001323.0,52994.0,True,True,2.0714766773970688,3.5648292823780494,True,correct,1,0,0,0.8991531729698181,0.0,2.03125,1,1,False,7,15.0,,,,,,medium_low,unavailable
6bba_05db0fb1,6bba,66,67001309,68001326,52506.0,53221.0,68001326.0,53221.0,True,True,1.4647552056572457,1.8168052317185792,True,correct,1,0,0,0.7531550526618958,0.0,0.40625,1,1,False,16,15.0,,,,,,high,unavailable
6bba_05db0fb1,6bba,66,67001310,68001327,52581.0,53305.0,68001327.0,53305.0,True,True,1.625,1.21875,True,correct,1,0,0,0.8196480870246887,1.625,1.6750116604071745,1,1,False,14,15.0,,,,,,high,unavailable
6bba_05db0fb1,6bba,66,67001312,68001331,52554.0,53286.0,,53264.0,True,True,3.447145558284419,0.9084026158592896,False,wrong_association,0,1,1,0.9621525406837463,2.8145825622994254,1.21875,1,1,False,9,15.0,,,,,,medium_low,unavailable
6bba_05db0fb1,6bba,66,67001313,68001332,52578.0,53293.0,68001332.0,53293.0,True,True,0.5745242597140698,0.5745242597140698,True,correct,1,0,0,0.8761855363845825,2.2980970388562794,1.8168052317185792,1,1,False,10,15.0,,,,,,medium_high,unavailable
6bba_05db0fb1,6bba,66,67001314,68001333,52555.0,53285.0,68001333.0,53285.0,True,True,0.5745242597140698,0.9084026158592896,True,correct,1,0,0,0.8754613995552063,1.625,1.6750116604071745,1,1,False,15,15.0,,,,,,high,unavailable
6bba_05db0fb1,6bba,66,67001315,68001334,52660.0,53380.0,68001334.0,53380.0,True,True,1.7235727791422095,1.9902104160113323,True,correct,1,0,0,0.9335911870002747,0.0,1.284675299443404,1,1,False,11,15.0,,,,,,medium_high,unavailable
6bba_05db0fb1,6bba,66,67001317,68001336,52573.0,53288.0,68001336.0,53288.0,True,True,0.9084026158592896,0.40625,True,correct,1,0,0,0.8756804466247559,0.0,1.284675299443404,1,1,False,16,15.0,,,,,,high,unavailable
6bba_05db0fb1,6bba,66,67001318,68001339,52726.0,53458.0,68001339.0,53458.0,True,True,1.86167137607581,0.8125,True,correct,1,0,0,0.9267061352729797,3.25,4.89189779763437,1,1,False,9,15.0,,,,,,medium_low,unavailable
6bba_05db0fb1,6bba,66,67001319,68001338,52683.0,53398.0,68001338.0,53398.0,True,True,0.9084026158592896,0.8125,True,correct,1,0,0,0.902683675289154,1.625,0.40625,1,1,False,14,15.0,,,,,,high,unavailable
6bba_05db0fb1,6bba,66,67001320,68001337,52691.0,53420.0,68001337.0,53420.0,True,True,3.25,0.5745242597140698,True,correct,1,0,0,0.9598590731620789,1.625,1.7235727791422095,1,1,False,13,15.0,,,,,,medium_high,unavailable
6bba_05db0fb1,6bba,66,67001321,68001340,52743.0,53468.0,68001340.0,53468.0,True,True,1.4647552056572457,1.9902104160113323,True,correct,1,0,0,0.9111891984939575,1.625,3.2752922102462856,1,1,False,9,15.0,,,,,,medium_low,unavailable
6bba_05db0fb1,6bba,67,68001322,69001341,52910.0,53614.0,69001341.0,53614.0,True,True,2.8726212985703494,3.2752922102462856,True,correct,1,0,0,0.883574366569519,1.625,2.03125,1,1,False,10,15.0,,,,,,medium_high,unavailable
6bba_05db0fb1,6bba,67,68001323,69001342,52994.0,53707.0,69001342.0,53707.0,True,True,3.5648292823780494,4.0827619710803615,True,correct,1,0,0,0.8734350204467773,1.625,2.0714766773970688,1,1,False,7,15.0,,,,,,medium_low,unavailable
6bba_05db0fb1,6bba,67,68001325,69001343,52989.0,53696.0,69001343.0,53696.0,True,True,0.5745242597140698,0.40625,True,correct,1,0,0,0.8155164122581482,2.2980970388562794,1.86167137607581,1,1,False,15,15.0,,,,,,high,unavailable
6bba_05db0fb1,6bba,67,68001327,69001354,53305.0,54006.0,69001354.0,54006.0,True,True,1.21875,2.0714766773970688,True,correct,1,0,0,0.8407675623893738,1.625,0.40625,1,1,False,14,15.0,,,,,,high,unavailable
6bba_05db0fb1,6bba,67,68001330,69001347,,,,54027.0,False,True,,6.2541392543258905,False,source_node_missed,0,0,1,,,3.2752922102462856,0,0,False,9,15.0,,,,,,medium_low,unavailable
6bba_05db0fb1,6bba,67,68001331,69001348,53264.0,53962.0,69001348.0,53962.0,True,True,0.9084026158592896,1.7235727791422095,True,correct,1,0,0,0.8964611291885376,2.2980970388562794,0.40625,1,1,False,7,15.0,,,,,,medium_low,unavailable
6bba_05db0fb1,6bba,67,68001332,69001349,53293.0,53991.0,69001349.0,53991.0,True,True,0.5745242597140698,1.6750116604071745,True,correct,1,0,0,0.845389723777771,1.625,0.40625,1,1,False,14,15.0,,,,,,high,unavailable
6bba_05db0fb1,6bba,67,68001333,69001350,53285.0,53997.0,69001350.0,53997.0,True,True,0.9084026158592896,0.9084026158592896,True,correct,1,0,0,0.8746194243431091,1.625,0.0,1,1,False,14,15.0,,,,,,high,unavailable
6bba_05db0fb1,6bba,67,68001334,69001351,53380.0,54091.0,69001351.0,54091.0,True,True,1.9902104160113323,1.86167137607581,True,correct,1,0,0,0.933601975440979,0.0,0.40625,1,1,False,10,15.0,,,,,,medium_high,unavailable
6bba_05db0fb1,6bba,67,68001336,69001353,53288.0,53983.0,69001353.0,53983.0,True,True,0.40625,1.625,True,correct,1,0,0,0.9095145463943481,1.625,0.40625,1,1,False,13,15.0,,,,,,medium_high,unavailable
6bba_05db0fb1,6bba,67,68001337,69001355,53420.0,54114.0,69001355.0,54114.0,True,True,0.5745242597140698,0.9084026158592896,True,correct,1,0,0,0.8767274618148804,2.2980970388562794,1.6750116604071745,1,1,False,15,15.0,,,,,,high,unavailable
6bba_05db0fb1,6bba,67,68001338,69001356,53398.0,54106.0,69001356.0,54106.0,True,True,0.8125,1.6750116604071745,True,correct,1,0,0,0.8738498091697693,0.0,1.6750116604071745,1,1,False,14,15.0,,,,,,high,unavailable
6bba_05db0fb1,6bba,67,68001339,69001357,53458.0,54167.0,69001357.0,54167.0,True,True,0.8125,1.625,True,correct,1,0,0,0.9630917310714722,0.0,0.8125,1,1,False,9,15.0,,,,,,medium_low,unavailable
6bba_05db0fb1,6bba,67,68001340,69001358,53468.0,54185.0,69001358.0,54185.0,True,True,1.9902104160113323,0.40625,True,correct,1,0,0,0.8910852670669556,2.2980970388562794,1.86167137607581,1,1,False,9,15.0,,,,,,medium_low,unavailable
6bba_05db0fb1,6bba,68,69001341,70001359,53614.0,54324.0,70001359.0,54324.0,True,True,3.2752922102462856,5.025034981221523,True,correct,1,0,0,0.7691925168037415,2.2980970388562794,1.284675299443404,1,1,False,9,15.0,,,,,,medium_low,unavailable
6bba_05db0fb1,6bba,68,69001342,70001360,53707.0,54417.0,70001360.0,54417.0,True,True,4.0827619710803615,5.404804720107841,True,correct,1,0,0,0.9211552143096924,0.0,1.8168052317185792,1,1,False,8,15.0,,,,,,medium_low,unavailable
6bba_05db0fb1,6bba,68,69001343,70001361,53696.0,54414.0,70001361.0,54414.0,True,True,0.40625,1.8168052317185792,True,correct,1,0,0,0.6616981625556946,2.2980970388562794,1.21875,1,1,False,16,15.0,,,,,,high,unavailable
6bba_05db0fb1,6bba,68,69001347,70001367,54027.0,54748.0,70001367.0,54748.0,True,True,6.2541392543258905,4.958913218891817,True,correct,1,0,0,0.925505518913269,1.625,0.0,1,1,False,8,15.0,,,,,,medium_low,unavailable
6bba_05db0fb1,6bba,68,69001348,70001369,53962.0,54696.0,70001369.0,54696.0,True,True,1.7235727791422095,0.9084026158592896,True,correct,1,0,0,0.899097740650177,1.625,0.40625,1,1,False,8,15.0,,,,,,medium_low,unavailable
6bba_05db0fb1,6bba,68,69001349,70001368,53991.0,54715.0,70001368.0,54715.0,True,True,1.6750116604071745,1.6750116604071745,True,correct,1,0,0,0.8631712198257446,1.625,1.7235727791422095,1,1,False,13,15.0,,,,,,medium_high,unavailable
6bba_05db0fb1,6bba,68,69001350,70001370,53997.0,54709.0,70001370.0,54709.0,True,True,0.9084026158592896,1.9902104160113323,True,correct,1,0,0,0.79963618516922,1.625,1.6750116604071745,1,1,False,15,15.0,,,,,,high,unavailable
6bba_05db0fb1,6bba,68,69001351,70001371,54091.0,54809.0,70001371.0,54809.0,True,True,1.86167137607581,1.8168052317185792,True,correct,1,0,0,0.9057317972183228,0.0,0.40625,1,1,False,11,15.0,,,,,,medium_high,unavailable
6bba_05db0fb1,6bba,68,69001353,70001373,53983.0,54712.0,70001373.0,54712.0,True,True,1.625,2.0714766773970688,True,correct,1,0,0,0.8768630027770996,2.2980970388562794,1.7235727791422095,1,1,False,12,15.0,,,,,,medium_high,unavailable
6bba_05db0fb1,6bba,68,69001354,70001365,54006.0,54737.0,70001365.0,54737.0,True,True,2.0714766773970688,1.4647552056572457,True,correct,1,0,0,0.8869590759277344,1.625,0.40625,1,1,False,14,15.0,,,,,,high,unavailable
6bba_05db0fb1,6bba,68,69001355,70001374,54114.0,54818.0,70001374.0,54818.0,True,True,0.9084026158592896,3.374565944310468,True,correct,1,0,0,0.9209031462669373,1.625,1.7235727791422095,1,1,False,15,15.0,,,,,,high,unavailable
6bba_05db0fb1,6bba,68,69001356,70001375,54106.0,54825.0,70001375.0,54825.0,True,True,1.6750116604071745,0.8125,True,correct,1,0,0,0.8629757165908813,0.0,1.6750116604071745,1,1,False,13,15.0,,,,,,medium_high,unavailable
6bba_05db0fb1,6bba,68,69001357,70001376,54167.0,54877.0,70001376.0,54877.0,True,True,1.625,2.333728575156074,True,correct,1,0,0,0.9555678367614746,1.625,0.40625,1,1,False,10,15.0,,,,,,medium_high,unavailable
6bba_05db0fb1,6bba,68,69001358,70001377,54185.0,54899.0,70001377.0,54899.0,True,True,0.40625,0.40625,True,correct,1,0,0,0.9073549509048462,0.0,0.0,1,1,False,9,15.0,,,,,,medium_low,unavailable
6bba_05db0fb1,6bba,69,70001359,71001378,54324.0,55031.0,71001378.0,55031.0,True,True,5.025034981221523,4.1429533547941375,True,correct,1,0,0,0.7770804762840271,2.2980970388562794,1.4647552056572457,1,1,False,9,15.0,,,,,,medium_low,unavailable
6bba_05db0fb1,6bba,69,70001360,71001379,54417.0,55131.0,71001379.0,55131.0,True,True,5.404804720107841,4.487177913232324,True,correct,1,0,0,0.8400338292121887,2.2980970388562794,1.21875,1,1,False,8,15.0,,,,,,medium_low,unavailable
6bba_05db0fb1,6bba,69,70001361,71001380,54414.0,55120.0,71001380.0,55120.0,True,True,1.8168052317185792,0.40625,True,correct,1,0,0,0.6775370836257935,1.625,0.9084026158592896,1,1,False,16,15.0,,,,,,high,unavailable
6bba_05db0fb1,6bba,69,70001365,71001389,54737.0,55435.0,71001389.0,55435.0,True,True,1.4647552056572457,2.333728575156074,True,correct,1,0,0,0.672570526599884,2.2980970388562794,0.5745242597140698,1,1,False,14,15.0,,,,,,high,unavailable
6bba_05db0fb1,6bba,69,70001367,71001384,54748.0,55460.0,71001384.0,55460.0,True,True,4.958913218891817,3.8109628048565365,True,correct,1,0,0,0.9466655850410461,2.2980970388562794,1.6750116604071745,1,1,False,6,15.0,,,,,,medium_low,unavailable
6bba_05db0fb1,6bba,69,70001368,71001383,54715.0,55430.0,71001383.0,55430.0,True,True,1.6750116604071745,1.1490485194281397,True,correct,1,0,0,0.8677983283996582,0.0,1.86167137607581,1,1,False,11,15.0,,,,,,medium_high,unavailable
6bba_05db0fb1,6bba,69,70001369,71001385,54696.0,55408.0,71001385.0,55408.0,True,True,0.9084026158592896,0.5745242597140698,True,correct,1,0,0,0.8101023435592651,1.625,0.9084026158592896,1,1,False,8,15.0,,,,,,medium_low,unavailable
6bba_05db0fb1,6bba,69,70001370,71001386,54709.0,55423.0,71001386.0,55423.0,True,True,1.9902104160113323,1.86167137607581,True,correct,1,0,0,0.8339365124702454,2.2980970388562794,0.40625,1,1,False,15,15.0,,,,,,high,unavailable
6bba_05db0fb1,6bba,69,70001371,71001387,54809.0,55522.0,71001387.0,55522.0,True,True,1.8168052317185792,0.5745242597140698,True,correct,1,0,0,0.9193950295448303,0.0,1.7235727791422095,1,1,False,11,15.0,,,,,,medium_high,unavailable
6bba_05db0fb1,6bba,69,70001373,71001388,54712.0,55427.0,71001388.0,55427.0,True,True,2.0714766773970688,0.9084026158592896,True,correct,1,0,0,0.9449189901351929,1.625,2.03125,1,1,False,14,15.0,,,,,,high,unavailable
6bba_05db0fb1,6bba,69,70001374,71001390,54818.0,55544.0,71001390.0,55544.0,True,True,3.374565944310468,3.350023320814349,True,correct,1,0,0,0.9264385104179382,2.2980970388562794,2.1877232028983924,1,1,False,11,15.0,,,,,,medium_high,unavailable
6bba_05db0fb1,6bba,69,70001375,71001392,54825.0,55536.0,71001392.0,55536.0,True,True,0.8125,0.40625,True,correct,1,0,0,0.9270361065864563,0.0,0.9084026158592896,1,1,False,13,15.0,,,,,,medium_high,unavailable
6bba_05db0fb1,6bba,69,70001376,71001393,54877.0,55605.0,71001393.0,55605.0,True,True,2.333728575156074,1.21875,True,correct,1,0,0,0.8942724466323853,2.8145825622994254,0.0,1,1,False,11,15.0,,,,,,medium_high,unavailable
6bba_05db0fb1,6bba,69,70001377,71001394,54899.0,55612.0,71001394.0,55612.0,True,True,0.40625,0.9084026158592896,True,correct,1,0,0,0.8785560727119446,0.0,0.5745242597140698,1,1,False,9,15.0,,,,,,medium_low,unavailable
6bba_05db0fb1,6bba,70,71001379,72001395,55131.0,55837.0,72001395.0,55837.0,True,True,4.487177913232324,4.667457150312148,True,correct,1,0,0,0.6993242502212524,1.625,2.0714766773970688,1,1,False,9,15.0,,,,,,medium_low,unavailable
6bba_05db0fb1,6bba,70,71001380,72001396,55120.0,,,55829.0,True,True,0.40625,4.46875,False,missing_edge,0,0,1,,,1.8168052317185792,0,0,False,14,15.0,,,,,,high,unavailable
6bba_05db0fb1,6bba,70,71001383,72001402,55430.0,56118.0,72001402.0,56118.0,True,True,1.1490485194281397,0.5745242597140698,True,correct,1,0,0,0.8497735261917114,2.2980970388562794,2.0714766773970688,1,1,False,11,15.0,,,,,,medium_high,unavailable
6bba_05db0fb1,6bba,70,71001384,72001403,55460.0,56156.0,72001403.0,56156.0,True,True,3.8109628048565365,2.7252078475778685,True,correct,1,0,0,0.9309081435203552,1.625,0.40625,1,1,False,8,15.0,,,,,,medium_low,unavailable
6bba_05db0fb1,6bba,70,71001385,72001404,55408.0,56110.0,72001404.0,56110.0,True,True,0.5745242597140698,0.40625,True,correct,1,0,0,0.9443207383155823,0.0,0.9084026158592896,1,1,False,9,15.0,,,,,,medium_low,unavailable
6bba_05db0fb1,6bba,70,71001386,72001405,55423.0,56127.0,72001405.0,56127.0,True,True,1.86167137607581,1.8168052317185792,True,correct,1,0,0,0.751188337802887,2.2980970388562794,1.86167137607581,1,1,False,16,15.0,,,,,,high,unavailable
6bba_05db0fb1,6bba,70,71001387,72001406,55522.0,56218.0,72001406.0,56218.0,True,True,0.5745242597140698,1.4647552056572457,True,correct,1,0,0,0.760016918182373,2.2980970388562794,1.4647552056572457,1,1,False,11,15.0,,,,,,medium_high,unavailable
6bba_05db0fb1,6bba,70,71001388,72001401,55427.0,56147.0,72001401.0,56147.0,True,True,0.9084026158592896,4.1429533547941375,True,correct,1,0,0,0.8698126673698425,3.6336104634371584,3.2752922102462856,1,1,False,13,15.0,,,,,,medium_high,unavailable
6bba_05db0fb1,6bba,70,71001389,72001408,55435.0,56141.0,72001408.0,56141.0,True,True,2.333728575156074,2.03125,True,correct,1,0,0,0.8026657700538635,2.8145825622994254,1.625,1,1,False,14,15.0,,,,,,high,unavailable
6bba_05db0fb1,6bba,70,71001390,72001409,55544.0,56245.0,72001409.0,56245.0,True,True,3.350023320814349,3.25,True,correct,1,0,0,0.9310550689697266,1.625,0.8125,1,1,False,13,15.0,,,,,,medium_high,unavailable
6bba_05db0fb1,6bba,70,71001392,72001410,55536.0,56236.0,72001410.0,56236.0,True,True,0.40625,0.5745242597140698,True,correct,1,0,0,0.9306137561798096,0.0,0.40625,1,1,False,13,15.0,,,,,,medium_high,unavailable
6bba_05db0fb1,6bba,70,71001393,72001411,55605.0,56300.0,72001411.0,56300.0,True,True,1.21875,2.0714766773970688,True,correct,1,0,0,0.9389775991439819,0.0,1.6750116604071745,1,1,False,9,15.0,,,,,,medium_low,unavailable
6bba_05db0fb1,6bba,70,71001394,72001412,55612.0,56319.0,72001412.0,56319.0,True,True,0.9084026158592896,0.9084026158592896,True,correct,1,0,0,0.8765094876289368,2.2980970388562794,1.625,1,1,False,9,15.0,,,,,,medium_low,unavailable
6bba_05db0fb1,6bba,71,72001395,73001414,55837.0,56540.0,73001414.0,56540.0,True,True,4.667457150312148,3.374565944310468,True,correct,1,0,0,0.7280863523483276,2.2980970388562794,1.21875,1,1,False,9,15.0,,,,,,medium_low,unavailable
6bba_05db0fb1,6bba,71,72001396,73001415,55829.0,56538.0,73001415.0,56538.0,True,True,4.46875,4.942244555867304,True,correct,1,0,0,0.8785102367401123,0.0,0.9084026158592896,1,1,False,14,15.0,,,,,,high,unavailable
6bba_05db0fb1,6bba,71,72001401,73001418,56147.0,56833.0,73001418.0,56833.0,True,True,4.1429533547941375,2.1877232028983924,True,correct,1,0,0,0.9248661398887634,2.2980970388562794,2.03125,1,1,False,13,15.0,,,,,,medium_high,unavailable
6bba_05db0fb1,6bba,71,72001402,73001423,56118.0,56825.0,73001423.0,56825.0,True,True,0.5745242597140698,0.40625,True,correct,1,0,0,0.8634366393089294,2.2980970388562794,1.86167137607581,1,1,False,10,15.0,,,,,,medium_high,unavailable
6bba_05db0fb1,6bba,71,72001403,73001425,56156.0,56855.0,73001425.0,56855.0,True,True,2.7252078475778685,2.4375,True,correct,1,0,0,0.9020260572433472,1.625,1.4647552056572457,1,1,False,8,15.0,,,,,,medium_low,unavailable
6bba_05db0fb1,6bba,71,72001404,73001424,56110.0,56810.0,73001424.0,56810.0,True,True,0.40625,1.6750116604071745,True,correct,1,0,0,0.9170377254486084,0.0,1.7235727791422095,1,1,False,9,15.0,,,,,,medium_low,unavailable
6bba_05db0fb1,6bba,71,72001405,73001426,56127.0,56830.0,73001426.0,56830.0,True,True,1.8168052317185792,0.0,True,correct,1,0,0,0.7771966457366943,0.0,1.8168052317185792,1,1,False,15,15.0,,,,,,high,unavailable
6bba_05db0fb1,6bba,71,72001406,73001427,56218.0,56925.0,73001427.0,56925.0,True,True,1.4647552056572457,2.6012692214570947,True,correct,1,0,0,0.918237566947937,0.0,1.7235727791422095,1,1,False,11,15.0,,,,,,medium_high,unavailable
6bba_05db0fb1,6bba,71,72001408,73001421,56141.0,56848.0,73001421.0,56848.0,True,True,2.03125,2.0714766773970688,True,correct,1,0,0,0.6389484405517578,2.2980970388562794,0.40625,1,1,False,14,15.0,,,,,,high,unavailable
6bba_05db0fb1,6bba,71,72001409,73001429,56245.0,56959.0,73001429.0,56959.0,True,True,3.25,1.6750116604071745,True,correct,1,0,0,0.8024829626083374,1.625,0.40625,1,1,False,12,15.0,,,,,,medium_high,unavailable
6bba_05db0fb1,6bba,71,72001410,73001428,56236.0,56952.0,73001428.0,56952.0,True,True,0.5745242597140698,1.625,True,correct,1,0,0,0.9335775375366211,1.625,0.5745242597140698,1,1,False,13,15.0,,,,,,medium_high,unavailable
6bba_05db0fb1,6bba,71,72001411,73001430,56300.0,57006.0,73001430.0,57006.0,True,True,2.0714766773970688,2.03125,True,correct,1,0,0,0.9142503142356873,0.0,0.40625,1,1,False,9,15.0,,,,,,medium_low,unavailable
6bba_05db0fb1,6bba,71,72001412,73001431,56319.0,57019.0,73001431.0,57019.0,True,True,0.9084026158592896,1.7235727791422095,True,correct,1,0,0,0.9353234171867371,1.625,0.9084026158592896,1,1,False,9,15.0,,,,,,medium_low,unavailable
6bba_05db0fb1,6bba,72,73001414,74001433,56540.0,57244.0,,57246.0,True,True,3.374565944310468,3.5648292823780494,False,wrong_association,0,1,1,0.7278041243553162,3.25,4.667457150312148,1,1,False,9,15.0,,,,,,medium_low,unavailable
6bba_05db0fb1,6bba,72,73001415,74001434,56538.0,57242.0,74001434.0,57242.0,True,True,4.942244555867304,5.420051026051323,True,correct,1,0,0,0.7553412914276123,3.6336104634371584,3.8540258983302125,1,1,False,15,15.0,,,,,,high,unavailable
6bba_05db0fb1,6bba,72,73001418,74001442,56833.0,57547.0,74001442.0,57547.0,True,True,2.1877232028983924,0.8125,True,correct,1,0,0,0.9472731947898865,2.2980970388562794,2.1877232028983924,1,1,False,14,15.0,,,,,,high,unavailable
6bba_05db0fb1,6bba,72,73001420,74001436,56762.0,57458.0,74001436.0,57458.0,True,True,3.1729139308370784,4.0010984819796676,True,correct,1,0,0,0.8150278329849243,2.2980970388562794,2.4375,1,1,False,14,15.0,,,,,,high,unavailable
6bba_05db0fb1,6bba,72,73001421,74001437,56848.0,57555.0,74001437.0,57555.0,True,True,2.0714766773970688,2.1877232028983924,True,correct,1,0,0,0.8867268562316895,2.2980970388562794,1.6750116604071745,1,1,False,14,15.0,,,,,,high,unavailable
6bba_05db0fb1,6bba,72,73001423,74001439,56825.0,57537.0,74001439.0,57537.0,True,True,0.40625,1.21875,True,correct,1,0,0,0.8135221004486084,1.625,1.7235727791422095,1,1,False,9,15.0,,,,,,medium_low,unavailable
6bba_05db0fb1,6bba,72,73001424,74001441,56810.0,57530.0,74001441.0,57530.0,True,True,1.6750116604071745,1.86167137607581,True,correct,1,0,0,0.9256150126457214,1.625,1.9902104160113323,1,1,False,8,15.0,,,,,,medium_low,unavailable
6bba_05db0fb1,6bba,72,73001425,74001440,56855.0,57552.0,74001440.0,57552.0,True,True,2.4375,3.65625,True,correct,1,0,0,0.7561236619949341,5.138701197773616,0.9084026158592896,1,1,False,8,15.0,,,,,,medium_low,unavailable
6bba_05db0fb1,6bba,72,73001426,74001443,56830.0,57545.0,74001443.0,57545.0,True,True,0.0,0.9084026158592896,True,correct,1,0,0,0.8394891023635864,0.0,0.9084026158592896,1,1,False,13,15.0,,,,,,medium_high,unavailable
6bba_05db0fb1,6bba,72,73001427,74001444,56925.0,57631.0,74001444.0,57631.0,True,True,2.6012692214570947,0.40625,True,correct,1,0,0,0.9280626773834229,0.0,2.4375,1,1,False,12,15.0,,,,,,medium_high,unavailable
6bba_05db0fb1,6bba,72,73001428,74001451,56952.0,57673.0,74001451.0,57673.0,True,True,1.625,1.21875,True,correct,1,0,0,0.8752642869949341,2.2980970388562794,3.2752922102462856,1,1,False,11,15.0,,,,,,medium_high,unavailable
6bba_05db0fb1,6bba,72,73001429,74001449,56959.0,57654.0,74001449.0,57654.0,True,True,1.6750116604071745,1.86167137607581,True,correct,1,0,0,0.8594769835472107,2.2980970388562794,2.0714766773970688,1,1,False,13,15.0,,,,,,medium_high,unavailable
6bba_05db0fb1,6bba,72,73001430,74001447,57006.0,57708.0,74001447.0,57708.0,True,True,2.03125,2.0714766773970688,True,correct,1,0,0,0.8921387195587158,1.625,1.21875,1,1,False,10,15.0,,,,,,medium_high,unavailable
6bba_05db0fb1,6bba,73,74001433,75001453,57246.0,57943.0,75001453.0,57943.0,True,True,3.5648292823780494,1.6750116604071745,True,correct,1,0,0,0.8064039945602417,0.0,2.4375,1,1,False,9,15.0,,,,,,medium_low,unavailable
6bba_05db0fb1,6bba,73,74001434,75001454,57242.0,57939.0,,57937.0,True,True,5.420051026051323,4.182599744775969,False,wrong_association,0,1,1,0.8867968916893005,1.625,1.8168052317185792,1,1,False,15,15.0,,,,,,high,unavailable
6bba_05db0fb1,6bba,73,74001436,75001456,57458.0,58150.0,75001456.0,58150.0,True,True,4.0010984819796676,2.7252078475778685,True,correct,1,0,0,0.8349012136459351,1.625,0.5745242597140698,1,1,False,16,15.0,,,,,,high,unavailable
6bba_05db0fb1,6bba,73,74001437,75001457,57555.0,58262.0,75001457.0,58262.0,True,True,2.1877232028983924,1.21875,True,correct,1,0,0,0.8377935290336609,2.2980970388562794,0.8125,1,1,False,15,15.0,,,,,,high,unavailable
6bba_05db0fb1,6bba,73,74001439,75001462,57537.0,58240.0,75001462.0,58240.0,True,True,1.21875,2.0714766773970688,True,correct,1,0,0,0.8675523996353149,1.625,0.40625,1,1,False,9,15.0,,,,,,medium_low,unavailable
6bba_05db0fb1,6bba,73,74001440,75001460,57552.0,58234.0,75001460.0,58234.0,True,True,3.65625,5.343384490423649,True,correct,1,0,0,0.8677367568016052,2.2980970388562794,1.8168052317185792,1,1,False,8,15.0,,,,,,medium_low,unavailable
6bba_05db0fb1,6bba,73,74001441,75001463,57530.0,58221.0,75001463.0,58221.0,True,True,1.86167137607581,1.8168052317185792,True,correct,1,0,0,0.8900718092918396,1.625,0.9084026158592896,1,1,False,9,15.0,,,,,,medium_low,unavailable
6bba_05db0fb1,6bba,73,74001442,75001464,57547.0,58227.0,75001464.0,58227.0,True,True,0.8125,1.86167137607581,True,correct,1,0,0,0.8778821229934692,1.625,0.40625,1,1,False,14,15.0,,,,,,high,unavailable
6bba_05db0fb1,6bba,73,74001443,75001465,57545.0,58245.0,75001465.0,58245.0,True,True,0.9084026158592896,2.1877232028983924,True,correct,1,0,0,0.6759883761405945,2.2980970388562794,0.5745242597140698,1,1,False,13,15.0,,,,,,medium_high,unavailable
6bba_05db0fb1,6bba,73,74001444,75001466,57631.0,58336.0,75001466.0,58336.0,True,True,0.40625,1.86167137607581,True,correct,1,0,0,0.8498520255088806,1.625,1.1490485194281397,1,1,False,13,15.0,,,,,,medium_high,unavailable
6bba_05db0fb1,6bba,73,74001449,75001469,57654.0,58347.0,75001469.0,58347.0,True,True,1.86167137607581,1.625,True,correct,1,0,0,0.9409956336021423,0.0,0.9084026158592896,1,1,False,11,15.0,,,,,,medium_high,unavailable
6bba_05db0fb1,6bba,73,74001451,75001470,57673.0,58363.0,75001470.0,58363.0,True,True,1.21875,0.9084026158592896,True,correct,1,0,0,0.8828314542770386,1.625,1.284675299443404,1,1,False,12,15.0,,,,,,medium_high,unavailable
6bba_05db0fb1,6bba,74,75001453,76001474,57943.0,58628.0,76001474.0,58628.0,True,True,1.6750116604071745,1.6750116604071745,True,correct,1,0,0,0.8879892230033875,0.0,0.0,1,1,False,9,15.0,,,,,,medium_low,unavailable
6bba_05db0fb1,6bba,74,75001454,76001475,57937.0,58622.0,76001475.0,58622.0,True,True,4.182599744775969,4.182599744775969,True,correct,1,0,0,0.7358343005180359,0.0,0.0,1,1,False,15,15.0,,,,,,high,unavailable
6bba_05db0fb1,6bba,74,75001456,76001477,58150.0,58834.0,76001477.0,58834.0,True,True,2.7252078475778685,2.7252078475778685,True,correct,1,0,0,0.8375726342201233,0.0,0.0,1,1,False,16,15.0,,,,,,high,unavailable
6bba_05db0fb1,6bba,74,75001457,76001478,58262.0,58946.0,76001478.0,58946.0,True,True,1.21875,1.21875,True,correct,1,0,0,0.9009076356887817,0.0,0.0,1,1,False,15,15.0,,,,,,high,unavailable
6bba_05db0fb1,6bba,74,75001460,76001481,58234.0,58917.0,76001481.0,58917.0,True,True,5.343384490423649,5.343384490423649,True,correct,1,0,0,0.8637955784797668,0.0,0.0,1,1,False,8,15.0,,,,,,medium_low,unavailable
6bba_05db0fb1,6bba,74,75001462,76001483,58240.0,58923.0,76001483.0,58923.0,True,True,2.0714766773970688,2.0714766773970688,True,correct,1,0,0,0.9278218150138855,0.0,0.0,1,1,False,10,15.0,,,,,,medium_high,unavailable
6bba_05db0fb1,6bba,74,75001463,76001484,58221.0,58903.0,76001484.0,58903.0,True,True,1.8168052317185792,1.8168052317185792,True,correct,1,0,0,0.8360722661018372,0.0,0.0,1,1,False,9,15.0,,,,,,medium_low,unavailable
6bba_05db0fb1,6bba,74,75001464,76001485,58227.0,58910.0,76001485.0,58910.0,True,True,1.86167137607581,1.86167137607581,True,correct,1,0,0,0.9098153710365295,0.0,0.0,1,1,False,15,15.0,,,,,,high,unavailable
6bba_05db0fb1,6bba,74,75001465,76001486,58245.0,58928.0,76001486.0,58928.0,True,True,2.1877232028983924,2.1877232028983924,True,correct,1,0,0,0.7485008835792542,0.0,0.0,1,1,False,13,15.0,,,,,,medium_high,unavailable
6bba_05db0fb1,6bba,74,75001466,76001487,58336.0,59020.0,76001487.0,59020.0,True,True,1.86167137607581,1.86167137607581,True,correct,1,0,0,0.8749347925186157,0.0,0.0,1,1,False,13,15.0,,,,,,medium_high,unavailable
6bba_05db0fb1,6bba,74,75001469,76001490,58347.0,59033.0,76001490.0,59033.0,True,True,1.625,1.625,True,correct,1,0,0,0.9533504843711853,0.0,0.0,1,1,False,11,15.0,,,,,,medium_high,unavailable
6bba_05db0fb1,6bba,74,75001470,76001491,58363.0,59047.0,76001491.0,59047.0,True,True,0.9084026158592896,0.9084026158592896,True,correct,1,0,0,0.8884980082511902,0.0,0.0,1,1,False,11,15.0,,,,,,medium_high,unavailable
6bba_05db0fb1,6bba,74,75001472,76001493,58420.0,59104.0,76001493.0,59104.0,True,True,1.6750116604071745,1.6750116604071745,True,correct,1,0,0,0.936810314655304,0.0,0.0,1,1,False,8,15.0,,,,,,medium_low,unavailable
6bba_05db0fb1,6bba,75,76001474,77001494,58628.0,59284.0,77001494.0,59284.0,True,True,1.6750116604071745,1.1490485194281397,True,correct,1,0,0,0.562224805355072,5.138701197773616,3.374565944310468,1,1,False,6,15.0,,,,,,medium_low,unavailable
6bba_05db0fb1,6bba,75,76001475,77001495,58622.0,,,59300.0,True,True,4.182599744775969,1.7235727791422095,False,missing_edge,0,0,1,,,2.569350598886808,0,0,False,14,15.0,,,,,,high,unavailable
6bba_05db0fb1,6bba,75,76001477,77001496,58834.0,59536.0,77001496.0,59536.0,True,True,2.7252078475778685,4.0625,True,correct,1,0,0,0.7828493118286133,2.2980970388562794,0.9084026158592896,1,1,False,15,15.0,,,,,,high,unavailable
6bba_05db0fb1,6bba,75,76001478,77001497,58946.0,59649.0,77001497.0,59649.0,True,True,1.21875,1.6750116604071745,True,correct,1,0,0,0.8685678243637085,0.0,2.0714766773970688,1,1,False,13,15.0,,,,,,medium_high,unavailable
6bba_05db0fb1,6bba,75,76001481,77001505,58917.0,59617.0,77001505.0,59617.0,True,True,5.343384490423649,5.3895152843275245,True,correct,1,0,0,0.6769823431968689,2.2980970388562794,2.7252078475778685,1,1,False,9,15.0,,,,,,medium_low,unavailable
6bba_05db0fb1,6bba,75,76001483,77001503,58923.0,59601.0,77001503.0,59601.0,True,True,2.0714766773970688,1.284675299443404,True,correct,1,0,0,0.8792045712471008,3.6336104634371584,1.8168052317185792,1,1,False,13,15.0,,,,,,medium_high,unavailable
6bba_05db0fb1,6bba,75,76001484,77001504,58903.0,59607.0,77001504.0,59607.0,True,True,1.8168052317185792,1.9902104160113323,True,correct,1,0,0,0.7604647874832153,1.625,0.8125,1,1,False,8,15.0,,,,,,medium_low,unavailable
6bba_05db0fb1,6bba,75,76001485,77001510,58910.0,59553.0,,59669.0,True,True,1.86167137607581,1.86167137607581,False,wrong_association,0,1,1,0.6572641730308533,6.5,6.822097597147082,1,1,False,17,15.0,,,,,,high,unavailable
6bba_05db0fb1,6bba,75,76001486,77001506,58928.0,59634.0,77001506.0,59634.0,True,True,2.1877232028983924,1.8168052317185792,True,correct,1,0,0,0.8057776093482971,1.625,0.9084026158592896,1,1,False,15,15.0,,,,,,high,unavailable
6bba_05db0fb1,6bba,75,76001487,77001507,59020.0,59716.0,77001507.0,59716.0,True,True,1.86167137607581,0.9084026158592896,True,correct,1,0,0,0.868549644947052,1.625,1.284675299443404,1,1,False,11,15.0,,,,,,medium_high,unavailable
6bba_05db0fb1,6bba,75,76001490,77001511,59033.0,59734.0,77001511.0,59734.0,True,True,1.625,0.0,True,correct,1,0,0,0.9464475512504578,0.0,1.625,1,1,False,12,15.0,,,,,,medium_high,unavailable
6bba_05db0fb1,6bba,75,76001491,77001512,59047.0,59751.0,77001512.0,59751.0,True,True,0.9084026158592896,0.8125,True,correct,1,0,0,0.6830157041549683,2.2980970388562794,1.4647552056572457,1,1,False,14,15.0,,,,,,high,unavailable
6bba_05db0fb1,6bba,75,76001493,77001513,59104.0,59809.0,77001513.0,59809.0,True,True,1.6750116604071745,0.0,True,correct,1,0,0,0.8908179402351379,0.0,1.6750116604071745,1,1,False,10,15.0,,,,,,medium_high,unavailable
6bba_05db0fb1,6bba,76,77001494,78001514,59284.0,59987.0,78001514.0,59987.0,True,True,1.1490485194281397,2.333728575156074,True,correct,1,0,0,0.8503115177154541,0.0,1.86167137607581,1,1,False,9,15.0,,,,,,medium_low,unavailable
6bba_05db0fb1,6bba,76,77001495,78001516,59300.0,59972.0,78001516.0,59972.0,True,True,1.7235727791422095,6.662995408410545,True,correct,1,0,0,0.6224439144134521,5.138701197773616,2.9575446425202108,1,1,False,15,15.0,,,,,,high,unavailable
6bba_05db0fb1,6bba,76,77001496,78001520,59536.0,60226.0,78001520.0,60226.0,True,True,4.0625,3.832554834897995,True,correct,1,0,0,0.8310233354568481,0.0,0.40625,1,1,False,16,15.0,,,,,,high,unavailable
6bba_05db0fb1,6bba,76,77001497,78001521,59649.0,60340.0,78001521.0,60340.0,True,True,1.6750116604071745,1.8168052317185792,True,correct,1,0,0,0.8823325037956238,0.0,0.40625,1,1,False,13,15.0,,,,,,medium_high,unavailable
6bba_05db0fb1,6bba,76,77001503,78001523,59601.0,60279.0,78001523.0,60279.0,True,True,1.284675299443404,1.7235727791422095,True,correct,1,0,0,0.7922194600105286,2.2980970388562794,0.8125,1,1,False,13,15.0,,,,,,medium_high,unavailable
6bba_05db0fb1,6bba,76,77001504,78001524,59607.0,60298.0,78001524.0,60298.0,True,True,1.9902104160113323,0.8125,True,correct,1,0,0,0.968169629573822,1.625,1.8168052317185792,1,1,False,10,15.0,,,,,,medium_high,unavailable
6bba_05db0fb1,6bba,76,77001505,78001525,59617.0,60291.0,,,True,False,5.3895152843275245,,False,target_node_missed,0,1,1,0.686689019203186,2.2980970388562794,0.8125,1,1,False,10,15.0,,,,,,medium_high,unavailable
6bba_05db0fb1,6bba,76,77001507,78001529,59716.0,60400.0,78001529.0,60400.0,True,True,0.9084026158592896,0.40625,True,correct,1,0,0,0.8924883604049683,1.625,0.8125,1,1,False,11,15.0,,,,,,medium_high,unavailable
6bba_05db0fb1,6bba,76,77001511,78001528,59734.0,60422.0,78001528.0,60422.0,True,True,0.0,0.40625,True,correct,1,0,0,0.9065748453140259,0.0,0.40625,1,1,False,12,15.0,,,,,,medium_high,unavailable
6bba_05db0fb1,6bba,76,77001512,78001530,59751.0,60440.0,78001530.0,60440.0,True,True,0.8125,0.40625,True,correct,1,0,0,0.7793458104133606,0.0,0.40625,1,1,False,14,15.0,,,,,,high,unavailable
6bba_05db0fb1,6bba,76,77001513,78001532,59809.0,60485.0,78001532.0,60485.0,True,True,0.0,1.6750116604071745,True,correct,1,0,0,0.8969045877456665,1.625,0.40625,1,1,False,10,15.0,,,,,,medium_high,unavailable
6bba_05db0fb1,6bba,77,78001514,79001536,59987.0,60672.0,79001536.0,60672.0,True,True,2.333728575156074,1.7235727791422095,True,correct,1,0,0,0.7106907367706299,1.625,0.40625,1,1,False,9,15.0,,,,,,medium_low,unavailable
6bba_05db0fb1,6bba,77,78001516,79001534,59972.0,60670.0,79001534.0,60670.0,True,True,6.662995408410545,4.958913218891817,True,correct,1,0,0,0.8123164176940918,2.2980970388562794,0.0,1,1,False,13,15.0,,,,,,medium_high,unavailable
6bba_05db0fb1,6bba,77,78001520,79001542,60226.0,60915.0,79001542.0,60915.0,True,True,3.832554834897995,4.0625,True,correct,1,0,0,0.6677300333976746,1.625,0.9084026158592896,1,1,False,15,15.0,,,,,,high,unavailable
6bba_05db0fb1,6bba,77,78001521,79001543,60340.0,61029.0,79001543.0,61029.0,True,True,1.8168052317185792,1.86167137607581,True,correct,1,0,0,0.8106560707092285,2.2980970388562794,0.9084026158592896,1,1,False,14,15.0,,,,,,high,unavailable
6bba_05db0fb1,6bba,77,78001523,79001545,60279.0,60966.0,79001545.0,60966.0,True,True,1.7235727791422095,1.21875,True,correct,1,0,0,0.8904569745063782,1.625,1.6750116604071745,1,1,False,11,15.0,,,,,,medium_high,unavailable
6bba_05db0fb1,6bba,77,78001524,79001546,60298.0,60985.0,79001546.0,60985.0,True,True,0.8125,0.5745242597140698,True,correct,1,0,0,0.9749114513397217,0.0,0.5745242597140698,1,1,False,11,15.0,,,,,,medium_high,unavailable
6bba_05db0fb1,6bba,77,78001525,79001547,,,,60968.0,False,True,,6.809990937035085,False,source_node_missed,0,0,1,,,1.4647552056572457,0,0,False,11,15.0,,,,,,medium_high,unavailable
6bba_05db0fb1,6bba,77,78001526,79001548,60318.0,61009.0,79001548.0,61009.0,True,True,1.86167137607581,1.86167137607581,True,correct,1,0,0,0.9721279740333557,1.625,0.8125,1,1,False,6,15.0,,,,,,medium_low,unavailable
6bba_05db0fb1,6bba,77,78001528,79001551,60422.0,61098.0,79001551.0,61098.0,True,True,0.40625,1.7235727791422095,True,correct,1,0,0,0.930140495300293,1.625,0.40625,1,1,False,11,15.0,,,,,,medium_high,unavailable
6bba_05db0fb1,6bba,77,78001529,79001552,60400.0,61087.0,79001552.0,61087.0,True,True,0.40625,0.9084026158592896,True,correct,1,0,0,0.8319687843322754,0.0,0.5745242597140698,1,1,False,11,15.0,,,,,,medium_high,unavailable
6bba_05db0fb1,6bba,77,78001530,79001553,60440.0,,,61130.0,True,True,0.40625,6.039340428598143,False,missing_edge,0,0,1,,,1.7235727791422095,0,0,False,12,15.0,,,,,,medium_high,unavailable
6bba_05db0fb1,6bba,77,78001532,79001555,60485.0,61170.0,79001555.0,61170.0,True,True,1.6750116604071745,1.8168052317185792,True,correct,1,0,0,0.8926845192909241,0.0,0.40625,1,1,False,11,15.0,,,,,,medium_high,unavailable
6bba_05db0fb1,6bba,78,79001534,80001557,60670.0,61360.0,80001557.0,61360.0,True,True,4.958913218891817,3.494694639736067,True,correct,1,0,0,0.7570967674255371,2.2980970388562794,2.9575446425202108,1,1,False,12,15.0,,,,,,medium_high,unavailable
6bba_05db0fb1,6bba,78,79001536,80001556,60672.0,61347.0,80001556.0,61347.0,True,True,1.7235727791422095,0.9084026158592896,True,correct,1,0,0,0.8465627431869507,2.2980970388562794,2.84375,1,1,False,10,15.0,,,,,,medium_high,unavailable
6bba_05db0fb1,6bba,78,79001542,80001559,60915.0,61592.0,80001559.0,61592.0,True,True,4.0625,4.162823748671087,True,correct,1,0,0,0.7726438045501709,2.2980970388562794,0.9084026158592896,1,1,False,15,15.0,,,,,,high,unavailable
6bba_05db0fb1,6bba,78,79001543,80001570,61029.0,61724.0,80001570.0,61724.0,True,True,1.86167137607581,1.7235727791422095,True,correct,1,0,0,0.7665086388587952,1.625,0.9084026158592896,1,1,False,13,15.0,,,,,,medium_high,unavailable
6bba_05db0fb1,6bba,78,79001545,80001563,60966.0,61657.0,80001563.0,61657.0,True,True,1.21875,0.8125,True,correct,1,0,0,0.7617373466491699,2.2980970388562794,0.9084026158592896,1,1,False,10,15.0,,,,,,medium_high,unavailable
6bba_05db0fb1,6bba,78,79001546,80001568,60985.0,61661.0,80001568.0,61661.0,True,True,0.5745242597140698,2.03125,True,correct,1,0,0,0.9472823739051819,1.625,0.9084026158592896,1,1,False,10,15.0,,,,,,medium_high,unavailable
6bba_05db0fb1,6bba,78,79001547,80001569,60968.0,61682.0,80001569.0,61682.0,True,True,6.809990937035085,5.3895152843275245,True,correct,1,0,0,0.6273939609527588,3.25,0.40625,1,1,False,11,15.0,,,,,,medium_high,unavailable
6bba_05db0fb1,6bba,78,79001548,80001571,61009.0,61719.0,80001571.0,61719.0,True,True,1.86167137607581,1.8168052317185792,True,correct,1,0,0,0.9176003336906433,2.2980970388562794,1.86167137607581,1,1,False,9,15.0,,,,,,medium_low,unavailable
6bba_05db0fb1,6bba,78,79001551,80001574,61098.0,61802.0,80001574.0,61802.0,True,True,1.7235727791422095,1.6750116604071745,True,correct,1,0,0,0.9180664420127869,1.625,1.86167137607581,1,1,False,11,15.0,,,,,,medium_high,unavailable
6bba_05db0fb1,6bba,78,79001552,80001573,61087.0,61775.0,80001573.0,61775.0,True,True,0.9084026158592896,0.0,True,correct,1,0,0,0.8418574929237366,0.0,0.9084026158592896,1,1,False,10,15.0,,,,,,medium_high,unavailable
6bba_05db0fb1,6bba,78,79001553,80001575,61130.0,61828.0,,,True,False,6.039340428598143,,False,target_node_missed,0,1,1,0.8681175708770752,2.2980970388562794,1.284675299443404,1,1,False,12,15.0,,,,,,medium_high,unavailable
6bba_05db0fb1,6bba,78,79001555,80001576,61170.0,61860.0,80001576.0,61860.0,True,True,1.8168052317185792,0.40625,True,correct,1,0,0,0.812519907951355,0.0,1.86167137607581,1,1,False,9,15.0,,,,,,medium_low,unavailable
6bba_05db0fb1,6bba,79,80001556,81001577,61347.0,62026.0,81001577.0,62026.0,True,True,0.9084026158592896,1.86167137607581,True,correct,1,0,0,0.8528335690498352,1.625,0.0,1,1,False,10,15.0,,,,,,medium_high,unavailable
6bba_05db0fb1,6bba,79,80001557,81001578,61360.0,62051.0,81001578.0,62051.0,True,True,3.494694639736067,3.494694639736067,True,correct,1,0,0,0.9151486754417419,0.0,0.0,1,1,False,12,15.0,,,,,,medium_high,unavailable
6bba_05db0fb1,6bba,79,80001559,81001580,61592.0,62277.0,81001580.0,62277.0,True,True,4.162823748671087,4.162823748671087,True,correct,1,0,0,0.8430065512657166,0.0,0.0,1,1,False,16,15.0,,,,,,high,unavailable
6bba_05db0fb1,6bba,79,80001563,81001584,61657.0,62340.0,81001584.0,62340.0,True,True,0.8125,0.8125,True,correct,1,0,0,0.8495069146156311,0.0,0.0,1,1,False,10,15.0,,,,,,medium_high,unavailable
6bba_05db0fb1,6bba,79,80001568,81001589,61661.0,62344.0,81001589.0,62344.0,True,True,2.03125,2.03125,True,correct,1,0,0,0.9413347840309143,0.0,0.0,1,1,False,8,15.0,,,,,,medium_low,unavailable
6bba_05db0fb1,6bba,79,80001569,81001590,61682.0,62363.0,81001590.0,62363.0,True,True,5.3895152843275245,5.3895152843275245,True,correct,1,0,0,0.8936904072761536,0.0,0.0,1,1,False,11,15.0,,,,,,medium_high,unavailable
6bba_05db0fb1,6bba,79,80001570,81001591,61724.0,62404.0,81001591.0,62404.0,True,True,1.7235727791422095,1.7235727791422095,True,correct,1,0,0,0.7315241098403931,0.0,0.0,1,1,False,13,15.0,,,,,,medium_high,unavailable
6bba_05db0fb1,6bba,79,80001571,81001592,61719.0,62399.0,81001592.0,62399.0,True,True,1.8168052317185792,1.8168052317185792,True,correct,1,0,0,0.9112256765365601,0.0,0.0,1,1,False,9,15.0,,,,,,medium_low,unavailable
6bba_05db0fb1,6bba,79,80001573,81001594,61775.0,62457.0,81001594.0,62457.0,True,True,0.0,0.0,True,correct,1,0,0,0.8850983381271362,0.0,0.0,1,1,False,10,15.0,,,,,,medium_high,unavailable
6bba_05db0fb1,6bba,79,80001574,81001595,61802.0,62485.0,81001595.0,62485.0,True,True,1.6750116604071745,1.6750116604071745,True,correct,1,0,0,0.9328190684318542,0.0,0.0,1,1,False,11,15.0,,,,,,medium_high,unavailable
6bba_05db0fb1,6bba,79,80001575,81001596,,,,,False,False,,,False,source_node_missed,0,0,1,,,0.0,0,0,False,12,15.0,,,,,,medium_high,unavailable
6bba_05db0fb1,6bba,79,80001576,81001597,61860.0,62540.0,81001597.0,62540.0,True,True,0.40625,0.40625,True,correct,1,0,0,0.8898674845695496,0.0,0.0,1,1,False,9,15.0,,,,,,medium_low,unavailable
6bba_05db0fb1,6bba,80,81001577,82001599,62026.0,62677.0,,62676.0,True,True,1.86167137607581,0.9084026158592896,False,wrong_association,0,1,1,0.8862416744232178,6.080193253507654,6.894291116568838,1,1,False,7,15.0,,,,,,medium_low,unavailable
6bba_05db0fb1,6bba,80,81001578,82001600,62051.0,62743.0,,62688.0,True,True,3.494694639736067,4.0827619710803615,False,wrong_association,0,1,1,0.6312605142593384,2.8145825622994254,7.501887783251626,1,1,False,14,15.0,,,,,,high,unavailable
6bba_05db0fb1,6bba,80,81001584,82001602,62340.0,63034.0,82001602.0,63034.0,True,True,0.8125,0.5745242597140698,True,correct,1,0,0,0.881903350353241,2.2980970388562794,2.368824207280903,1,1,False,9,15.0,,,,,,medium_low,unavailable
6bba_05db0fb1,6bba,80,81001589,82001604,62344.0,63003.0,,63058.0,True,True,2.03125,1.284675299443404,False,wrong_association,0,1,1,0.9218251705169678,5.138701197773616,1.6750116604071745,1,1,False,7,15.0,,,,,,medium_low,unavailable
6bba_05db0fb1,6bba,80,81001590,82001603,62363.0,63113.0,,62981.0,True,True,5.3895152843275245,6.9181882111576005,False,wrong_association,0,1,1,0.5539916753768921,7.083210783253595,8.30580087198098,1,1,False,8,15.0,,,,,,medium_low,unavailable
6bba_05db0fb1,6bba,80,81001591,82001605,62404.0,63103.0,82001605.0,63103.0,True,True,1.7235727791422095,0.40625,True,correct,1,0,0,0.6296743154525757,1.625,2.333728575156074,1,1,False,14,15.0,,,,,,high,unavailable
6bba_05db0fb1,6bba,80,81001592,82001606,62399.0,63098.0,82001606.0,63098.0,True,True,1.8168052317185792,1.86167137607581,True,correct,1,0,0,0.9036837816238403,2.2980970388562794,2.471122277933652,1,1,False,10,15.0,,,,,,medium_high,unavailable
6bba_05db0fb1,6bba,80,81001594,82001608,62457.0,63155.0,82001608.0,63155.0,True,True,0.0,0.40625,True,correct,1,0,0,0.8210423588752747,2.2980970388562794,2.03125,1,1,False,11,15.0,,,,,,medium_high,unavailable
6bba_05db0fb1,6bba,80,81001595,82001607,62485.0,63167.0,82001607.0,63167.0,True,True,1.6750116604071745,1.86167137607581,True,correct,1,0,0,0.9299527406692505,2.8145825622994254,2.8726212985703494,1,1,False,10,15.0,,,,,,medium_high,unavailable
6bba_05db0fb1,6bba,80,81001596,82001609,,,,63195.0,False,True,,5.138701197773616,False,source_node_missed,0,0,1,,,2.1877232028983924,0,0,False,11,15.0,,,,,,medium_high,unavailable
6bba_05db0fb1,6bba,80,81001597,82001610,62540.0,63252.0,82001610.0,63252.0,True,True,0.40625,0.8125,True,correct,1,0,0,0.9070165753364563,1.625,1.86167137607581,1,1,False,8,15.0,,,,,,medium_low,unavailable
6bba_05db0fb1,6bba,81,82001599,83001612,62676.0,63370.0,83001612.0,63370.0,True,True,0.9084026158592896,1.86167137607581,True,correct,1,0,0,0.7778822183609009,2.2980970388562794,0.0,1,1,False,7,15.0,,,,,,medium_low,unavailable
6bba_05db0fb1,6bba,81,82001600,83001613,62688.0,63395.0,83001613.0,63395.0,True,True,4.0827619710803615,4.0827619710803615,True,correct,1,0,0,0.8073107600212097,0.0,0.0,1,1,False,14,15.0,,,,,,high,unavailable
6bba_05db0fb1,6bba,81,82001601,83001614,62785.0,63485.0,83001614.0,63485.0,True,True,0.40625,0.40625,True,correct,1,0,0,0.9174869656562805,0.0,0.0,1,1,False,8,15.0,,,,,,medium_low,unavailable
6bba_05db0fb1,6bba,81,82001602,83001615,63034.0,63717.0,83001615.0,63717.0,True,True,0.5745242597140698,0.5745242597140698,True,correct,1,0,0,0.8959797620773315,0.0,0.0,1,1,False,8,15.0,,,,,,medium_low,unavailable
6bba_05db0fb1,6bba,81,82001603,83001616,62981.0,63681.0,83001616.0,63681.0,True,True,6.9181882111576005,6.319766856854769,True,correct,1,0,0,0.9051077961921692,1.625,0.0,1,1,False,8,15.0,,,,,,medium_low,unavailable
6bba_05db0fb1,6bba,81,82001604,83001617,63058.0,63742.0,83001617.0,63742.0,True,True,1.284675299443404,1.284675299443404,True,correct,1,0,0,0.9485715627670288,0.0,0.0,1,1,False,7,15.0,,,,,,medium_low,unavailable
6bba_05db0fb1,6bba,81,82001605,83001618,63103.0,63788.0,83001618.0,63788.0,True,True,0.40625,0.40625,True,correct,1,0,0,0.8068398833274841,0.0,0.0,1,1,False,14,15.0,,,,,,high,unavailable
6bba_05db0fb1,6bba,81,82001606,83001619,63098.0,63783.0,83001619.0,63783.0,True,True,1.86167137607581,1.86167137607581,True,correct,1,0,0,0.9267303347587585,0.0,0.0,1,1,False,10,15.0,,,,,,medium_high,unavailable
6bba_05db0fb1,6bba,81,82001607,83001620,63167.0,63836.0,83001620.0,63836.0,True,True,1.86167137607581,3.374565944310468,True,correct,1,0,0,0.9672709703445435,1.625,0.0,1,1,False,11,15.0,,,,,,medium_high,unavailable
6bba_05db0fb1,6bba,81,82001608,83001621,63155.0,63841.0,83001621.0,63841.0,True,True,0.40625,0.40625,True,correct,1,0,0,0.8904971480369568,0.0,0.0,1,1,False,11,15.0,,,,,,medium_high,unavailable
6bba_05db0fb1,6bba,81,82001609,83001622,63195.0,63878.0,83001622.0,63878.0,True,True,5.138701197773616,5.138701197773616,True,correct,1,0,0,0.9472693204879761,0.0,0.0,1,1,False,11,15.0,,,,,,medium_high,unavailable
6bba_05db0fb1,6bba,81,82001610,83001623,63252.0,63931.0,83001623.0,63931.0,True,True,0.8125,0.8125,True,correct,1,0,0,0.8627447485923767,0.0,0.0,1,1,False,8,15.0,,,,,,medium_low,unavailable
6bba_05db0fb1,6bba,82,83001613,84001625,63395.0,64082.0,84001625.0,64082.0,True,True,4.0827619710803615,5.202538442914189,True,correct,1,0,0,0.5072299838066101,3.6336104634371584,3.374565944310468,1,1,False,17,15.0,,,,,,high,unavailable
6bba_05db0fb1,6bba,82,83001614,84001627,63485.0,64173.0,84001627.0,64173.0,True,True,0.40625,0.40625,True,correct,1,0,0,0.8525186777114868,0.0,0.5745242597140698,1,1,False,8,15.0,,,,,,medium_low,unavailable
6bba_05db0fb1,6bba,82,83001615,84001634,63717.0,64387.0,84001634.0,64387.0,True,True,0.5745242597140698,0.9084026158592896,True,correct,1,0,0,0.9188717603683472,1.625,1.6750116604071745,1,1,False,9,15.0,,,,,,medium_low,unavailable
6bba_05db0fb1,6bba,82,83001616,84001636,63681.0,64363.0,84001636.0,64363.0,True,True,6.319766856854769,6.894291116568838,True,correct,1,0,0,0.8683050274848938,1.625,2.0714766773970688,1,1,False,10,15.0,,,,,,medium_high,unavailable
6bba_05db0fb1,6bba,82,83001617,84001637,63742.0,64415.0,84001637.0,64415.0,True,True,1.284675299443404,0.8125,True,correct,1,0,0,0.9314795732498169,2.8145825622994254,1.7235727791422095,1,1,False,9,15.0,,,,,,medium_low,unavailable
6bba_05db0fb1,6bba,82,83001618,84001630,63788.0,64474.0,84001630.0,64474.0,True,True,0.40625,1.8168052317185792,True,correct,1,0,0,0.9235481023788452,1.625,0.40625,1,1,False,14,15.0,,,,,,high,unavailable
6bba_05db0fb1,6bba,82,83001619,84001639,63783.0,64485.0,84001639.0,64485.0,True,True,1.86167137607581,0.5745242597140698,True,correct,1,0,0,0.8764177560806274,2.8145825622994254,1.4647552056572457,1,1,False,13,15.0,,,,,,medium_high,unavailable
6bba_05db0fb1,6bba,82,83001620,84001641,63836.0,64520.0,84001641.0,64520.0,True,True,3.374565944310468,1.9902104160113323,True,correct,1,0,0,0.8833362460136414,1.625,1.6750116604071745,1,1,False,9,15.0,,,,,,medium_low,unavailable
6bba_05db0fb1,6bba,82,83001621,84001643,63841.0,64525.0,84001643.0,64525.0,True,True,0.40625,0.9084026158592896,True,correct,1,0,0,0.9153615832328796,0.0,0.8125,1,1,False,11,15.0,,,,,,medium_high,unavailable
6bba_05db0fb1,6bba,82,83001622,84001644,63878.0,64572.0,,64571.0,True,True,5.138701197773616,0.9084026158592896,False,wrong_association,0,1,1,0.9516662955284119,0.0,0.9084026158592896,1,1,False,11,15.0,,,,,,medium_high,unavailable
6bba_05db0fb1,6bba,82,83001623,84001645,63931.0,64614.0,84001645.0,64614.0,True,True,0.8125,2.368824207280903,True,correct,1,0,0,0.8716062903404236,2.8145825622994254,1.7235727791422095,1,1,False,10,15.0,,,,,,medium_high,unavailable
6bba_05db0fb1,6bba,83,84001625,85001647,64082.0,64776.0,85001647.0,64776.0,True,True,5.202538442914189,4.772356925566235,True,correct,1,0,0,0.6652506589889526,0.0,0.5745242597140698,1,1,False,15,15.0,,,,,,high,unavailable
6bba_05db0fb1,6bba,83,84001627,85001648,64173.0,64850.0,85001648.0,64850.0,True,True,0.40625,0.5745242597140698,True,correct,1,0,0,0.9525992274284363,1.625,1.6750116604071745,1,1,False,6,15.0,,,,,,medium_low,unavailable
6bba_05db0fb1,6bba,83,84001630,85001656,64474.0,65146.0,85001656.0,65146.0,True,True,1.8168052317185792,2.4375,True,correct,1,0,0,0.9584176540374756,1.625,0.0,1,1,False,14,15.0,,,,,,high,unavailable
6bba_05db0fb1,6bba,83,84001634,85001650,64387.0,65072.0,85001650.0,65072.0,True,True,0.9084026158592896,0.9084026158592896,True,correct,1,0,0,0.9204049110412598,0.0,0.5745242597140698,1,1,False,9,15.0,,,,,,medium_low,unavailable
6bba_05db0fb1,6bba,83,84001636,85001653,64363.0,65053.0,85001653.0,65053.0,True,True,6.894291116568838,6.512682938889317,True,correct,1,0,0,0.8070035576820374,2.8145825622994254,2.03125,1,1,False,9,15.0,,,,,,medium_low,unavailable
6bba_05db0fb1,6bba,83,84001637,85001654,64415.0,65096.0,85001654.0,65096.0,True,True,0.8125,1.284675299443404,True,correct,1,0,0,0.896384596824646,0.0,0.5745242597140698,1,1,False,8,15.0,,,,,,medium_low,unavailable
6bba_05db0fb1,6bba,83,84001639,85001657,64485.0,65170.0,85001657.0,65170.0,True,True,0.5745242597140698,0.8125,True,correct,1,0,0,0.906597912311554,0.0,0.5745242597140698,1,1,False,12,15.0,,,,,,medium_high,unavailable
6bba_05db0fb1,6bba,83,84001640,85001658,64491.0,65163.0,85001658.0,65163.0,True,True,0.8125,1.1490485194281397,True,correct,1,0,0,0.9712074398994446,2.2980970388562794,1.8168052317185792,1,1,False,17,15.0,,,,,,high,unavailable
6bba_05db0fb1,6bba,83,84001641,85001659,64520.0,65194.0,85001659.0,65194.0,True,True,1.9902104160113323,3.374565944310468,True,correct,1,0,0,0.9537807703018188,1.625,0.40625,1,1,False,10,15.0,,,,,,medium_high,unavailable
6bba_05db0fb1,6bba,83,84001643,85001660,64525.0,65212.0,85001660.0,65212.0,True,True,0.9084026158592896,0.9084026158592896,True,correct,1,0,0,0.916569709777832,0.0,0.0,1,1,False,11,15.0,,,,,,medium_high,unavailable
6bba_05db0fb1,6bba,83,84001644,85001661,64571.0,65252.0,85001661.0,65252.0,True,True,0.9084026158592896,0.5745242597140698,True,correct,1,0,0,0.8679219484329224,0.0,0.40625,1,1,False,11,15.0,,,,,,medium_high,unavailable
6bba_05db0fb1,6bba,83,84001645,85001662,64614.0,65289.0,85001662.0,65289.0,True,True,2.368824207280903,2.4375,True,correct,1,0,0,0.8923994898796082,1.625,0.5745242597140698,1,1,False,11,15.0,,,,,,medium_high,unavailable
6bba_05db0fb1,6bba,84,85001647,86001664,64776.0,65456.0,86001664.0,65456.0,True,True,4.772356925566235,4.772356925566235,True,correct,1,0,0,0.8541532158851624,0.0,0.0,1,1,False,15,15.0,,,,,,high,unavailable
6bba_05db0fb1,6bba,84,85001648,86001665,64850.0,65529.0,86001665.0,65529.0,True,True,0.5745242597140698,0.5745242597140698,True,correct,1,0,0,0.9572651982307434,0.0,0.0,1,1,False,6,15.0,,,,,,medium_low,unavailable
6bba_05db0fb1,6bba,84,85001650,86001667,65072.0,65750.0,86001667.0,65750.0,True,True,0.9084026158592896,0.9084026158592896,True,correct,1,0,0,0.9321801662445068,0.0,0.0,1,1,False,9,15.0,,,,,,medium_low,unavailable
6bba_05db0fb1,6bba,84,85001653,86001670,65053.0,65731.0,86001670.0,65731.0,True,True,6.512682938889317,6.512682938889317,True,correct,1,0,0,0.8255230784416199,0.0,0.0,1,1,False,8,15.0,,,,,,medium_low,unavailable
6bba_05db0fb1,6bba,84,85001654,86001671,65096.0,65775.0,86001671.0,65775.0,True,True,1.284675299443404,1.284675299443404,True,correct,1,0,0,0.904866635799408,0.0,0.0,1,1,False,8,15.0,,,,,,medium_low,unavailable
6bba_05db0fb1,6bba,84,85001656,86001673,65146.0,65823.0,86001673.0,65823.0,True,True,2.4375,2.4375,True,correct,1,0,0,0.9602848887443542,0.0,0.0,1,1,False,14,15.0,,,,,,high,unavailable
6bba_05db0fb1,6bba,84,85001657,86001674,65170.0,65846.0,86001674.0,65846.0,True,True,0.8125,0.8125,True,correct,1,0,0,0.926510214805603,0.0,0.0,1,1,False,12,15.0,,,,,,medium_high,unavailable
6bba_05db0fb1,6bba,84,85001658,86001675,65163.0,65839.0,86001675.0,65839.0,True,True,1.1490485194281397,1.1490485194281397,True,correct,1,0,0,0.9827478528022766,0.0,0.0,1,1,False,17,15.0,,,,,,high,unavailable
6bba_05db0fb1,6bba,84,85001659,86001676,65194.0,65870.0,86001676.0,65870.0,True,True,3.374565944310468,3.374565944310468,True,correct,1,0,0,0.9598487615585327,0.0,0.0,1,1,False,10,15.0,,,,,,medium_high,unavailable
6bba_05db0fb1,6bba,84,85001660,86001677,65212.0,65888.0,86001677.0,65888.0,True,True,0.9084026158592896,0.9084026158592896,True,correct,1,0,0,0.9202528595924377,0.0,0.0,1,1,False,11,15.0,,,,,,medium_high,unavailable
6bba_05db0fb1,6bba,84,85001661,86001678,65252.0,65930.0,86001678.0,65930.0,True,True,0.5745242597140698,0.5745242597140698,True,correct,1,0,0,0.8764014840126038,0.0,0.0,1,1,False,11,15.0,,,,,,medium_high,unavailable
6bba_05db0fb1,6bba,84,85001662,86001679,65289.0,65968.0,86001679.0,65968.0,True,True,2.4375,2.4375,True,correct,1,0,0,0.856040358543396,0.0,0.0,1,1,False,11,15.0,,,,,,medium_high,unavailable
6bba_05db0fb1,6bba,85,86001664,87001681,65456.0,66114.0,87001681.0,66114.0,True,True,4.772356925566235,3.72334275215162,True,correct,1,0,0,0.6978304982185364,3.9804208320226646,2.0714766773970688,1,1,False,12,15.0,,,,,,medium_high,unavailable
6bba_05db0fb1,6bba,85,86001665,87001683,65529.0,66209.0,87001683.0,66209.0,True,True,0.5745242597140698,1.86167137607581,True,correct,1,0,0,0.9136335849761963,1.625,2.6012692214570947,1,1,False,7,15.0,,,,,,medium_low,unavailable
6bba_05db0fb1,6bba,85,86001667,87001688,65750.0,66418.0,87001688.0,66418.0,True,True,0.9084026158592896,0.8125,True,correct,1,0,0,0.9162952899932861,2.2980970388562794,1.6750116604071745,1,1,False,10,15.0,,,,,,medium_high,unavailable
6bba_05db0fb1,6bba,85,86001670,87001687,65731.0,66391.0,87001687.0,66391.0,True,True,6.512682938889317,6.319766856854769,True,correct,1,0,0,0.7684684991836548,4.875,9.792226269470085,1,1,False,4,15.0,,,,,,medium_low,unavailable
6bba_05db0fb1,6bba,85,86001671,87001692,65775.0,66469.0,87001692.0,66469.0,True,True,1.284675299443404,0.8125,True,correct,1,0,0,0.9280673861503601,0.0,0.5745242597140698,1,1,False,8,15.0,,,,,,medium_low,unavailable
6bba_05db0fb1,6bba,85,86001673,87001696,65823.0,66511.0,87001696.0,66511.0,True,True,2.4375,2.333728575156074,True,correct,1,0,0,0.884584903717041,1.625,1.21875,1,1,False,14,15.0,,,,,,high,unavailable
6bba_05db0fb1,6bba,85,86001674,87001698,65846.0,66536.0,87001698.0,66536.0,True,True,0.8125,1.1490485194281397,True,correct,1,0,0,0.8671937584877014,1.625,0.8125,1,1,False,13,15.0,,,,,,medium_high,unavailable
6bba_05db0fb1,6bba,85,86001675,87001697,65839.0,66515.0,87001697.0,66515.0,True,True,1.1490485194281397,0.5745242597140698,True,correct,1,0,0,0.9416716694831848,2.2980970388562794,1.7235727791422095,1,1,False,17,15.0,,,,,,high,unavailable
6bba_05db0fb1,6bba,85,86001676,87001699,65870.0,66550.0,87001699.0,66550.0,True,True,3.374565944310468,1.7235727791422095,True,correct,1,0,0,0.9373286962509155,1.625,3.2752922102462856,1,1,False,9,15.0,,,,,,medium_low,unavailable
6bba_05db0fb1,6bba,85,86001677,87001694,65888.0,66580.0,87001694.0,66580.0,True,True,0.9084026158592896,1.86167137607581,True,correct,1,0,0,0.9236788153648376,0.0,1.7235727791422095,1,1,False,11,15.0,,,,,,medium_high,unavailable
6bba_05db0fb1,6bba,85,86001678,87001700,65930.0,66611.0,87001700.0,66611.0,True,True,0.5745242597140698,0.5745242597140698,True,correct,1,0,0,0.8965988755226135,2.2980970388562794,1.8168052317185792,1,1,False,11,15.0,,,,,,medium_high,unavailable
6bba_05db0fb1,6bba,85,86001679,87001701,65968.0,66657.0,87001701.0,66657.0,True,True,2.4375,0.40625,True,correct,1,0,0,0.8253365159034729,1.625,1.6750116604071745,1,1,False,10,15.0,,,,,,medium_high,unavailable
6bba_05db0fb1,6bba,86,87001681,88001703,66114.0,66788.0,88001703.0,66788.0,True,True,3.72334275215162,2.368824207280903,True,correct,1,0,0,0.8888669610023499,1.625,4.33756303988772,1,1,False,10,15.0,,,,,,medium_high,unavailable
6bba_05db0fb1,6bba,86,87001683,88001706,66209.0,66917.0,88001706.0,66917.0,True,True,1.86167137607581,5.51064311128928,True,correct,1,0,0,0.61614990234375,3.9804208320226646,2.333728575156074,1,1,False,7,15.0,,,,,,medium_low,unavailable
6bba_05db0fb1,6bba,86,87001688,88001712,66418.0,67117.0,88001712.0,67117.0,True,True,0.8125,1.8168052317185792,True,correct,1,0,0,0.9541370868682861,0.0,1.625,1,1,False,10,15.0,,,,,,medium_high,unavailable
6bba_05db0fb1,6bba,86,87001690,88001714,66628.0,67321.0,88001714.0,67321.0,True,True,1.6750116604071745,0.40625,True,correct,1,0,0,0.9012441039085388,0.0,1.625,1,1,False,14,15.0,,,,,,high,unavailable
6bba_05db0fb1,6bba,86,87001692,88001716,66469.0,67164.0,88001716.0,67164.0,True,True,0.8125,1.7235727791422095,True,correct,1,0,0,0.8911250233650208,1.625,1.7235727791422095,1,1,False,8,15.0,,,,,,medium_low,unavailable
6bba_05db0fb1,6bba,86,87001693,88001717,66488.0,67178.0,88001717.0,67178.0,True,True,0.40625,0.5745242597140698,True,correct,1,0,0,0.819905698299408,0.0,0.40625,1,1,False,11,15.0,,,,,,medium_high,unavailable
6bba_05db0fb1,6bba,86,87001694,88001718,66580.0,67264.0,88001718.0,67264.0,True,True,1.86167137607581,0.8125,True,correct,1,0,0,0.9421670436859131,1.625,0.40625,1,1,False,11,15.0,,,,,,medium_high,unavailable
6bba_05db0fb1,6bba,86,87001696,88001720,66511.0,67225.0,88001720.0,67225.0,True,True,2.333728575156074,1.8168052317185792,True,correct,1,0,0,0.929742157459259,1.625,0.40625,1,1,False,13,15.0,,,,,,medium_high,unavailable
6bba_05db0fb1,6bba,86,87001697,88001710,66515.0,67213.0,88001710.0,67213.0,True,True,0.5745242597140698,1.284675299443404,True,correct,1,0,0,0.9583145976066589,1.625,0.8125,1,1,False,19,15.0,,,,,,high,unavailable
6bba_05db0fb1,6bba,86,87001698,88001721,66536.0,67234.0,88001721.0,67234.0,True,True,1.1490485194281397,1.1490485194281397,True,correct,1,0,0,0.9340111017227173,1.625,0.0,1,1,False,13,15.0,,,,,,medium_high,unavailable
6bba_05db0fb1,6bba,86,87001699,88001722,66550.0,67258.0,88001722.0,67258.0,True,True,1.7235727791422095,2.0714766773970688,True,correct,1,0,0,0.9324539303779602,2.2980970388562794,1.8168052317185792,1,1,False,9,15.0,,,,,,medium_low,unavailable
6bba_05db0fb1,6bba,86,87001700,88001723,66611.0,67316.0,88001723.0,67316.0,True,True,0.5745242597140698,1.6750116604071745,True,correct,1,0,0,0.8621585369110107,1.625,0.40625,1,1,False,11,15.0,,,,,,medium_high,unavailable
6bba_05db0fb1,6bba,86,87001701,88001724,66657.0,67347.0,88001724.0,67347.0,True,True,0.40625,3.471001521535247,True,correct,1,0,0,0.8335033655166626,1.625,1.8168052317185792,1,1,False,9,15.0,,,,,,medium_low,unavailable
6bba_05db0fb1,6bba,87,88001703,89001725,66788.0,67519.0,,67462.0,True,True,2.368824207280903,2.1877232028983924,False,wrong_association,0,1,1,0.6195658445358276,4.875,7.094851236107774,1,1,False,15,15.0,,,,,,high,unavailable
6bba_05db0fb1,6bba,87,88001706,89001726,66917.0,67620.0,,67560.0,True,True,5.51064311128928,2.1877232028983924,False,wrong_association,0,1,1,0.6369063854217529,1.625,9.690574109024707,1,1,False,8,15.0,,,,,,medium_low,unavailable
6bba_05db0fb1,6bba,87,88001710,89001732,67213.0,67885.0,89001732.0,67885.0,True,True,1.284675299443404,0.9084026158592896,True,correct,1,0,0,0.7825073003768921,6.080193253507654,5.816614806956019,1,1,False,18,15.0,,,,,,high,unavailable
6bba_05db0fb1,6bba,87,88001712,89001734,67117.0,67823.0,89001734.0,67823.0,True,True,1.8168052317185792,0.40625,True,correct,1,0,0,0.919649600982666,2.2980970388562794,3.2752922102462856,1,1,False,12,15.0,,,,,,medium_high,unavailable
6bba_05db0fb1,6bba,87,88001714,89001738,67321.0,68030.0,89001738.0,68030.0,True,True,0.40625,0.9084026158592896,True,correct,1,0,0,0.9119327664375305,1.625,1.8168052317185792,1,1,False,9,15.0,,,,,,medium_low,unavailable
6bba_05db0fb1,6bba,87,88001716,89001741,67164.0,67867.0,89001741.0,67867.0,True,True,1.7235727791422095,1.86167137607581,True,correct,1,0,0,0.9242740869522095,2.2980970388562794,2.1877232028983924,1,1,False,8,15.0,,,,,,medium_low,unavailable
6bba_05db0fb1,6bba,87,88001717,89001742,67178.0,67902.0,89001742.0,67902.0,True,True,0.5745242597140698,2.0714766773970688,True,correct,1,0,0,0.6314149498939514,3.6336104634371584,2.4375,1,1,False,12,15.0,,,,,,medium_high,unavailable
6bba_05db0fb1,6bba,87,88001718,89001743,67264.0,67988.0,89001743.0,67988.0,True,True,0.8125,1.7235727791422095,True,correct,1,0,0,0.9083921313285828,1.625,1.7235727791422095,1,1,False,12,15.0,,,,,,medium_high,unavailable
6bba_05db0fb1,6bba,87,88001720,89001729,67225.0,67930.0,89001729.0,67930.0,True,True,1.8168052317185792,0.9084026158592896,True,correct,1,0,0,0.7458334565162659,2.2980970388562794,1.6750116604071745,1,1,False,14,15.0,,,,,,high,unavailable
6bba_05db0fb1,6bba,87,88001721,89001745,67234.0,67940.0,89001745.0,67940.0,True,True,1.1490485194281397,1.8168052317185792,True,correct,1,0,0,0.8706008195877075,2.2980970388562794,0.8125,1,1,False,15,15.0,,,,,,high,unavailable
6bba_05db0fb1,6bba,87,88001722,89001735,67258.0,67953.0,89001735.0,67953.0,True,True,2.0714766773970688,0.8125,True,correct,1,0,0,0.8725322484970093,3.6336104634371584,5.296851954227152,1,1,False,8,15.0,,,,,,medium_low,unavailable
6bba_05db0fb1,6bba,87,88001723,89001746,67316.0,68025.0,89001746.0,68025.0,True,True,1.6750116604071745,0.8125,True,correct,1,0,0,0.8547654151916504,1.625,0.40625,1,1,False,12,15.0,,,,,,medium_high,unavailable
6bba_05db0fb1,6bba,87,88001724,89001747,67347.0,68052.0,89001747.0,68052.0,True,True,3.471001521535247,1.8168052317185792,True,correct,1,0,0,0.8064557313919067,2.2980970388562794,3.374565944310468,1,1,False,10,15.0,,,,,,medium_high,unavailable
6bba_05db0fb1,6bba,88,89001725,90001748,67462.0,68154.0,90001748.0,68154.0,True,True,2.1877232028983924,3.5648292823780494,True,correct,1,0,0,0.7758615612983704,1.625,0.0,1,1,False,15,15.0,,,,,,high,unavailable
6bba_05db0fb1,6bba,88,89001726,90001749,67560.0,68270.0,90001749.0,68270.0,True,True,2.1877232028983924,2.1877232028983924,True,correct,1,0,0,0.8965446352958679,0.0,0.0,1,1,False,9,15.0,,,,,,medium_low,unavailable
6bba_05db0fb1,6bba,88,89001729,90001752,67930.0,68609.0,90001752.0,68609.0,True,True,0.9084026158592896,1.86167137607581,True,correct,1,0,0,0.5399588942527771,2.2980970388562794,0.0,1,1,False,14,15.0,,,,,,high,unavailable
6bba_05db0fb1,6bba,88,89001732,90001755,67885.0,68580.0,90001755.0,68580.0,True,True,0.9084026158592896,0.9084026158592896,True,correct,1,0,0,0.923058807849884,0.0,0.0,1,1,False,18,15.0,,,,,,high,unavailable
6bba_05db0fb1,6bba,88,89001734,90001757,67823.0,68520.0,90001757.0,68520.0,True,True,0.40625,0.40625,True,correct,1,0,0,0.9539801478385925,0.0,0.0,1,1,False,12,15.0,,,,,,medium_high,unavailable
6bba_05db0fb1,6bba,88,89001735,90001758,67953.0,68647.0,90001758.0,68647.0,True,True,0.8125,0.8125,True,correct,1,0,0,0.9562342762947083,0.0,0.0,1,1,False,8,15.0,,,,,,medium_low,unavailable
6bba_05db0fb1,6bba,88,89001738,90001761,68030.0,68719.0,90001761.0,68719.0,True,True,0.9084026158592896,0.9084026158592896,True,correct,1,0,0,0.8735401034355164,0.0,0.0,1,1,False,9,15.0,,,,,,medium_low,unavailable
6bba_05db0fb1,6bba,88,89001741,90001764,67867.0,68561.0,90001764.0,68561.0,True,True,1.86167137607581,1.86167137607581,True,correct,1,0,0,0.954754650592804,0.0,0.0,1,1,False,8,15.0,,,,,,medium_low,unavailable
6bba_05db0fb1,6bba,88,89001742,90001765,67902.0,68579.0,90001765.0,68579.0,True,True,2.0714766773970688,1.284675299443404,True,correct,1,0,0,0.8341787457466125,1.625,0.0,1,1,False,12,15.0,,,,,,medium_high,unavailable
6bba_05db0fb1,6bba,88,89001743,90001766,67988.0,68681.0,90001766.0,68681.0,True,True,1.7235727791422095,2.0714766773970688,True,correct,1,0,0,0.9029058814048767,1.625,0.0,1,1,False,12,15.0,,,,,,medium_high,unavailable
6bba_05db0fb1,6bba,88,89001745,90001768,67940.0,68633.0,90001768.0,68633.0,True,True,1.8168052317185792,1.8168052317185792,True,correct,1,0,0,0.9079020023345947,0.0,0.0,1,1,False,15,15.0,,,,,,high,unavailable
6bba_05db0fb1,6bba,88,89001746,90001769,68025.0,68714.0,90001769.0,68714.0,True,True,0.8125,0.8125,True,correct,1,0,0,0.9099936485290527,0.0,0.0,1,1,False,12,15.0,,,,,,medium_high,unavailable
6bba_05db0fb1,6bba,88,89001747,90001770,68052.0,68742.0,90001770.0,68742.0,True,True,1.8168052317185792,1.8168052317185792,True,correct,1,0,0,0.934579610824585,0.0,0.0,1,1,False,10,15.0,,,,,,medium_high,unavailable
6bba_05db0fb1,6bba,89,90001749,91001771,68270.0,68931.0,91001771.0,68931.0,True,True,2.1877232028983924,1.7235727791422095,True,correct,1,0,0,0.9002139568328857,2.8145825622994254,2.03125,1,1,False,9,15.0,,,,,,medium_low,unavailable
6bba_05db0fb1,6bba,89,90001752,91001780,68609.0,69268.0,91001780.0,69268.0,True,True,1.86167137607581,1.8168052317185792,True,correct,1,0,0,0.8982723355293274,0.0,0.9084026158592896,1,1,False,15,15.0,,,,,,high,unavailable
6bba_05db0fb1,6bba,89,90001755,91001778,68580.0,69241.0,91001778.0,69241.0,True,True,0.9084026158592896,0.9084026158592896,True,correct,1,0,0,0.9287661910057068,1.625,1.625,1,1,False,17,15.0,,,,,,high,unavailable
6bba_05db0fb1,6bba,89,90001757,91001773,68520.0,69180.0,91001773.0,69180.0,True,True,0.40625,0.5745242597140698,True,correct,1,0,0,0.9501718282699585,0.0,0.40625,1,1,False,10,15.0,,,,,,medium_high,unavailable
6bba_05db0fb1,6bba,89,90001761,91001776,68719.0,69399.0,91001776.0,69399.0,True,True,0.9084026158592896,1.86167137607581,True,correct,1,0,0,0.8474507331848145,1.625,0.5745242597140698,1,1,False,12,15.0,,,,,,medium_high,unavailable
6bba_05db0fb1,6bba,89,90001764,91001779,68561.0,69223.0,91001779.0,69223.0,True,True,1.86167137607581,0.40625,True,correct,1,0,0,0.9473341703414917,0.0,1.7235727791422095,1,1,False,9,15.0,,,,,,medium_low,unavailable
6bba_05db0fb1,6bba,89,90001766,91001783,68681.0,69348.0,91001783.0,69348.0,True,True,2.0714766773970688,0.0,True,correct,1,0,0,0.9653574824333191,0.0,2.0714766773970688,1,1,False,13,15.0,,,,,,medium_high,unavailable
6bba_05db0fb1,6bba,89,90001768,91001781,68633.0,69306.0,91001781.0,69306.0,True,True,1.8168052317185792,1.86167137607581,True,correct,1,0,0,0.8835782408714294,2.2980970388562794,2.03125,1,1,False,12,15.0,,,,,,medium_high,unavailable
6bba_05db0fb1,6bba,89,90001769,91001784,68714.0,69379.0,91001784.0,69379.0,True,True,0.8125,1.1490485194281397,True,correct,1,0,0,0.9322565197944641,0.0,0.8125,1,1,False,12,15.0,,,,,,medium_high,unavailable
6bba_05db0fb1,6bba,89,90001770,91001785,68742.0,69422.0,91001785.0,69422.0,True,True,1.8168052317185792,2.0714766773970688,True,correct,1,0,0,0.9488521218299866,2.2980970388562794,2.0714766773970688,1,1,False,10,15.0,,,,,,medium_high,unavailable
6bba_05db0fb1,6bba,90,91001771,92001787,68931.0,69605.0,92001787.0,69605.0,True,True,1.7235727791422095,0.40625,True,correct,1,0,0,0.9082366228103638,1.625,0.40625,1,1,False,9,15.0,,,,,,medium_low,unavailable
6bba_05db0fb1,6bba,90,91001773,92001792,69180.0,69862.0,92001792.0,69862.0,True,True,0.5745242597140698,1.8168052317185792,True,correct,1,0,0,0.9476414322853088,0.0,1.7235727791422095,1,1,False,9,15.0,,,,,,medium_low,unavailable
6bba_05db0fb1,6bba,90,91001776,92001797,69399.0,70078.0,92001797.0,70078.0,True,True,1.86167137607581,1.1490485194281397,True,correct,1,0,0,0.8562667369842529,0.0,1.6750116604071745,1,1,False,12,15.0,,,,,,medium_high,unavailable
6bba_05db0fb1,6bba,90,91001778,92001799,69241.0,69926.0,92001799.0,69926.0,True,True,0.9084026158592896,0.40625,True,correct,1,0,0,0.8837305307388306,0.0,0.5745242597140698,1,1,False,15,15.0,,,,,,high,unavailable
6bba_05db0fb1,6bba,90,91001779,92001800,69223.0,69909.0,92001800.0,69909.0,True,True,0.40625,0.40625,True,correct,1,0,0,0.9583298563957214,0.0,0.0,1,1,False,8,15.0,,,,,,medium_low,unavailable
6bba_05db0fb1,6bba,90,91001780,92001790,69268.0,69952.0,92001790.0,69952.0,True,True,1.8168052317185792,2.0714766773970688,True,correct,1,0,0,0.9548911452293396,0.0,0.5745242597140698,1,1,False,15,15.0,,,,,,high,unavailable
6bba_05db0fb1,6bba,90,91001781,92001804,69306.0,69987.0,92001804.0,69987.0,True,True,1.86167137607581,0.8125,True,correct,1,0,0,0.8872813582420349,0.0,1.6750116604071745,1,1,False,15,15.0,,,,,,high,unavailable
6bba_05db0fb1,6bba,90,91001783,92001802,69348.0,70030.0,92001802.0,70030.0,True,True,0.0,0.8125,True,correct,1,0,0,0.9649682641029358,0.0,0.8125,1,1,False,13,15.0,,,,,,medium_high,unavailable
6bba_05db0fb1,6bba,90,91001784,92001805,69379.0,70073.0,92001805.0,70073.0,True,True,1.1490485194281397,0.5745242597140698,True,correct,1,0,0,0.886155903339386,1.625,1.7235727791422095,1,1,False,11,15.0,,,,,,medium_high,unavailable
6bba_05db0fb1,6bba,90,91001785,92001806,69422.0,70101.0,92001806.0,70101.0,True,True,2.0714766773970688,1.625,True,correct,1,0,0,0.9532928466796875,0.0,1.7235727791422095,1,1,False,11,15.0,,,,,,medium_high,unavailable
6bba_05db0fb1,6bba,91,92001787,93001807,69605.0,70286.0,93001807.0,70286.0,True,True,0.40625,1.1490485194281397,True,correct,1,0,0,0.9554814100265503,0.0,0.9084026158592896,1,1,False,9,15.0,,,,,,medium_low,unavailable
6bba_05db0fb1,6bba,91,92001790,93001809,69952.0,70628.0,93001809.0,70628.0,True,True,2.0714766773970688,1.21875,True,correct,1,0,0,0.9383952617645264,0.0,1.6750116604071745,1,1,False,13,15.0,,,,,,medium_high,unavailable
6bba_05db0fb1,6bba,91,92001792,93001811,69862.0,70555.0,93001811.0,70555.0,True,True,1.8168052317185792,1.86167137607581,True,correct,1,0,0,0.9592674970626831,2.2980970388562794,1.86167137607581,1,1,False,8,15.0,,,,,,medium_low,unavailable
6bba_05db0fb1,6bba,91,92001797,93001817,70078.0,70757.0,93001817.0,70757.0,True,True,1.1490485194281397,1.8168052317185792,True,correct,1,0,0,0.8911622166633606,0.0,1.8168052317185792,1,1,False,10,15.0,,,,,,medium_high,unavailable
6bba_05db0fb1,6bba,91,92001799,93001821,69926.0,70606.0,93001821.0,70606.0,True,True,0.40625,0.8125,True,correct,1,0,0,0.8939958214759827,0.0,0.40625,1,1,False,16,15.0,,,,,,high,unavailable
6bba_05db0fb1,6bba,91,92001800,93001820,69909.0,70585.0,93001820.0,70585.0,True,True,0.40625,1.8168052317185792,True,correct,1,0,0,0.9069929122924805,0.0,1.6750116604071745,1,1,False,7,15.0,,,,,,medium_low,unavailable
6bba_05db0fb1,6bba,91,92001802,93001823,70030.0,70704.0,93001823.0,70704.0,True,True,0.8125,1.86167137607581,True,correct,1,0,0,0.9217710494995117,1.625,1.86167137607581,1,1,False,11,15.0,,,,,,medium_high,unavailable
6bba_05db0fb1,6bba,91,92001804,93001825,69987.0,70668.0,93001825.0,70668.0,True,True,0.8125,0.40625,True,correct,1,0,0,0.8134303689002991,1.625,0.9084026158592896,1,1,False,14,15.0,,,,,,high,unavailable
6bba_05db0fb1,6bba,91,92001805,93001826,70073.0,70752.0,93001826.0,70752.0,True,True,0.5745242597140698,0.5745242597140698,True,correct,1,0,0,0.9025757908821106,0.0,0.0,1,1,False,11,15.0,,,,,,medium_high,unavailable
6bba_05db0fb1,6bba,91,92001806,93001827,70101.0,70785.0,93001827.0,70785.0,True,True,1.625,1.21875,True,correct,1,0,0,0.9220390319824219,1.625,1.6750116604071745,1,1,False,11,15.0,,,,,,medium_high,unavailable
6bba_05db0fb1,6bba,92,93001809,94001830,70628.0,71307.0,94001830.0,71307.0,True,True,1.21875,1.8168052317185792,True,correct,1,0,0,0.7274011969566345,6.700046641628698,5.025034981221523,1,1,False,14,15.0,,,,,,high,unavailable
6bba_05db0fb1,6bba,92,93001811,94001832,70555.0,71236.0,94001832.0,71236.0,True,True,1.86167137607581,0.40625,True,correct,1,0,0,0.8991016149520874,6.700046641628698,4.942244555867304,1,1,False,9,15.0,,,,,,medium_low,unavailable
6bba_05db0fb1,6bba,92,93001817,94001837,70757.0,71441.0,,71416.0,True,True,1.8168052317185792,2.8726212985703494,False,wrong_association,0,1,1,0.6856054067611694,6.894291116568838,9.834271229989541,1,1,False,11,15.0,,,,,,medium_high,unavailable
6bba_05db0fb1,6bba,92,93001820,94001839,70585.0,71265.0,94001839.0,71265.0,True,True,1.8168052317185792,1.9902104160113323,True,correct,1,0,0,0.776534914970398,6.5,6.550584420492571,1,1,False,8,15.0,,,,,,medium_low,unavailable
6bba_05db0fb1,6bba,92,93001821,94001835,70606.0,71286.0,94001835.0,71286.0,True,True,0.8125,0.9084026158592896,True,correct,1,0,0,0.6363241076469421,6.894291116568838,6.662995408410545,1,1,False,18,15.0,,,,,,high,unavailable
6bba_05db0fb1,6bba,92,93001823,94001841,70704.0,71399.0,94001841.0,71399.0,True,True,1.86167137607581,1.8168052317185792,True,correct,1,0,0,0.8665691614151001,5.138701197773616,5.154734625807618,1,1,False,11,15.0,,,,,,medium_high,unavailable
6bba_05db0fb1,6bba,92,93001825,94001843,70668.0,71335.0,94001843.0,71335.0,True,True,0.40625,2.1877232028983924,True,correct,1,0,0,0.6646766662597656,8.443747686898277,6.550584420492571,1,1,False,14,15.0,,,,,,high,unavailable
6bba_05db0fb1,6bba,92,93001826,94001844,70752.0,71436.0,94001844.0,71436.0,True,True,0.5745242597140698,1.8168052317185792,True,correct,1,0,0,0.5918936729431152,6.700046641628698,4.908737426772795,1,1,False,10,15.0,,,,,,medium_high,unavailable
6bba_05db0fb1,6bba,92,93001827,94001845,70785.0,71459.0,94001845.0,71459.0,True,True,1.21875,1.8168052317185792,True,correct,1,0,0,0.8028915524482727,8.75089281159357,7.094851236107774,1,1,False,9,15.0,,,,,,medium_low,unavailable
6bba_05db0fb1,6bba,93,94001830,95001849,71307.0,72076.0,95001849.0,72076.0,True,True,1.8168052317185792,2.4375,True,correct,1,0,0,0.8018532395362854,6.700046641628698,6.600781203766718,1,1,False,14,15.0,,,,,,high,unavailable
6bba_05db0fb1,6bba,93,94001832,95001852,71236.0,71980.0,95001852.0,71980.0,True,True,0.40625,2.0714766773970688,True,correct,1,0,0,0.9022522568702698,5.138701197773616,6.512682938889317,1,1,False,7,15.0,,,,,,medium_low,unavailable
6bba_05db0fb1,6bba,93,94001835,95001856,71286.0,72031.0,95001856.0,72031.0,True,True,0.9084026158592896,0.40625,True,correct,1,0,0,0.6496782302856445,4.875,4.942244555867304,1,1,False,17,15.0,,,,,,high,unavailable
6bba_05db0fb1,6bba,93,94001837,95001854,71416.0,72151.0,,72201.0,True,True,2.8726212985703494,2.1877232028983924,False,wrong_association,0,1,1,0.7730650305747986,3.6336104634371584,6.512682938889317,1,1,False,10,15.0,,,,,,medium_high,unavailable
6bba_05db0fb1,6bba,93,94001839,95001858,71265.0,72039.0,95001858.0,72039.0,True,True,1.9902104160113323,0.9084026158592896,True,correct,1,0,0,0.8189200758934021,8.125,6.512682938889317,1,1,False,6,15.0,,,,,,medium_low,unavailable
6bba_05db0fb1,6bba,93,94001841,95001860,71399.0,72158.0,95001860.0,72158.0,True,True,1.8168052317185792,1.6750116604071745,True,correct,1,0,0,0.873964250087738,6.5,6.512682938889317,1,1,False,11,15.0,,,,,,medium_high,unavailable
6bba_05db0fb1,6bba,93,94001843,95001859,71335.0,72100.0,95001859.0,72100.0,True,True,2.1877232028983924,0.8125,True,correct,1,0,0,0.8606113791465759,6.894291116568838,5.154734625807618,1,1,False,14,15.0,,,,,,high,unavailable
6bba_05db0fb1,6bba,93,94001844,95001862,71436.0,72187.0,95001862.0,72187.0,True,True,1.8168052317185792,1.7235727791422095,True,correct,1,0,0,0.8936304450035095,4.875,4.908737426772795,1,1,False,10,15.0,,,,,,medium_high,unavailable
6bba_05db0fb1,6bba,93,94001845,95001861,71459.0,72210.0,95001861.0,72210.0,True,True,1.8168052317185792,0.9084026158592896,True,correct,1,0,0,0.8539530634880066,4.875,3.2752922102462856,1,1,False,9,15.0,,,,,,medium_low,unavailable
6bba_05db0fb1,6bba,94,95001849,96001867,72076.0,72779.0,96001867.0,72779.0,True,True,2.4375,0.5745242597140698,True,correct,1,0,0,0.8018127083778381,2.2980970388562794,0.5745242597140698,1,1,False,15,15.0,,,,,,high,unavailable
6bba_05db0fb1,6bba,94,95001852,96001869,71980.0,72678.0,96001869.0,72678.0,True,True,2.0714766773970688,1.86167137607581,True,correct,1,0,0,0.9506765007972717,0.0,0.40625,1,1,False,7,15.0,,,,,,medium_low,unavailable
6bba_05db0fb1,6bba,94,95001854,96001876,72201.0,72891.0,96001876.0,72891.0,True,True,2.1877232028983924,1.6750116604071745,True,correct,1,0,0,0.87241530418396,1.625,1.7235727791422095,1,1,False,10,15.0,,,,,,medium_high,unavailable
6bba_05db0fb1,6bba,94,95001856,96001871,72031.0,72721.0,96001871.0,72721.0,True,True,0.40625,0.5745242597140698,True,correct,1,0,0,0.8997085094451904,0.0,0.40625,1,1,False,18,15.0,,,,,,high,unavailable
6bba_05db0fb1,6bba,94,95001858,96001872,72039.0,72717.0,96001872.0,72717.0,True,True,0.9084026158592896,1.9902104160113323,True,correct,1,0,0,0.8447683453559875,1.625,0.40625,1,1,False,7,15.0,,,,,,medium_low,unavailable
6bba_05db0fb1,6bba,94,95001859,96001874,72100.0,72787.0,96001874.0,72787.0,True,True,0.8125,2.333728575156074,True,correct,1,0,0,0.7648866176605225,1.625,2.03125,1,1,False,13,15.0,,,,,,medium_high,unavailable
6bba_05db0fb1,6bba,94,95001860,96001875,72158.0,72844.0,96001875.0,72844.0,True,True,1.6750116604071745,1.8168052317185792,True,correct,1,0,0,0.9232490658760071,0.0,0.9084026158592896,1,1,False,11,15.0,,,,,,medium_high,unavailable
6bba_05db0fb1,6bba,94,95001861,96001878,72210.0,72899.0,96001878.0,72899.0,True,True,0.9084026158592896,1.21875,True,correct,1,0,0,0.9477565884590149,0.0,0.5745242597140698,1,1,False,10,15.0,,,,,,medium_high,unavailable
6bba_05db0fb1,6bba,94,95001862,96001877,72187.0,72875.0,96001877.0,72875.0,True,True,1.7235727791422095,0.9084026158592896,True,correct,1,0,0,0.9552604556083679,0.0,1.6750116604071745,1,1,False,10,15.0,,,,,,medium_high,unavailable
6bba_05db0fb1,6bba,95,96001867,97001884,72779.0,73469.0,97001884.0,73469.0,True,True,0.5745242597140698,1.86167137607581,True,correct,1,0,0,0.8573906421661377,0.0,1.6750116604071745,1,1,False,13,15.0,,,,,,medium_high,unavailable
6bba_05db0fb1,6bba,95,96001869,97001882,72678.0,73367.0,97001882.0,73367.0,True,True,1.86167137607581,1.7235727791422095,True,correct,1,0,0,0.9397639036178589,0.0,0.40625,1,1,False,8,15.0,,,,,,medium_low,unavailable
6bba_05db0fb1,6bba,95,96001872,97001883,72717.0,73406.0,97001883.0,73406.0,True,True,1.9902104160113323,0.9084026158592896,True,correct,1,0,0,0.9376199245452881,0.0,1.6750116604071745,1,1,False,11,15.0,,,,,,medium_high,unavailable
6bba_05db0fb1,6bba,95,96001874,97001885,72787.0,73480.0,97001885.0,73480.0,True,True,2.333728575156074,1.9902104160113323,True,correct,1,0,0,0.9347466230392456,0.0,0.9084026158592896,1,1,False,11,15.0,,,,,,medium_high,unavailable
6bba_05db0fb1,6bba,95,96001875,97001886,72844.0,73531.0,97001886.0,73531.0,True,True,1.8168052317185792,2.333728575156074,True,correct,1,0,0,0.9177736639976501,0.0,0.9084026158592896,1,1,False,11,15.0,,,,,,medium_high,unavailable
6bba_05db0fb1,6bba,95,96001877,97001887,72875.0,73573.0,97001887.0,73573.0,True,True,0.9084026158592896,0.9084026158592896,True,correct,1,0,0,0.9241059422492981,1.625,1.625,1,1,False,10,15.0,,,,,,medium_high,unavailable
6bba_05db0fb1,6bba,95,96001878,97001888,72899.0,73585.0,97001888.0,73585.0,True,True,1.21875,1.6750116604071745,True,correct,1,0,0,0.9181073307991028,0.0,0.5745242597140698,1,1,False,10,15.0,,,,,,medium_high,unavailable
6bba_05db0fb1,6bba,96,97001882,98001892,73367.0,74052.0,98001892.0,74052.0,True,True,1.7235727791422095,0.40625,True,correct,1,0,0,0.9579235911369324,2.2980970388562794,0.9084026158592896,1,1,False,9,15.0,,,,,,medium_low,unavailable
6bba_05db0fb1,6bba,96,97001883,98001895,73406.0,74078.0,98001895.0,74078.0,True,True,0.9084026158592896,0.5745242597140698,True,correct,1,0,0,0.9103502631187439,1.625,0.40625,1,1,False,10,15.0,,,,,,medium_high,unavailable
6bba_05db0fb1,6bba,96,97001884,98001898,73469.0,74157.0,98001898.0,74157.0,True,True,1.86167137607581,0.40625,True,correct,1,0,0,0.6107685565948486,1.625,0.8125,1,1,False,12,15.0,,,,,,medium_high,unavailable
6bba_05db0fb1,6bba,96,97001885,98001899,73480.0,74164.0,98001899.0,74164.0,True,True,1.9902104160113323,1.284675299443404,True,correct,1,0,0,0.843034565448761,2.2980970388562794,1.284675299443404,1,1,False,13,15.0,,,,,,medium_high,unavailable
6bba_05db0fb1,6bba,96,97001886,98001900,73531.0,74210.0,98001900.0,74210.0,True,True,2.333728575156074,0.5745242597140698,True,correct,1,0,0,0.9207801222801208,1.625,2.7252078475778685,1,1,False,11,15.0,,,,,,medium_high,unavailable
6bba_05db0fb1,6bba,96,97001887,98001902,73573.0,74241.0,98001902.0,74241.0,True,True,0.9084026158592896,1.625,True,correct,1,0,0,0.8882197737693787,1.625,1.86167137607581,1,1,False,9,15.0,,,,,,medium_low,unavailable
6bba_05db0fb1,6bba,96,97001888,98001901,73585.0,74254.0,98001901.0,74254.0,True,True,1.6750116604071745,0.40625,True,correct,1,0,0,0.5849563479423523,2.8145825622994254,1.8168052317185792,1,1,False,10,15.0,,,,,,medium_high,unavailable
6bba_05db0fb1,6bba,97,98001892,99001905,74052.0,74715.0,99001905.0,74715.0,True,True,0.40625,0.40625,True,correct,1,0,0,0.9757918119430542,1.625,1.7235727791422095,1,1,False,9,15.0,,,,,,medium_low,unavailable
6bba_05db0fb1,6bba,97,98001895,99001906,74078.0,74750.0,99001906.0,74750.0,True,True,0.5745242597140698,1.6750116604071745,True,correct,1,0,0,0.9474664926528931,0.0,1.86167137607581,1,1,False,12,15.0,,,,,,medium_high,unavailable
6bba_05db0fb1,6bba,97,98001898,99001913,74157.0,74812.0,99001913.0,74812.0,True,True,0.40625,2.4375,True,correct,1,0,0,0.819527804851532,2.2980970388562794,0.40625,1,1,False,11,15.0,,,,,,medium_high,unavailable
6bba_05db0fb1,6bba,97,98001899,99001912,74164.0,74832.0,99001912.0,74832.0,True,True,1.284675299443404,1.21875,True,correct,1,0,0,0.9339566230773926,0.0,0.40625,1,1,False,11,15.0,,,,,,medium_high,unavailable
6bba_05db0fb1,6bba,97,98001900,99001915,74210.0,74879.0,99001915.0,74879.0,True,True,0.5745242597140698,1.8168052317185792,True,correct,1,0,0,0.9417479634284973,1.625,1.7235727791422095,1,1,False,10,15.0,,,,,,medium_high,unavailable
6bba_05db0fb1,6bba,97,98001901,99001916,74254.0,74912.0,99001916.0,74912.0,True,True,0.40625,0.40625,True,correct,1,0,0,0.9649096727371216,1.625,1.7235727791422095,1,1,False,10,15.0,,,,,,medium_high,unavailable
6bba_05db0fb1,6bba,97,98001902,99001917,74241.0,74906.0,99001917.0,74906.0,True,True,1.625,0.5745242597140698,True,correct,1,0,0,0.9137470126152039,2.2980970388562794,1.284675299443404,1,1,False,9,15.0,,,,,,medium_low,unavailable
6bba_05db0fb1,6bba,98,99001905,100001920,74715.0,75370.0,100001920.0,75370.0,True,True,0.40625,0.40625,True,correct,1,0,0,0.9734823107719421,0.0,0.0,1,1,False,9,15.0,,,,,,medium_low,unavailable
6bba_05db0fb1,6bba,98,99001906,100001921,74750.0,75404.0,100001921.0,75404.0,True,True,1.6750116604071745,1.6750116604071745,True,correct,1,0,0,0.9572300314903259,0.0,0.0,1,1,False,12,15.0,,,,,,medium_high,unavailable
6bba_05db0fb1,6bba,98,99001912,100001927,74832.0,75475.0,100001927.0,75475.0,True,True,1.21875,2.03125,True,correct,1,0,0,0.955004096031189,1.625,0.0,1,1,False,11,15.0,,,,,,medium_high,unavailable
6bba_05db0fb1,6bba,98,99001913,100001928,74812.0,75465.0,100001928.0,75465.0,True,True,2.4375,2.4375,True,correct,1,0,0,0.8912145495414734,0.0,0.0,1,1,False,11,15.0,,,,,,medium_high,unavailable
6bba_05db0fb1,6bba,98,99001915,100001930,74879.0,75532.0,100001930.0,75532.0,True,True,1.8168052317185792,1.8168052317185792,True,correct,1,0,0,0.9359666705131531,0.0,0.0,1,1,False,10,15.0,,,,,,medium_high,unavailable
6bba_05db0fb1,6bba,98,99001916,100001931,74912.0,75561.0,100001931.0,75561.0,True,True,0.40625,0.40625,True,correct,1,0,0,0.9539825320243835,0.0,0.0,1,1,False,10,15.0,,,,,,medium_high,unavailable
6bba_05db0fb1,6bba,98,99001917,100001932,74906.0,75555.0,100001932.0,75555.0,True,True,0.5745242597140698,0.5745242597140698,True,correct,1,0,0,0.9529346227645874,0.0,0.0,1,1,False,9,15.0,,,,,,medium_low,unavailable
