id,dataset,row_type,node_id,t,z,y,x,source_id,target_id
0,44b6_0113de3b,node,1,0,37,253,199,-1,-1
1,44b6_0113de3b,node,2,0,14,167,68,-1,-1
2,44b6_0113de3b,node,3,0,14,209,67,-1,-1
3,44b6_0113de3b,node,4,0,12,191,59,-1,-1
4,44b6_0113de3b,node,5,0,19,180,79,-1,-1
5,44b6_0113de3b,node,6,0,34,1,224,-1,-1
6,44b6_0113de3b,node,7,0,60,196,201,-1,-1
7,44b6_0113de3b,node,8,0,2,147,108,-1,-1
8,44b6_0113de3b,node,9,0,57,144,224,-1,-1
9,44b6_0113de3b,node,10,0,50,179,201,-1,-1
10,44b6_0113de3b,node,11,0,38,174,177,-1,-1
11,44b6_0113de3b,node,12,0,46,163,160,-1,-1
12,44b6_0113de3b,node,13,0,43,198,174,-1,-1
13,44b6_0113de3b,node,14,0,59,168,241,-1,-1
14,44b6_0113de3b,node,15,0,13,142,71,-1,-1
15,44b6_0113de3b,node,16,0,40,56,163,-1,-1
16,44b6_0113de3b,node,17,0,51,208,174,-1,-1
17,44b6_0113de3b,node,19,0,37,67,187,-1,-1
18,44b6_0113de3b,node,20,0,48,101,170,-1,-1
19,44b6_0113de3b,node,21,0,46,39,188,-1,-1
20,44b6_0113de3b,node,22,0,48,187,160,-1,-1
21,44b6_0113de3b,node,24,0,56,170,188,-1,-1
22,44b6_0113de3b,node,28,0,56,209,185,-1,-1
23,44b6_0113de3b,node,29,1,14,174,67,-1,-1
24,44b6_0113de3b,node,30,1,14,174,78,-1,-1
25,44b6_0113de3b,node,31,1,13,192,64,-1,-1
26,44b6_0113de3b,node,32,1,49,190,160,-1,-1
27,44b6_0113de3b,node,33,1,14,216,68,-1,-1
28,44b6_0113de3b,node,34,1,57,149,225,-1,-1
29,44b6_0113de3b,node,35,1,61,197,203,-1,-1
30,44b6_0113de3b,node,36,1,40,59,160,-1,-1
31,44b6_0113de3b,node,37,1,4,152,112,-1,-1
32,44b6_0113de3b,node,38,1,35,16,224,-1,-1
33,44b6_0113de3b,node,39,1,47,167,160,-1,-1
34,44b6_0113de3b,node,40,1,49,104,175,-1,-1
35,44b6_0113de3b,node,41,1,50,184,205,-1,-1
36,44b6_0113de3b,node,42,1,59,171,243,-1,-1
37,44b6_0113de3b,node,43,1,48,43,192,-1,-1
38,44b6_0113de3b,node,44,1,43,203,174,-1,-1
39,44b6_0113de3b,node,45,1,38,254,200,-1,-1
40,44b6_0113de3b,node,46,1,56,175,191,-1,-1
41,44b6_0113de3b,node,47,1,39,177,177,-1,-1
42,44b6_0113de3b,node,48,1,51,209,174,-1,-1
43,44b6_0113de3b,node,49,1,56,211,187,-1,-1
44,44b6_0113de3b,node,50,1,38,68,188,-1,-1
45,44b6_0113de3b,node,51,1,13,142,72,-1,-1
46,44b6_0113de3b,node,52,1,46,174,195,-1,-1
47,44b6_0113de3b,node,54,1,53,140,177,-1,-1
48,44b6_0113de3b,node,56,2,16,174,67,-1,-1
49,44b6_0113de3b,node,57,2,14,192,65,-1,-1
50,44b6_0113de3b,node,58,2,38,254,203,-1,-1
51,44b6_0113de3b,node,59,2,61,174,242,-1,-1
52,44b6_0113de3b,node,60,2,49,191,160,-1,-1
53,44b6_0113de3b,node,61,2,44,203,177,-1,-1
54,44b6_0113de3b,node,62,2,41,60,163,-1,-1
55,44b6_0113de3b,node,63,2,57,151,224,-1,-1
56,44b6_0113de3b,node,64,2,62,131,247,-1,-1
57,44b6_0113de3b,node,65,2,51,209,174,-1,-1
58,44b6_0113de3b,node,66,2,50,104,176,-1,-1
59,44b6_0113de3b,node,67,2,50,46,193,-1,-1
60,44b6_0113de3b,node,68,2,53,138,178,-1,-1
61,44b6_0113de3b,node,69,2,38,67,190,-1,-1
62,44b6_0113de3b,node,71,2,46,174,199,-1,-1
63,44b6_0113de3b,node,72,2,51,185,206,-1,-1
64,44b6_0113de3b,node,73,2,42,60,174,-1,-1
65,44b6_0113de3b,node,74,2,40,177,180,-1,-1
66,44b6_0113de3b,node,75,2,48,167,160,-1,-1
67,44b6_0113de3b,node,77,2,62,198,206,-1,-1
68,44b6_0113de3b,node,78,2,15,142,74,-1,-1
69,44b6_0113de3b,node,79,2,57,214,187,-1,-1
70,44b6_0113de3b,node,80,3,16,174,78,-1,-1
71,44b6_0113de3b,node,81,3,62,176,253,-1,-1
72,44b6_0113de3b,node,82,3,39,254,207,-1,-1
73,44b6_0113de3b,node,83,3,14,195,67,-1,-1
74,44b6_0113de3b,node,84,3,50,194,163,-1,-1
75,44b6_0113de3b,node,85,3,62,132,251,-1,-1
76,44b6_0113de3b,node,86,3,41,174,174,-1,-1
77,44b6_0113de3b,node,87,3,50,46,195,-1,-1
78,44b6_0113de3b,node,88,3,43,62,174,-1,-1
79,44b6_0113de3b,node,89,3,48,167,163,-1,-1
80,44b6_0113de3b,node,90,3,52,107,181,-1,-1
81,44b6_0113de3b,node,91,3,44,206,179,-1,-1
82,44b6_0113de3b,node,92,3,46,174,200,-1,-1
83,44b6_0113de3b,node,93,3,59,192,177,-1,-1
84,44b6_0113de3b,node,94,3,54,140,183,-1,-1
85,44b6_0113de3b,node,97,3,51,188,206,-1,-1
86,44b6_0113de3b,node,98,3,59,155,227,-1,-1
87,44b6_0113de3b,node,100,4,17,176,78,-1,-1
88,44b6_0113de3b,node,101,4,38,254,204,-1,-1
89,44b6_0113de3b,node,102,4,17,198,78,-1,-1
90,44b6_0113de3b,node,103,4,44,66,174,-1,-1
91,44b6_0113de3b,node,104,4,49,174,167,-1,-1
92,44b6_0113de3b,node,105,4,60,192,181,-1,-1
93,44b6_0113de3b,node,106,4,50,196,167,-1,-1
94,44b6_0113de3b,node,107,4,42,176,174,-1,-1
95,44b6_0113de3b,node,108,4,46,47,178,-1,-1
96,44b6_0113de3b,node,109,4,59,209,253,-1,-1
97,44b6_0113de3b,node,110,4,53,111,188,-1,-1
98,44b6_0113de3b,node,111,4,51,47,200,-1,-1
99,44b6_0113de3b,node,112,4,47,174,204,-1,-1
100,44b6_0113de3b,node,113,4,37,78,184,-1,-1
101,44b6_0113de3b,node,114,4,55,140,187,-1,-1
102,44b6_0113de3b,node,115,4,46,207,183,-1,-1
103,44b6_0113de3b,node,116,4,44,9,186,-1,-1
104,44b6_0113de3b,node,118,5,18,177,78,-1,-1
105,44b6_0113de3b,node,119,5,41,27,251,-1,-1
106,44b6_0113de3b,node,120,5,18,200,78,-1,-1
107,44b6_0113de3b,node,121,5,60,194,183,-1,-1
108,44b6_0113de3b,node,122,5,51,174,174,-1,-1
109,44b6_0113de3b,node,123,5,46,71,167,-1,-1
110,44b6_0113de3b,node,124,5,61,162,241,-1,-1
111,44b6_0113de3b,node,125,5,59,211,253,-1,-1
112,44b6_0113de3b,node,126,5,42,177,174,-1,-1
113,44b6_0113de3b,node,127,5,56,141,191,-1,-1
114,44b6_0113de3b,node,128,5,52,46,203,-1,-1
115,44b6_0113de3b,node,129,5,48,174,204,-1,-1
116,44b6_0113de3b,node,130,5,46,46,177,-1,-1
117,44b6_0113de3b,node,131,5,51,199,167,-1,-1
118,44b6_0113de3b,node,132,5,40,52,150,-1,-1
119,44b6_0113de3b,node,133,5,39,78,183,-1,-1
120,44b6_0113de3b,node,134,5,60,15,236,-1,-1
121,44b6_0113de3b,node,135,5,18,147,82,-1,-1
122,44b6_0113de3b,node,136,5,45,11,190,-1,-1
123,44b6_0113de3b,node,137,5,46,208,177,-1,-1
124,44b6_0113de3b,node,139,5,55,111,191,-1,-1
125,44b6_0113de3b,node,140,6,15,174,78,-1,-1
126,44b6_0113de3b,node,141,6,15,174,67,-1,-1
127,44b6_0113de3b,node,142,6,19,204,78,-1,-1
128,44b6_0113de3b,node,143,6,14,216,60,-1,-1
129,44b6_0113de3b,node,144,6,61,199,182,-1,-1
130,44b6_0113de3b,node,145,6,46,68,177,-1,-1
131,44b6_0113de3b,node,146,6,51,179,174,-1,-1
132,44b6_0113de3b,node,147,6,56,145,189,-1,-1
133,44b6_0113de3b,node,149,6,42,177,174,-1,-1
134,44b6_0113de3b,node,150,6,63,167,239,-1,-1
135,44b6_0113de3b,node,151,6,48,177,203,-1,-1
136,44b6_0113de3b,node,152,6,42,31,254,-1,-1
137,44b6_0113de3b,node,153,6,56,116,194,-1,-1
138,44b6_0113de3b,node,154,6,13,146,61,-1,-1
139,44b6_0113de3b,node,155,6,41,59,150,-1,-1
140,44b6_0113de3b,node,156,6,47,49,183,-1,-1
141,44b6_0113de3b,node,157,6,47,209,177,-1,-1
142,44b6_0113de3b,node,159,6,39,174,208,-1,-1
143,44b6_0113de3b,node,160,6,41,81,177,-1,-1
144,44b6_0113de3b,node,161,6,19,153,81,-1,-1
145,44b6_0113de3b,node,162,6,61,22,235,-1,-1
146,44b6_0113de3b,node,163,6,50,203,174,-1,-1
147,44b6_0113de3b,node,164,7,16,174,78,-1,-1
148,44b6_0113de3b,node,165,7,43,28,252,-1,-1
149,44b6_0113de3b,node,166,7,12,187,58,-1,-1
150,44b6_0113de3b,node,167,7,58,144,251,-1,-1
151,44b6_0113de3b,node,168,7,15,219,66,-1,-1
152,44b6_0113de3b,node,169,7,57,144,190,-1,-1
153,44b6_0113de3b,node,170,7,61,198,183,-1,-1
154,44b6_0113de3b,node,171,7,2,179,28,-1,-1
155,44b6_0113de3b,node,172,7,14,202,81,-1,-1
156,44b6_0113de3b,node,173,7,48,78,174,-1,-1
157,44b6_0113de3b,node,174,7,57,119,195,-1,-1
158,44b6_0113de3b,node,175,7,41,177,177,-1,-1
159,44b6_0113de3b,node,177,7,49,177,209,-1,-1
160,44b6_0113de3b,node,178,7,15,149,65,-1,-1
161,44b6_0113de3b,node,179,7,48,53,187,-1,-1
162,44b6_0113de3b,node,180,7,40,81,177,-1,-1
163,44b6_0113de3b,node,181,7,41,174,209,-1,-1
164,44b6_0113de3b,node,182,7,52,181,174,-1,-1
165,44b6_0113de3b,node,183,7,42,60,156,-1,-1
166,44b6_0113de3b,node,187,7,50,205,174,-1,-1
167,44b6_0113de3b,node,188,7,47,209,177,-1,-1
168,44b6_0113de3b,node,189,7,56,151,222,-1,-1
169,44b6_0113de3b,node,190,8,17,177,78,-1,-1
170,44b6_0113de3b,node,191,8,13,192,59,-1,-1
171,44b6_0113de3b,node,192,8,16,219,67,-1,-1
172,44b6_0113de3b,node,193,8,35,231,183,-1,-1
173,44b6_0113de3b,node,194,8,50,81,175,-1,-1
174,44b6_0113de3b,node,195,8,58,147,195,-1,-1
175,44b6_0113de3b,node,197,8,44,64,160,-1,-1
176,44b6_0113de3b,node,198,8,42,177,177,-1,-1
177,44b6_0113de3b,node,199,8,16,155,69,-1,-1
178,44b6_0113de3b,node,200,8,3,182,28,-1,-1
179,44b6_0113de3b,node,201,8,61,199,184,-1,-1
180,44b6_0113de3b,node,202,8,59,146,254,-1,-1
181,44b6_0113de3b,node,203,8,50,57,191,-1,-1
182,44b6_0113de3b,node,204,8,14,113,67,-1,-1
183,44b6_0113de3b,node,205,8,42,81,188,-1,-1
184,44b6_0113de3b,node,207,8,57,155,227,-1,-1
185,44b6_0113de3b,node,208,8,39,51,177,-1,-1
186,44b6_0113de3b,node,209,8,50,205,204,-1,-1
187,44b6_0113de3b,node,210,8,42,174,219,-1,-1
188,44b6_0113de3b,node,211,9,18,177,78,-1,-1
189,44b6_0113de3b,node,212,9,14,196,59,-1,-1
190,44b6_0113de3b,node,213,9,45,67,160,-1,-1
191,44b6_0113de3b,node,214,9,49,78,184,-1,-1
192,44b6_0113de3b,node,215,9,35,236,183,-1,-1
193,44b6_0113de3b,node,216,9,38,209,174,-1,-1
194,44b6_0113de3b,node,217,9,15,120,68,-1,-1
195,44b6_0113de3b,node,218,9,62,202,186,-1,-1
196,44b6_0113de3b,node,219,9,58,150,195,-1,-1
197,44b6_0113de3b,node,220,9,18,157,71,-1,-1
198,44b6_0113de3b,node,221,9,48,174,196,-1,-1
199,44b6_0113de3b,node,222,9,41,81,186,-1,-1
200,44b6_0113de3b,node,223,9,58,160,230,-1,-1
201,44b6_0113de3b,node,224,9,17,225,68,-1,-1
202,44b6_0113de3b,node,226,9,42,188,177,-1,-1
203,44b6_0113de3b,node,227,9,39,52,177,-1,-1
204,44b6_0113de3b,node,229,10,18,177,78,-1,-1
205,44b6_0113de3b,node,230,10,15,189,60,-1,-1
206,44b6_0113de3b,node,231,10,46,62,160,-1,-1
207,44b6_0113de3b,node,232,10,36,235,185,-1,-1
208,44b6_0113de3b,node,233,10,51,81,177,-1,-1
209,44b6_0113de3b,node,234,10,17,113,68,-1,-1
210,44b6_0113de3b,node,235,10,39,208,174,-1,-1
211,44b6_0113de3b,node,236,10,19,155,70,-1,-1
212,44b6_0113de3b,node,237,10,52,23,204,-1,-1
213,44b6_0113de3b,node,238,10,41,81,177,-1,-1
214,44b6_0113de3b,node,240,10,17,247,69,-1,-1
215,44b6_0113de3b,node,241,10,40,49,177,-1,-1
216,44b6_0113de3b,node,242,10,59,148,196,-1,-1
217,44b6_0113de3b,node,243,10,49,174,197,-1,-1
218,44b6_0113de3b,node,244,11,15,193,60,-1,-1
219,44b6_0113de3b,node,245,11,46,68,163,-1,-1
220,44b6_0113de3b,node,246,11,52,77,189,-1,-1
221,44b6_0113de3b,node,247,11,56,71,254,-1,-1
222,44b6_0113de3b,node,248,11,36,239,188,-1,-1
223,44b6_0113de3b,node,249,11,11,147,61,-1,-1
224,44b6_0113de3b,node,250,11,17,120,66,-1,-1
225,44b6_0113de3b,node,251,11,38,209,173,-1,-1
226,44b6_0113de3b,node,252,11,20,160,72,-1,-1
227,44b6_0113de3b,node,253,11,50,167,197,-1,-1
228,44b6_0113de3b,node,254,11,57,187,191,-1,-1
229,44b6_0113de3b,node,255,11,53,26,205,-1,-1
230,44b6_0113de3b,node,257,11,42,46,174,-1,-1
231,44b6_0113de3b,node,258,11,14,92,78,-1,-1
232,44b6_0113de3b,node,260,11,3,175,45,-1,-1
233,44b6_0113de3b,node,261,11,42,81,187,-1,-1
234,44b6_0113de3b,node,263,11,44,148,174,-1,-1
235,44b6_0113de3b,node,264,11,60,151,200,-1,-1
236,44b6_0113de3b,node,265,12,36,250,188,-1,-1
237,44b6_0113de3b,node,266,12,15,201,60,-1,-1
238,44b6_0113de3b,node,267,12,46,76,164,-1,-1
239,44b6_0113de3b,node,268,12,56,76,253,-1,-1
240,44b6_0113de3b,node,269,12,52,81,188,-1,-1
241,44b6_0113de3b,node,270,12,50,177,199,-1,-1
242,44b6_0113de3b,node,271,12,17,135,76,-1,-1
243,44b6_0113de3b,node,273,12,53,31,205,-1,-1
244,44b6_0113de3b,node,274,12,12,156,61,-1,-1
245,44b6_0113de3b,node,275,12,45,155,174,-1,-1
246,44b6_0113de3b,node,276,12,47,46,176,-1,-1
247,44b6_0113de3b,node,278,12,4,185,47,-1,-1
248,44b6_0113de3b,node,279,12,46,204,177,-1,-1
249,44b6_0113de3b,node,280,12,43,177,187,-1,-1
250,44b6_0113de3b,node,281,12,14,78,78,-1,-1
251,44b6_0113de3b,node,282,12,58,192,193,-1,-1
252,44b6_0113de3b,node,283,12,45,49,254,-1,-1
253,44b6_0113de3b,node,284,12,42,52,174,-1,-1
254,44b6_0113de3b,node,286,12,14,167,95,-1,-1
255,44b6_0113de3b,node,290,13,46,79,160,-1,-1
256,44b6_0113de3b,node,291,13,14,81,68,-1,-1
257,44b6_0113de3b,node,292,13,15,209,58,-1,-1
258,44b6_0113de3b,node,293,13,36,254,185,-1,-1
259,44b6_0113de3b,node,294,13,45,55,254,-1,-1
260,44b6_0113de3b,node,295,13,17,142,73,-1,-1
261,44b6_0113de3b,node,296,13,50,184,197,-1,-1
262,44b6_0113de3b,node,297,13,12,174,91,-1,-1
263,44b6_0113de3b,node,298,13,50,81,177,-1,-1
264,44b6_0113de3b,node,299,13,12,164,57,-1,-1
265,44b6_0113de3b,node,301,13,46,46,173,-1,-1
266,44b6_0113de3b,node,302,13,4,192,42,-1,-1
267,44b6_0113de3b,node,303,13,46,209,177,-1,-1
268,44b6_0113de3b,node,304,13,5,209,24,-1,-1
269,44b6_0113de3b,node,305,13,58,197,194,-1,-1
270,44b6_0113de3b,node,306,13,42,177,186,-1,-1
271,44b6_0113de3b,node,308,13,52,34,203,-1,-1
272,44b6_0113de3b,node,311,14,14,176,81,-1,-1
273,44b6_0113de3b,node,312,14,15,81,71,-1,-1
274,44b6_0113de3b,node,313,14,16,213,59,-1,-1
275,44b6_0113de3b,node,314,14,36,254,186,-1,-1
276,44b6_0113de3b,node,315,14,13,176,92,-1,-1
277,44b6_0113de3b,node,317,14,46,81,167,-1,-1
278,44b6_0113de3b,node,318,14,13,167,59,-1,-1
279,44b6_0113de3b,node,319,14,18,144,78,-1,-1
280,44b6_0113de3b,node,320,14,46,174,174,-1,-1
281,44b6_0113de3b,node,322,14,47,49,175,-1,-1
282,44b6_0113de3b,node,323,14,60,129,207,-1,-1
283,44b6_0113de3b,node,325,14,12,193,58,-1,-1
284,44b6_0113de3b,node,326,14,53,34,206,-1,-1
285,44b6_0113de3b,node,328,14,19,244,67,-1,-1
286,44b6_0113de3b,node,329,14,46,209,177,-1,-1
287,44b6_0113de3b,node,330,14,51,188,204,-1,-1
288,44b6_0113de3b,node,331,14,6,212,25,-1,-1
289,44b6_0113de3b,node,332,14,42,59,174,-1,-1
290,44b6_0113de3b,node,333,14,5,246,36,-1,-1
291,44b6_0113de3b,node,334,15,15,167,61,-1,-1
292,44b6_0113de3b,node,335,15,13,192,60,-1,-1
293,44b6_0113de3b,node,336,15,18,212,62,-1,-1
294,44b6_0113de3b,node,337,15,16,81,78,-1,-1
295,44b6_0113de3b,node,338,15,48,174,177,-1,-1
296,44b6_0113de3b,node,339,15,48,80,167,-1,-1
297,44b6_0113de3b,node,340,15,16,177,95,-1,-1
298,44b6_0113de3b,node,341,15,13,203,81,-1,-1
299,44b6_0113de3b,node,342,15,62,130,213,-1,-1
300,44b6_0113de3b,node,343,15,38,253,193,-1,-1
301,44b6_0113de3b,node,344,15,49,50,177,-1,-1
302,44b6_0113de3b,node,345,15,61,197,204,-1,-1
303,44b6_0113de3b,node,346,15,9,245,42,-1,-1
304,44b6_0113de3b,node,347,15,20,246,69,-1,-1
305,44b6_0113de3b,node,348,15,42,59,174,-1,-1
306,44b6_0113de3b,node,350,15,47,209,177,-1,-1
307,44b6_0113de3b,node,351,15,7,215,28,-1,-1
308,44b6_0113de3b,node,352,16,16,209,71,-1,-1
309,44b6_0113de3b,node,353,16,48,180,174,-1,-1
310,44b6_0113de3b,node,354,16,45,174,188,-1,-1
311,44b6_0113de3b,node,355,16,45,147,167,-1,-1
312,44b6_0113de3b,node,356,16,39,71,164,-1,-1
313,44b6_0113de3b,node,357,16,49,132,186,-1,-1
314,44b6_0113de3b,node,358,16,52,136,228,-1,-1
315,44b6_0113de3b,node,359,16,45,75,183,-1,-1
316,44b6_0113de3b,node,360,16,51,216,176,-1,-1
317,44b6_0113de3b,node,362,16,59,195,216,-1,-1
318,44b6_0113de3b,node,363,16,46,234,160,-1,-1
319,44b6_0113de3b,node,364,16,56,216,237,-1,-1
320,44b6_0113de3b,node,365,16,40,54,177,-1,-1
321,44b6_0113de3b,node,366,16,46,46,188,-1,-1
322,44b6_0113de3b,node,367,16,59,126,224,-1,-1
323,44b6_0113de3b,node,369,17,14,174,78,-1,-1
324,44b6_0113de3b,node,370,17,17,209,74,-1,-1
325,44b6_0113de3b,node,371,17,50,184,176,-1,-1
326,44b6_0113de3b,node,372,17,46,175,189,-1,-1
327,44b6_0113de3b,node,373,17,53,142,232,-1,-1
328,44b6_0113de3b,node,374,17,47,79,184,-1,-1
329,44b6_0113de3b,node,375,17,40,78,174,-1,-1
330,44b6_0113de3b,node,377,17,37,174,174,-1,-1
331,44b6_0113de3b,node,378,17,37,191,172,-1,-1
332,44b6_0113de3b,node,379,17,61,129,226,-1,-1
333,44b6_0113de3b,node,380,17,50,133,187,-1,-1
334,44b6_0113de3b,node,382,17,60,197,218,-1,-1
335,44b6_0113de3b,node,383,17,47,238,160,-1,-1
336,44b6_0113de3b,node,384,17,63,241,244,-1,-1
337,44b6_0113de3b,node,385,17,46,147,170,-1,-1
338,44b6_0113de3b,node,387,17,57,219,237,-1,-1
339,44b6_0113de3b,node,388,17,48,53,192,-1,-1
340,44b6_0113de3b,node,391,18,16,174,78,-1,-1
341,44b6_0113de3b,node,392,18,14,194,71,-1,-1
342,44b6_0113de3b,node,393,18,18,209,78,-1,-1
343,44b6_0113de3b,node,394,18,63,240,248,-1,-1
344,44b6_0113de3b,node,395,18,46,174,196,-1,-1
345,44b6_0113de3b,node,396,18,63,131,231,-1,-1
346,44b6_0113de3b,node,397,18,42,75,174,-1,-1
347,44b6_0113de3b,node,398,18,51,185,181,-1,-1
348,44b6_0113de3b,node,399,18,61,69,242,-1,-1
349,44b6_0113de3b,node,400,18,38,174,177,-1,-1
350,44b6_0113de3b,node,401,18,54,142,236,-1,-1
351,44b6_0113de3b,node,402,18,48,81,190,-1,-1
352,44b6_0113de3b,node,403,18,61,197,221,-1,-1
353,44b6_0113de3b,node,404,18,46,204,162,-1,-1
354,44b6_0113de3b,node,405,18,38,188,176,-1,-1
355,44b6_0113de3b,node,407,18,48,148,176,-1,-1
356,44b6_0113de3b,node,408,18,41,209,174,-1,-1
357,44b6_0113de3b,node,409,18,49,56,199,-1,-1
358,44b6_0113de3b,node,410,19,17,174,81,-1,-1
359,44b6_0113de3b,node,411,19,15,188,77,-1,-1
360,44b6_0113de3b,node,412,19,62,240,252,-1,-1
361,44b6_0113de3b,node,413,19,62,67,248,-1,-1
362,44b6_0113de3b,node,414,19,43,78,177,-1,-1
363,44b6_0113de3b,node,415,19,47,171,197,-1,-1
364,44b6_0113de3b,node,416,19,39,187,177,-1,-1
365,44b6_0113de3b,node,417,19,63,129,236,-1,-1
366,44b6_0113de3b,node,418,19,54,144,240,-1,-1
367,44b6_0113de3b,node,419,19,52,184,186,-1,-1
368,44b6_0113de3b,node,420,19,38,174,187,-1,-1
369,44b6_0113de3b,node,421,19,5,100,58,-1,-1
370,44b6_0113de3b,node,422,19,49,147,182,-1,-1
371,44b6_0113de3b,node,423,19,40,72,160,-1,-1
372,44b6_0113de3b,node,424,19,42,216,175,-1,-1
373,44b6_0113de3b,node,426,19,13,160,74,-1,-1
374,44b6_0113de3b,node,428,19,49,53,204,-1,-1
375,44b6_0113de3b,node,429,19,63,200,227,-1,-1
376,44b6_0113de3b,node,430,19,48,207,174,-1,-1
377,44b6_0113de3b,node,431,19,48,70,199,-1,-1
378,44b6_0113de3b,node,432,20,17,198,82,-1,-1
379,44b6_0113de3b,node,433,20,63,68,253,-1,-1
380,44b6_0113de3b,node,434,20,14,163,80,-1,-1
381,44b6_0113de3b,node,435,20,44,78,180,-1,-1
382,44b6_0113de3b,node,436,20,48,171,199,-1,-1
383,44b6_0113de3b,node,437,20,40,71,163,-1,-1
384,44b6_0113de3b,node,438,20,17,174,81,-1,-1
385,44b6_0113de3b,node,439,20,44,193,160,-1,-1
386,44b6_0113de3b,node,440,20,38,188,177,-1,-1
387,44b6_0113de3b,node,441,20,42,216,176,-1,-1
388,44b6_0113de3b,node,442,20,49,207,174,-1,-1
389,44b6_0113de3b,node,444,20,38,46,174,-1,-1
390,44b6_0113de3b,node,445,20,38,174,186,-1,-1
391,44b6_0113de3b,node,446,20,50,52,208,-1,-1
392,44b6_0113de3b,node,447,20,62,241,253,-1,-1
393,44b6_0113de3b,node,448,20,50,67,199,-1,-1
394,44b6_0113de3b,node,449,20,51,183,184,-1,-1
395,44b6_0113de3b,node,450,20,4,98,63,-1,-1
396,44b6_0113de3b,node,451,20,63,203,227,-1,-1
397,44b6_0113de3b,node,453,21,17,199,82,-1,-1
398,44b6_0113de3b,node,454,21,15,165,81,-1,-1
399,44b6_0113de3b,node,455,21,13,184,69,-1,-1
400,44b6_0113de3b,node,456,21,46,80,186,-1,-1
401,44b6_0113de3b,node,457,21,48,175,200,-1,-1
402,44b6_0113de3b,node,458,21,45,195,164,-1,-1
403,44b6_0113de3b,node,459,21,39,188,181,-1,-1
404,44b6_0113de3b,node,460,21,42,71,164,-1,-1
405,44b6_0113de3b,node,461,21,54,141,251,-1,-1
406,44b6_0113de3b,node,462,21,49,209,174,-1,-1
407,44b6_0113de3b,node,463,21,40,47,175,-1,-1
408,44b6_0113de3b,node,464,21,40,174,188,-1,-1
409,44b6_0113de3b,node,466,21,56,39,244,-1,-1
410,44b6_0113de3b,node,467,22,14,185,78,-1,-1
411,44b6_0113de3b,node,468,22,18,201,81,-1,-1
412,44b6_0113de3b,node,469,22,16,164,81,-1,-1
413,44b6_0113de3b,node,470,22,47,79,188,-1,-1
414,44b6_0113de3b,node,471,22,48,177,203,-1,-1
415,44b6_0113de3b,node,472,22,42,78,174,-1,-1
416,44b6_0113de3b,node,473,22,46,196,167,-1,-1
417,44b6_0113de3b,node,474,22,39,188,177,-1,-1
418,44b6_0113de3b,node,477,22,49,216,174,-1,-1
419,44b6_0113de3b,node,478,22,40,46,177,-1,-1
420,44b6_0113de3b,node,480,22,57,39,249,-1,-1
421,44b6_0113de3b,node,481,22,39,174,193,-1,-1
422,44b6_0113de3b,node,483,22,54,139,251,-1,-1
423,44b6_0113de3b,node,484,23,16,186,78,-1,-1
424,44b6_0113de3b,node,485,23,48,79,190,-1,-1
425,44b6_0113de3b,node,486,23,43,78,174,-1,-1
426,44b6_0113de3b,node,487,23,48,177,202,-1,-1
427,44b6_0113de3b,node,488,23,17,165,81,-1,-1
428,44b6_0113de3b,node,489,23,46,200,164,-1,-1
429,44b6_0113de3b,node,490,23,40,192,177,-1,-1
430,44b6_0113de3b,node,491,23,39,174,189,-1,-1
431,44b6_0113de3b,node,492,23,41,50,177,-1,-1
432,44b6_0113de3b,node,493,23,46,66,203,-1,-1
433,44b6_0113de3b,node,495,24,18,186,81,-1,-1
434,44b6_0113de3b,node,496,24,49,80,194,-1,-1
435,44b6_0113de3b,node,497,24,61,92,241,-1,-1
436,44b6_0113de3b,node,498,24,48,199,170,-1,-1
437,44b6_0113de3b,node,499,24,43,79,176,-1,-1
438,44b6_0113de3b,node,500,24,6,203,56,-1,-1
439,44b6_0113de3b,node,501,24,49,179,209,-1,-1
440,44b6_0113de3b,node,502,24,42,174,197,-1,-1
441,44b6_0113de3b,node,504,24,41,195,188,-1,-1
442,44b6_0113de3b,node,505,24,18,164,88,-1,-1
443,44b6_0113de3b,node,506,24,37,71,196,-1,-1
444,44b6_0113de3b,node,507,24,48,68,208,-1,-1
445,44b6_0113de3b,node,508,25,17,186,81,-1,-1
446,44b6_0113de3b,node,509,25,13,187,70,-1,-1
447,44b6_0113de3b,node,510,25,48,203,176,-1,-1
448,44b6_0113de3b,node,511,25,49,84,200,-1,-1
449,44b6_0113de3b,node,512,25,61,91,245,-1,-1
450,44b6_0113de3b,node,513,25,42,92,174,-1,-1
451,44b6_0113de3b,node,514,25,38,49,177,-1,-1
452,44b6_0113de3b,node,515,25,56,167,208,-1,-1
453,44b6_0113de3b,node,516,25,42,199,193,-1,-1
454,44b6_0113de3b,node,517,25,37,78,201,-1,-1
455,44b6_0113de3b,node,518,25,7,203,59,-1,-1
456,44b6_0113de3b,node,519,25,49,186,209,-1,-1
457,44b6_0113de3b,node,520,25,56,139,217,-1,-1
458,44b6_0113de3b,node,521,26,18,188,81,-1,-1
459,44b6_0113de3b,node,522,26,14,188,78,-1,-1
460,44b6_0113de3b,node,523,26,14,60,177,-1,-1
461,44b6_0113de3b,node,524,26,49,203,182,-1,-1
462,44b6_0113de3b,node,525,26,62,93,247,-1,-1
463,44b6_0113de3b,node,526,26,49,84,203,-1,-1
464,44b6_0113de3b,node,527,26,42,199,199,-1,-1
465,44b6_0113de3b,node,528,26,13,209,73,-1,-1
466,44b6_0113de3b,node,529,26,56,167,212,-1,-1
467,44b6_0113de3b,node,530,26,38,53,181,-1,-1
468,44b6_0113de3b,node,531,26,42,152,160,-1,-1
469,44b6_0113de3b,node,532,26,42,93,174,-1,-1
470,44b6_0113de3b,node,533,26,38,78,204,-1,-1
471,44b6_0113de3b,node,534,26,57,224,201,-1,-1
472,44b6_0113de3b,node,535,26,56,139,218,-1,-1
473,44b6_0113de3b,node,536,26,39,197,149,-1,-1
474,44b6_0113de3b,node,537,27,15,60,190,-1,-1
475,44b6_0113de3b,node,538,27,16,187,74,-1,-1
476,44b6_0113de3b,node,539,27,13,174,62,-1,-1
477,44b6_0113de3b,node,540,27,14,209,78,-1,-1
478,44b6_0113de3b,node,541,27,50,204,184,-1,-1
479,44b6_0113de3b,node,543,27,43,199,205,-1,-1
480,44b6_0113de3b,node,544,27,50,81,207,-1,-1
481,44b6_0113de3b,node,545,27,38,174,179,-1,-1
482,44b6_0113de3b,node,546,27,57,138,224,-1,-1
483,44b6_0113de3b,node,547,27,44,156,165,-1,-1
484,44b6_0113de3b,node,548,27,41,197,153,-1,-1
485,44b6_0113de3b,node,550,27,61,226,221,-1,-1
486,44b6_0113de3b,node,551,27,59,232,247,-1,-1
487,44b6_0113de3b,node,552,27,38,78,205,-1,-1
488,44b6_0113de3b,node,553,27,56,213,232,-1,-1
489,44b6_0113de3b,node,554,27,40,236,172,-1,-1
490,44b6_0113de3b,node,555,27,58,168,216,-1,-1
491,44b6_0113de3b,node,556,27,40,53,186,-1,-1
492,44b6_0113de3b,node,557,27,58,221,204,-1,-1
493,44b6_0113de3b,node,558,27,44,98,179,-1,-1
494,44b6_0113de3b,node,559,28,17,61,196,-1,-1
495,44b6_0113de3b,node,560,28,14,174,59,-1,-1
496,44b6_0113de3b,node,561,28,17,187,76,-1,-1
497,44b6_0113de3b,node,562,28,15,209,78,-1,-1
498,44b6_0113de3b,node,563,28,60,234,251,-1,-1
499,44b6_0113de3b,node,564,28,52,207,187,-1,-1
500,44b6_0113de3b,node,565,28,39,174,177,-1,-1
501,44b6_0113de3b,node,567,28,45,99,180,-1,-1
502,44b6_0113de3b,node,568,28,49,81,206,-1,-1
503,44b6_0113de3b,node,569,28,45,156,167,-1,-1
504,44b6_0113de3b,node,570,28,41,200,153,-1,-1
505,44b6_0113de3b,node,571,28,44,198,203,-1,-1
506,44b6_0113de3b,node,572,28,41,236,176,-1,-1
507,44b6_0113de3b,node,573,28,61,226,221,-1,-1
508,44b6_0113de3b,node,574,28,58,140,224,-1,-1
509,44b6_0113de3b,node,575,28,44,236,211,-1,-1
510,44b6_0113de3b,node,576,28,39,78,205,-1,-1
511,44b6_0113de3b,node,577,28,46,188,174,-1,-1
512,44b6_0113de3b,node,578,28,41,57,189,-1,-1
513,44b6_0113de3b,node,579,28,52,137,202,-1,-1
514,44b6_0113de3b,node,580,28,40,37,187,-1,-1
515,44b6_0113de3b,node,581,28,56,216,232,-1,-1
516,44b6_0113de3b,node,583,29,62,239,251,-1,-1
517,44b6_0113de3b,node,584,29,15,175,60,-1,-1
518,44b6_0113de3b,node,585,29,18,188,79,-1,-1
519,44b6_0113de3b,node,586,29,18,63,197,-1,-1
520,44b6_0113de3b,node,587,29,48,162,174,-1,-1
521,44b6_0113de3b,node,588,29,62,226,218,-1,-1
522,44b6_0113de3b,node,589,29,40,177,177,-1,-1
523,44b6_0113de3b,node,590,29,47,191,170,-1,-1
524,44b6_0113de3b,node,591,29,45,202,200,-1,-1
525,44b6_0113de3b,node,592,29,61,171,222,-1,-1
526,44b6_0113de3b,node,593,29,40,79,205,-1,-1
527,44b6_0113de3b,node,594,29,54,208,187,-1,-1
528,44b6_0113de3b,node,595,29,46,176,160,-1,-1
529,44b6_0113de3b,node,596,29,48,102,184,-1,-1
530,44b6_0113de3b,node,597,29,45,239,211,-1,-1
531,44b6_0113de3b,node,598,29,41,39,188,-1,-1
532,44b6_0113de3b,node,599,29,41,68,174,-1,-1
533,44b6_0113de3b,node,600,29,48,71,194,-1,-1
534,44b6_0113de3b,node,601,29,54,140,204,-1,-1
535,44b6_0113de3b,node,602,29,44,202,156,-1,-1
536,44b6_0113de3b,node,603,29,43,59,192,-1,-1
537,44b6_0113de3b,node,604,29,41,174,195,-1,-1
538,44b6_0113de3b,node,606,30,15,176,67,-1,-1
539,44b6_0113de3b,node,607,30,63,239,251,-1,-1
540,44b6_0113de3b,node,608,30,20,63,196,-1,-1
541,44b6_0113de3b,node,609,30,50,163,177,-1,-1
542,44b6_0113de3b,node,610,30,41,177,174,-1,-1
543,44b6_0113de3b,node,611,30,40,78,174,-1,-1
544,44b6_0113de3b,node,612,30,48,176,160,-1,-1
545,44b6_0113de3b,node,613,30,49,195,170,-1,-1
546,44b6_0113de3b,node,614,30,49,102,186,-1,-1
547,44b6_0113de3b,node,615,30,49,71,196,-1,-1
548,44b6_0113de3b,node,616,30,42,68,167,-1,-1
549,44b6_0113de3b,node,617,30,63,173,224,-1,-1
550,44b6_0113de3b,node,618,30,41,80,206,-1,-1
551,44b6_0113de3b,node,619,30,42,39,188,-1,-1
552,44b6_0113de3b,node,620,30,45,205,200,-1,-1
553,44b6_0113de3b,node,621,30,61,145,227,-1,-1
554,44b6_0113de3b,node,622,30,42,174,193,-1,-1
555,44b6_0113de3b,node,623,30,14,78,81,-1,-1
556,44b6_0113de3b,node,624,30,44,59,194,-1,-1
557,44b6_0113de3b,node,625,30,45,206,155,-1,-1
558,44b6_0113de3b,node,626,31,15,176,68,-1,-1
559,44b6_0113de3b,node,628,31,20,60,199,-1,-1
560,44b6_0113de3b,node,629,31,40,78,174,-1,-1
561,44b6_0113de3b,node,630,31,40,177,174,-1,-1
562,44b6_0113de3b,node,631,31,50,199,174,-1,-1
563,44b6_0113de3b,node,632,31,49,75,196,-1,-1
564,44b6_0113de3b,node,633,31,49,102,187,-1,-1
565,44b6_0113de3b,node,634,31,63,241,252,-1,-1
566,44b6_0113de3b,node,635,31,48,180,163,-1,-1
567,44b6_0113de3b,node,636,31,49,174,201,-1,-1
568,44b6_0113de3b,node,637,31,51,164,181,-1,-1
569,44b6_0113de3b,node,638,31,45,206,200,-1,-1
570,44b6_0113de3b,node,639,31,61,144,227,-1,-1
571,44b6_0113de3b,node,640,31,43,174,190,-1,-1
572,44b6_0113de3b,node,642,31,42,39,188,-1,-1
573,44b6_0113de3b,node,643,31,45,207,156,-1,-1
574,44b6_0113de3b,node,644,31,15,78,81,-1,-1
575,44b6_0113de3b,node,645,32,17,174,81,-1,-1
576,44b6_0113de3b,node,646,32,17,184,67,-1,-1
577,44b6_0113de3b,node,647,32,14,204,62,-1,-1
578,44b6_0113de3b,node,648,32,17,67,196,-1,-1
579,44b6_0113de3b,node,649,32,50,184,167,-1,-1
580,44b6_0113de3b,node,650,32,51,205,177,-1,-1
581,44b6_0113de3b,node,651,32,42,81,174,-1,-1
582,44b6_0113de3b,node,652,32,44,46,188,-1,-1
583,44b6_0113de3b,node,653,32,50,79,198,-1,-1
584,44b6_0113de3b,node,654,32,41,190,174,-1,-1
585,44b6_0113de3b,node,657,32,41,81,204,-1,-1
586,44b6_0113de3b,node,658,32,62,207,254,-1,-1
587,44b6_0113de3b,node,659,32,45,64,196,-1,-1
588,44b6_0113de3b,node,660,32,63,150,229,-1,-1
589,44b6_0113de3b,node,661,32,49,177,201,-1,-1
590,44b6_0113de3b,node,662,32,47,216,160,-1,-1
591,44b6_0113de3b,node,663,32,52,168,184,-1,-1
592,44b6_0113de3b,node,664,33,18,176,81,-1,-1
593,44b6_0113de3b,node,665,33,17,187,67,-1,-1
594,44b6_0113de3b,node,666,33,14,209,59,-1,-1
595,44b6_0113de3b,node,667,33,42,81,174,-1,-1
596,44b6_0113de3b,node,668,33,51,204,175,-1,-1
597,44b6_0113de3b,node,669,33,50,184,164,-1,-1
598,44b6_0113de3b,node,670,33,50,177,208,-1,-1
599,44b6_0113de3b,node,671,33,43,47,184,-1,-1
600,44b6_0113de3b,node,672,33,51,81,197,-1,-1
601,44b6_0113de3b,node,673,33,62,211,254,-1,-1
602,44b6_0113de3b,node,674,33,41,192,174,-1,-1
603,44b6_0113de3b,node,675,33,46,67,195,-1,-1
604,44b6_0113de3b,node,676,33,50,110,188,-1,-1
605,44b6_0113de3b,node,677,33,40,81,201,-1,-1
606,44b6_0113de3b,node,678,33,52,205,209,-1,-1
607,44b6_0113de3b,node,679,33,51,174,181,-1,-1
608,44b6_0113de3b,node,680,33,47,216,160,-1,-1
609,44b6_0113de3b,node,681,33,15,68,194,-1,-1
610,44b6_0113de3b,node,682,33,63,149,227,-1,-1
611,44b6_0113de3b,node,683,33,21,229,77,-1,-1
612,44b6_0113de3b,node,684,33,49,46,208,-1,-1
613,44b6_0113de3b,node,685,34,18,188,71,-1,-1
614,44b6_0113de3b,node,686,34,15,216,60,-1,-1
615,44b6_0113de3b,node,687,34,44,46,185,-1,-1
616,44b6_0113de3b,node,688,34,46,187,188,-1,-1
617,44b6_0113de3b,node,689,34,17,236,56,-1,-1
618,44b6_0113de3b,node,690,34,40,71,162,-1,-1
619,44b6_0113de3b,node,692,34,18,152,80,-1,-1
620,44b6_0113de3b,node,693,34,42,188,174,-1,-1
621,44b6_0113de3b,node,694,34,43,81,174,-1,-1
622,44b6_0113de3b,node,695,34,51,184,174,-1,-1
623,44b6_0113de3b,node,696,34,47,66,198,-1,-1
624,44b6_0113de3b,node,697,34,49,216,163,-1,-1
625,44b6_0113de3b,node,698,34,50,48,209,-1,-1
626,44b6_0113de3b,node,700,34,44,237,170,-1,-1
627,44b6_0113de3b,node,701,34,52,111,191,-1,-1
628,44b6_0113de3b,node,702,34,44,144,192,-1,-1
629,44b6_0113de3b,node,703,34,7,231,36,-1,-1
630,44b6_0113de3b,node,705,34,23,233,77,-1,-1
631,44b6_0113de3b,node,707,34,54,207,215,-1,-1
632,44b6_0113de3b,node,708,35,14,175,67,-1,-1
633,44b6_0113de3b,node,710,35,18,240,58,-1,-1
634,44b6_0113de3b,node,711,35,16,199,57,-1,-1
635,44b6_0113de3b,node,712,35,17,218,61,-1,-1
636,44b6_0113de3b,node,713,35,18,195,78,-1,-1
637,44b6_0113de3b,node,714,35,8,234,39,-1,-1
638,44b6_0113de3b,node,715,35,46,81,177,-1,-1
639,44b6_0113de3b,node,716,35,46,48,190,-1,-1
640,44b6_0113de3b,node,717,35,44,192,179,-1,-1
641,44b6_0113de3b,node,718,35,45,238,174,-1,-1
642,44b6_0113de3b,node,719,35,49,67,204,-1,-1
643,44b6_0113de3b,node,720,35,22,183,87,-1,-1
644,44b6_0113de3b,node,721,35,48,190,196,-1,-1
645,44b6_0113de3b,node,724,35,53,112,196,-1,-1
646,44b6_0113de3b,node,725,35,37,199,207,-1,-1
647,44b6_0113de3b,node,726,35,39,164,209,-1,-1
648,44b6_0113de3b,node,727,35,37,56,198,-1,-1
649,44b6_0113de3b,node,729,35,41,71,174,-1,-1
650,44b6_0113de3b,node,730,35,1,250,25,-1,-1
651,44b6_0113de3b,node,731,35,13,156,60,-1,-1
652,44b6_0113de3b,node,732,35,40,187,163,-1,-1
653,44b6_0113de3b,node,733,35,46,149,200,-1,-1
654,44b6_0113de3b,node,734,36,14,177,68,-1,-1
655,44b6_0113de3b,node,735,36,17,199,67,-1,-1
656,44b6_0113de3b,node,736,36,19,242,60,-1,-1
657,44b6_0113de3b,node,737,36,9,236,41,-1,-1
658,44b6_0113de3b,node,738,36,17,219,64,-1,-1
659,44b6_0113de3b,node,739,36,43,78,174,-1,-1
660,44b6_0113de3b,node,740,36,46,44,192,-1,-1
661,44b6_0113de3b,node,741,36,41,192,163,-1,-1
662,44b6_0113de3b,node,742,36,23,183,88,-1,-1
663,44b6_0113de3b,node,743,36,2,254,29,-1,-1
664,44b6_0113de3b,node,744,36,49,65,207,-1,-1
665,44b6_0113de3b,node,745,36,49,191,201,-1,-1
666,44b6_0113de3b,node,746,36,37,208,207,-1,-1
667,44b6_0113de3b,node,747,36,14,155,62,-1,-1
668,44b6_0113de3b,node,748,36,45,195,184,-1,-1
669,44b6_0113de3b,node,749,36,37,61,196,-1,-1
670,44b6_0113de3b,node,752,36,62,253,247,-1,-1
671,44b6_0113de3b,node,753,36,42,163,187,-1,-1
672,44b6_0113de3b,node,754,37,15,177,67,-1,-1
673,44b6_0113de3b,node,755,37,20,248,61,-1,-1
674,44b6_0113de3b,node,756,37,19,205,64,-1,-1
675,44b6_0113de3b,node,757,37,42,78,174,-1,-1
676,44b6_0113de3b,node,758,37,13,150,71,-1,-1
677,44b6_0113de3b,node,759,37,47,49,192,-1,-1
678,44b6_0113de3b,node,760,37,13,161,60,-1,-1
679,44b6_0113de3b,node,761,37,41,196,163,-1,-1
680,44b6_0113de3b,node,762,37,17,226,60,-1,-1
681,44b6_0113de3b,node,763,37,63,252,247,-1,-1
682,44b6_0113de3b,node,764,37,52,228,173,-1,-1
683,44b6_0113de3b,node,765,37,8,210,43,-1,-1
684,44b6_0113de3b,node,766,37,42,167,187,-1,-1
685,44b6_0113de3b,node,768,37,50,70,207,-1,-1
686,44b6_0113de3b,node,770,37,42,199,174,-1,-1
687,44b6_0113de3b,node,772,37,10,244,41,-1,-1
688,44b6_0113de3b,node,773,37,45,198,180,-1,-1
689,44b6_0113de3b,node,774,37,49,197,198,-1,-1
690,44b6_0113de3b,node,775,37,38,64,199,-1,-1
691,44b6_0113de3b,node,776,38,16,177,67,-1,-1
692,44b6_0113de3b,node,777,38,21,250,61,-1,-1
693,44b6_0113de3b,node,778,38,16,218,58,-1,-1
694,44b6_0113de3b,node,779,38,18,204,67,-1,-1
695,44b6_0113de3b,node,780,38,42,75,174,-1,-1
696,44b6_0113de3b,node,781,38,13,147,72,-1,-1
697,44b6_0113de3b,node,782,38,13,161,60,-1,-1
698,44b6_0113de3b,node,783,38,47,48,195,-1,-1
699,44b6_0113de3b,node,784,38,53,229,176,-1,-1
700,44b6_0113de3b,node,785,38,11,243,44,-1,-1
701,44b6_0113de3b,node,786,38,41,199,163,-1,-1
702,44b6_0113de3b,node,787,38,42,167,187,-1,-1
703,44b6_0113de3b,node,788,38,50,69,209,-1,-1
704,44b6_0113de3b,node,790,38,42,202,174,-1,-1
705,44b6_0113de3b,node,791,38,45,200,186,-1,-1
706,44b6_0113de3b,node,792,38,8,207,44,-1,-1
707,44b6_0113de3b,node,793,38,37,67,200,-1,-1
708,44b6_0113de3b,node,794,38,50,197,202,-1,-1
709,44b6_0113de3b,node,795,38,49,188,160,-1,-1
710,44b6_0113de3b,node,796,39,17,177,78,-1,-1
711,44b6_0113de3b,node,797,39,21,250,61,-1,-1
712,44b6_0113de3b,node,798,39,16,53,177,-1,-1
713,44b6_0113de3b,node,799,39,16,220,59,-1,-1
714,44b6_0113de3b,node,800,39,14,164,65,-1,-1
715,44b6_0113de3b,node,801,39,50,189,164,-1,-1
716,44b6_0113de3b,node,802,39,43,78,177,-1,-1
717,44b6_0113de3b,node,803,39,48,49,200,-1,-1
718,44b6_0113de3b,node,804,39,14,148,75,-1,-1
719,44b6_0113de3b,node,805,39,9,187,47,-1,-1
720,44b6_0113de3b,node,806,39,38,71,203,-1,-1
721,44b6_0113de3b,node,807,39,42,199,167,-1,-1
722,44b6_0113de3b,node,808,39,42,167,189,-1,-1
723,44b6_0113de3b,node,810,39,12,244,45,-1,-1
724,44b6_0113de3b,node,811,39,37,177,174,-1,-1
725,44b6_0113de3b,node,812,39,53,228,178,-1,-1
726,44b6_0113de3b,node,813,39,45,198,186,-1,-1
727,44b6_0113de3b,node,814,39,49,153,174,-1,-1
728,44b6_0113de3b,node,816,39,45,100,164,-1,-1
729,44b6_0113de3b,node,817,39,50,193,204,-1,-1
730,44b6_0113de3b,node,818,39,4,150,49,-1,-1
731,44b6_0113de3b,node,820,40,17,177,78,-1,-1
732,44b6_0113de3b,node,822,40,17,53,188,-1,-1
733,44b6_0113de3b,node,823,40,14,163,68,-1,-1
734,44b6_0113de3b,node,824,40,17,219,62,-1,-1
735,44b6_0113de3b,node,825,40,21,248,62,-1,-1
736,44b6_0113de3b,node,826,40,39,81,174,-1,-1
737,44b6_0113de3b,node,827,40,16,147,79,-1,-1
738,44b6_0113de3b,node,828,40,50,49,209,-1,-1
739,44b6_0113de3b,node,829,40,38,61,175,-1,-1
740,44b6_0113de3b,node,830,40,13,242,48,-1,-1
741,44b6_0113de3b,node,832,40,37,177,180,-1,-1
742,44b6_0113de3b,node,833,40,42,199,174,-1,-1
743,44b6_0113de3b,node,834,40,9,185,49,-1,-1
744,44b6_0113de3b,node,835,40,27,92,212,-1,-1
745,44b6_0113de3b,node,836,40,46,99,170,-1,-1
746,44b6_0113de3b,node,837,40,45,196,190,-1,-1
747,44b6_0113de3b,node,838,40,50,188,174,-1,-1
748,44b6_0113de3b,node,839,40,49,152,177,-1,-1
749,44b6_0113de3b,node,840,40,45,72,188,-1,-1
750,44b6_0113de3b,node,841,40,41,174,196,-1,-1
751,44b6_0113de3b,node,842,40,40,75,208,-1,-1
752,44b6_0113de3b,node,843,40,5,147,52,-1,-1
753,44b6_0113de3b,node,844,40,50,190,208,-1,-1
754,44b6_0113de3b,node,845,41,17,177,78,-1,-1
755,44b6_0113de3b,node,846,41,18,224,64,-1,-1
756,44b6_0113de3b,node,847,41,15,164,67,-1,-1
757,44b6_0113de3b,node,848,41,18,66,188,-1,-1
758,44b6_0113de3b,node,849,41,17,151,81,-1,-1
759,44b6_0113de3b,node,850,41,22,251,63,-1,-1
760,44b6_0113de3b,node,851,41,38,177,177,-1,-1
761,44b6_0113de3b,node,852,41,39,61,181,-1,-1
762,44b6_0113de3b,node,853,41,43,194,175,-1,-1
763,44b6_0113de3b,node,854,41,9,189,50,-1,-1
764,44b6_0113de3b,node,855,41,40,81,177,-1,-1
765,44b6_0113de3b,node,856,41,50,191,174,-1,-1
766,44b6_0113de3b,node,857,41,13,243,52,-1,-1
767,44b6_0113de3b,node,858,41,42,174,196,-1,-1
768,44b6_0113de3b,node,859,41,51,47,209,-1,-1
769,44b6_0113de3b,node,860,41,46,199,195,-1,-1
770,44b6_0113de3b,node,861,41,49,61,195,-1,-1
771,44b6_0113de3b,node,862,41,50,151,181,-1,-1
772,44b6_0113de3b,node,863,41,28,95,216,-1,-1
773,44b6_0113de3b,node,864,42,14,174,81,-1,-1
774,44b6_0113de3b,node,865,42,15,174,66,-1,-1
775,44b6_0113de3b,node,866,42,18,68,188,-1,-1
776,44b6_0113de3b,node,867,42,17,187,74,-1,-1
777,44b6_0113de3b,node,869,42,38,177,176,-1,-1
778,44b6_0113de3b,node,870,42,17,155,79,-1,-1
779,44b6_0113de3b,node,871,42,51,51,208,-1,-1
780,44b6_0113de3b,node,872,42,39,65,176,-1,-1
781,44b6_0113de3b,node,873,42,38,46,177,-1,-1
782,44b6_0113de3b,node,874,42,56,231,186,-1,-1
783,44b6_0113de3b,node,875,42,50,152,178,-1,-1
784,44b6_0113de3b,node,876,42,43,199,174,-1,-1
785,44b6_0113de3b,node,877,42,47,163,201,-1,-1
786,44b6_0113de3b,node,878,42,18,229,63,-1,-1
787,44b6_0113de3b,node,879,42,42,174,194,-1,-1
788,44b6_0113de3b,node,880,42,47,203,192,-1,-1
789,44b6_0113de3b,node,881,42,56,176,191,-1,-1
790,44b6_0113de3b,node,882,43,17,175,62,-1,-1
791,44b6_0113de3b,node,883,43,15,177,81,-1,-1
792,44b6_0113de3b,node,884,43,19,192,78,-1,-1
793,44b6_0113de3b,node,885,43,19,68,187,-1,-1
794,44b6_0113de3b,node,886,43,18,163,79,-1,-1
795,44b6_0113de3b,node,887,43,38,177,176,-1,-1
796,44b6_0113de3b,node,888,43,39,47,181,-1,-1
797,44b6_0113de3b,node,889,43,40,68,177,-1,-1
798,44b6_0113de3b,node,890,43,56,234,186,-1,-1
799,44b6_0113de3b,node,891,43,56,178,190,-1,-1
800,44b6_0113de3b,node,892,43,48,207,191,-1,-1
801,44b6_0113de3b,node,893,43,46,59,188,-1,-1
802,44b6_0113de3b,node,894,43,47,167,200,-1,-1
803,44b6_0113de3b,node,895,43,8,161,50,-1,-1
804,44b6_0113de3b,node,897,43,57,56,231,-1,-1
805,44b6_0113de3b,node,898,43,20,232,66,-1,-1
806,44b6_0113de3b,node,899,43,41,177,193,-1,-1
807,44b6_0113de3b,node,900,43,25,24,222,-1,-1
808,44b6_0113de3b,node,901,43,16,78,78,-1,-1
809,44b6_0113de3b,node,902,44,18,174,65,-1,-1
810,44b6_0113de3b,node,903,44,15,78,68,-1,-1
811,44b6_0113de3b,node,904,44,16,78,78,-1,-1
812,44b6_0113de3b,node,905,44,14,56,82,-1,-1
813,44b6_0113de3b,node,906,44,14,209,55,-1,-1
814,44b6_0113de3b,node,907,44,19,192,75,-1,-1
815,44b6_0113de3b,node,908,44,57,176,192,-1,-1
816,44b6_0113de3b,node,909,44,15,174,92,-1,-1
817,44b6_0113de3b,node,910,44,39,177,177,-1,-1
818,44b6_0113de3b,node,911,44,58,232,190,-1,-1
819,44b6_0113de3b,node,912,44,48,207,189,-1,-1
820,44b6_0113de3b,node,913,44,41,64,177,-1,-1
821,44b6_0113de3b,node,914,44,27,23,228,-1,-1
822,44b6_0113de3b,node,915,44,57,54,231,-1,-1
823,44b6_0113de3b,node,916,44,47,167,202,-1,-1
824,44b6_0113de3b,node,917,44,19,160,81,-1,-1
825,44b6_0113de3b,node,918,44,40,46,177,-1,-1
826,44b6_0113de3b,node,919,44,9,161,52,-1,-1
827,44b6_0113de3b,node,920,44,46,56,190,-1,-1
828,44b6_0113de3b,node,922,44,48,177,160,-1,-1
829,44b6_0113de3b,node,923,44,21,232,68,-1,-1
830,44b6_0113de3b,node,924,45,15,81,80,-1,-1
831,44b6_0113de3b,node,925,45,15,177,55,-1,-1
832,44b6_0113de3b,node,926,45,16,78,68,-1,-1
833,44b6_0113de3b,node,927,45,16,56,81,-1,-1
834,44b6_0113de3b,node,928,45,16,174,93,-1,-1
835,44b6_0113de3b,node,929,45,13,195,48,-1,-1
836,44b6_0113de3b,node,930,45,37,64,247,-1,-1
837,44b6_0113de3b,node,931,45,40,177,177,-1,-1
838,44b6_0113de3b,node,932,45,48,167,203,-1,-1
839,44b6_0113de3b,node,933,45,57,175,193,-1,-1
840,44b6_0113de3b,node,934,45,59,233,192,-1,-1
841,44b6_0113de3b,node,935,45,61,224,235,-1,-1
842,44b6_0113de3b,node,936,45,49,175,160,-1,-1
843,44b6_0113de3b,node,937,45,45,204,175,-1,-1
844,44b6_0113de3b,node,938,45,49,208,192,-1,-1
845,44b6_0113de3b,node,939,45,38,46,174,-1,-1
846,44b6_0113de3b,node,941,45,42,60,177,-1,-1
847,44b6_0113de3b,node,942,45,47,55,190,-1,-1
848,44b6_0113de3b,node,943,46,16,78,81,-1,-1
849,44b6_0113de3b,node,944,46,37,56,251,-1,-1
850,44b6_0113de3b,node,945,46,15,189,55,-1,-1
851,44b6_0113de3b,node,946,46,16,174,64,-1,-1
852,44b6_0113de3b,node,947,46,16,78,68,-1,-1
853,44b6_0113de3b,node,948,46,17,209,60,-1,-1
854,44b6_0113de3b,node,949,46,40,176,177,-1,-1
855,44b6_0113de3b,node,950,46,47,78,174,-1,-1
856,44b6_0113de3b,node,952,46,17,47,92,-1,-1
857,44b6_0113de3b,node,953,46,61,229,201,-1,-1
858,44b6_0113de3b,node,954,46,62,219,243,-1,-1
859,44b6_0113de3b,node,955,46,58,168,200,-1,-1
860,44b6_0113de3b,node,956,46,46,196,177,-1,-1
861,44b6_0113de3b,node,957,46,44,51,188,-1,-1
862,44b6_0113de3b,node,958,46,13,154,60,-1,-1
863,44b6_0113de3b,node,959,46,48,46,194,-1,-1
864,44b6_0113de3b,node,960,46,46,78,188,-1,-1
865,44b6_0113de3b,node,961,46,50,203,196,-1,-1
866,44b6_0113de3b,node,964,46,35,61,190,-1,-1
867,44b6_0113de3b,node,965,47,16,177,65,-1,-1
868,44b6_0113de3b,node,966,47,18,200,71,-1,-1
869,44b6_0113de3b,node,967,47,37,48,203,-1,-1
870,44b6_0113de3b,node,968,47,46,184,188,-1,-1
871,44b6_0113de3b,node,969,47,61,31,248,-1,-1
872,44b6_0113de3b,node,970,47,63,208,252,-1,-1
873,44b6_0113de3b,node,972,47,41,192,174,-1,-1
874,44b6_0113de3b,node,973,47,48,64,184,-1,-1
875,44b6_0113de3b,node,974,47,17,59,77,-1,-1
876,44b6_0113de3b,node,975,47,45,81,165,-1,-1
877,44b6_0113de3b,node,976,47,41,167,194,-1,-1
878,44b6_0113de3b,node,977,47,15,143,68,-1,-1
879,44b6_0113de3b,node,978,47,48,61,199,-1,-1
880,44b6_0113de3b,node,981,47,61,247,199,-1,-1
881,44b6_0113de3b,node,986,47,50,193,204,-1,-1
882,44b6_0113de3b,node,987,48,15,78,81,-1,-1
883,44b6_0113de3b,node,988,48,18,177,62,-1,-1
884,44b6_0113de3b,node,989,48,17,198,58,-1,-1
885,44b6_0113de3b,node,990,48,38,59,253,-1,-1
886,44b6_0113de3b,node,992,48,48,81,177,-1,-1
887,44b6_0113de3b,node,993,48,40,177,177,-1,-1
888,44b6_0113de3b,node,994,48,37,67,199,-1,-1
889,44b6_0113de3b,node,995,48,48,78,196,-1,-1
890,44b6_0113de3b,node,997,48,61,47,246,-1,-1
891,44b6_0113de3b,node,998,48,15,157,64,-1,-1
892,44b6_0113de3b,node,999,48,45,57,192,-1,-1
893,44b6_0113de3b,node,1000,48,46,202,177,-1,-1
894,44b6_0113de3b,node,1001,48,45,68,165,-1,-1
895,44b6_0113de3b,node,1002,48,49,174,205,-1,-1
896,44b6_0113de3b,node,1003,48,38,79,174,-1,-1
897,44b6_0113de3b,node,1005,48,37,52,161,-1,-1
898,44b6_0113de3b,node,1006,48,39,207,174,-1,-1
899,44b6_0113de3b,node,1007,48,44,98,162,-1,-1
900,44b6_0113de3b,node,1008,49,16,78,81,-1,-1
901,44b6_0113de3b,node,1009,49,14,174,56,-1,-1
902,44b6_0113de3b,node,1010,49,18,196,60,-1,-1
903,44b6_0113de3b,node,1012,49,14,209,52,-1,-1
904,44b6_0113de3b,node,1013,49,39,58,254,-1,-1
905,44b6_0113de3b,node,1014,49,39,78,174,-1,-1
906,44b6_0113de3b,node,1015,49,46,68,167,-1,-1
907,44b6_0113de3b,node,1016,49,47,81,177,-1,-1
908,44b6_0113de3b,node,1017,49,38,67,201,-1,-1
909,44b6_0113de3b,node,1018,49,45,99,162,-1,-1
910,44b6_0113de3b,node,1019,49,16,160,67,-1,-1
911,44b6_0113de3b,node,1020,49,49,78,198,-1,-1
912,44b6_0113de3b,node,1021,49,37,51,162,-1,-1
913,44b6_0113de3b,node,1024,49,46,56,192,-1,-1
914,44b6_0113de3b,node,1025,49,46,203,184,-1,-1
915,44b6_0113de3b,node,1026,49,41,184,188,-1,-1
916,44b6_0113de3b,node,1027,49,61,45,248,-1,-1
917,44b6_0113de3b,node,1028,49,40,209,174,-1,-1
918,44b6_0113de3b,node,1030,49,46,177,201,-1,-1
919,44b6_0113de3b,node,1032,49,2,211,15,-1,-1
920,44b6_0113de3b,node,1033,50,14,177,65,-1,-1
921,44b6_0113de3b,node,1034,50,18,200,67,-1,-1
922,44b6_0113de3b,node,1035,50,18,200,78,-1,-1
923,44b6_0113de3b,node,1036,50,14,209,59,-1,-1
924,44b6_0113de3b,node,1037,50,37,55,174,-1,-1
925,44b6_0113de3b,node,1038,50,39,79,176,-1,-1
926,44b6_0113de3b,node,1041,50,41,209,174,-1,-1
927,44b6_0113de3b,node,1042,50,45,102,173,-1,-1
928,44b6_0113de3b,node,1043,50,41,188,193,-1,-1
929,44b6_0113de3b,node,1044,50,47,60,206,-1,-1
930,44b6_0113de3b,node,1045,50,46,71,184,-1,-1
931,44b6_0113de3b,node,1046,50,46,208,191,-1,-1
932,44b6_0113de3b,node,1048,50,1,216,20,-1,-1
933,44b6_0113de3b,node,1049,50,17,163,74,-1,-1
934,44b6_0113de3b,node,1050,51,14,174,78,-1,-1
935,44b6_0113de3b,node,1052,51,14,81,64,-1,-1
936,44b6_0113de3b,node,1053,51,17,200,74,-1,-1
937,44b6_0113de3b,node,1054,51,16,46,81,-1,-1
938,44b6_0113de3b,node,1055,51,17,177,47,-1,-1
939,44b6_0113de3b,node,1056,51,47,46,177,-1,-1
940,44b6_0113de3b,node,1057,51,14,67,75,-1,-1
941,44b6_0113de3b,node,1058,51,41,193,174,-1,-1
942,44b6_0113de3b,node,1059,51,47,78,174,-1,-1
943,44b6_0113de3b,node,1060,51,9,218,24,-1,-1
944,44b6_0113de3b,node,1061,51,39,75,194,-1,-1
945,44b6_0113de3b,node,1062,51,49,63,194,-1,-1
946,44b6_0113de3b,node,1063,51,48,209,174,-1,-1
947,44b6_0113de3b,node,1065,51,17,209,46,-1,-1
948,44b6_0113de3b,node,1067,51,14,151,46,-1,-1
949,44b6_0113de3b,node,1068,51,19,162,57,-1,-1
950,44b6_0113de3b,node,1069,51,13,199,31,-1,-1
951,44b6_0113de3b,node,1070,52,14,174,78,-1,-1
952,44b6_0113de3b,node,1071,52,16,81,71,-1,-1
953,44b6_0113de3b,node,1072,52,19,197,78,-1,-1
954,44b6_0113de3b,node,1073,52,15,67,78,-1,-1
955,44b6_0113de3b,node,1074,52,19,176,52,-1,-1
956,44b6_0113de3b,node,1075,52,18,46,81,-1,-1
957,44b6_0113de3b,node,1076,52,18,209,46,-1,-1
958,44b6_0113de3b,node,1077,52,13,199,31,-1,-1
959,44b6_0113de3b,node,1078,52,40,74,199,-1,-1
960,44b6_0113de3b,node,1079,52,9,176,26,-1,-1
961,44b6_0113de3b,node,1080,52,49,67,178,-1,-1
962,44b6_0113de3b,node,1081,52,16,152,48,-1,-1
963,44b6_0113de3b,node,1082,52,3,222,5,-1,-1
964,44b6_0113de3b,node,1083,52,49,208,174,-1,-1
965,44b6_0113de3b,node,1084,52,43,78,174,-1,-1
966,44b6_0113de3b,node,1085,52,10,216,24,-1,-1
967,44b6_0113de3b,node,1086,52,42,195,176,-1,-1
968,44b6_0113de3b,node,1087,52,48,46,184,-1,-1
969,44b6_0113de3b,node,1089,52,50,59,199,-1,-1
970,44b6_0113de3b,node,1090,52,37,187,195,-1,-1
971,44b6_0113de3b,node,1091,52,39,177,174,-1,-1
972,44b6_0113de3b,node,1092,52,9,240,18,-1,-1
973,44b6_0113de3b,node,1095,53,17,81,78,-1,-1
974,44b6_0113de3b,node,1096,53,14,164,81,-1,-1
975,44b6_0113de3b,node,1097,53,3,107,25,-1,-1
976,44b6_0113de3b,node,1098,53,14,172,46,-1,-1
977,44b6_0113de3b,node,1099,53,14,46,80,-1,-1
978,44b6_0113de3b,node,1100,53,4,218,6,-1,-1
979,44b6_0113de3b,node,1101,53,14,196,36,-1,-1
980,44b6_0113de3b,node,1102,53,13,60,68,-1,-1
981,44b6_0113de3b,node,1103,53,19,209,48,-1,-1
982,44b6_0113de3b,node,1104,53,46,80,177,-1,-1
983,44b6_0113de3b,node,1105,53,17,209,64,-1,-1
984,44b6_0113de3b,node,1107,53,17,152,53,-1,-1
985,44b6_0113de3b,node,1108,53,12,215,29,-1,-1
986,44b6_0113de3b,node,1109,53,41,176,174,-1,-1
987,44b6_0113de3b,node,1110,53,19,196,77,-1,-1
988,44b6_0113de3b,node,1111,53,50,208,177,-1,-1
989,44b6_0113de3b,node,1112,53,38,188,196,-1,-1
990,44b6_0113de3b,node,1115,53,40,81,196,-1,-1
991,44b6_0113de3b,node,1116,53,50,66,177,-1,-1
992,44b6_0113de3b,node,1117,53,10,236,20,-1,-1
993,44b6_0113de3b,node,1118,53,10,172,29,-1,-1
994,44b6_0113de3b,node,1119,53,41,51,174,-1,-1
995,44b6_0113de3b,node,1122,54,18,81,81,-1,-1
996,44b6_0113de3b,node,1123,54,15,174,50,-1,-1
997,44b6_0113de3b,node,1124,54,14,60,71,-1,-1
998,44b6_0113de3b,node,1125,54,17,209,71,-1,-1
999,44b6_0113de3b,node,1126,54,16,199,39,-1,-1
1000,44b6_0113de3b,node,1127,54,41,174,174,-1,-1
1001,44b6_0113de3b,node,1128,54,46,76,184,-1,-1
1002,44b6_0113de3b,node,1129,54,18,152,60,-1,-1
1003,44b6_0113de3b,node,1130,54,42,48,174,-1,-1
1004,44b6_0113de3b,node,1131,54,15,161,81,-1,-1
1005,44b6_0113de3b,node,1132,54,46,188,177,-1,-1
1006,44b6_0113de3b,node,1133,54,12,215,31,-1,-1
1007,44b6_0113de3b,node,1134,54,5,222,13,-1,-1
1008,44b6_0113de3b,node,1135,54,5,111,31,-1,-1
1009,44b6_0113de3b,node,1137,54,50,62,188,-1,-1
1010,44b6_0113de3b,node,1138,54,38,187,204,-1,-1
1011,44b6_0113de3b,node,1139,54,11,236,25,-1,-1
1012,44b6_0113de3b,node,1141,54,51,209,184,-1,-1
1013,44b6_0113de3b,node,1142,54,1,241,1,-1,-1
1014,44b6_0113de3b,node,1143,55,17,174,52,-1,-1
1015,44b6_0113de3b,node,1144,55,15,59,74,-1,-1
1016,44b6_0113de3b,node,1145,55,18,209,67,-1,-1
1017,44b6_0113de3b,node,1146,55,16,198,46,-1,-1
1018,44b6_0113de3b,node,1147,55,47,75,184,-1,-1
1019,44b6_0113de3b,node,1148,55,39,187,205,-1,-1
1020,44b6_0113de3b,node,1149,55,41,174,174,-1,-1
1021,44b6_0113de3b,node,1151,55,46,196,176,-1,-1
1022,44b6_0113de3b,node,1152,55,16,160,91,-1,-1
1023,44b6_0113de3b,node,1153,55,42,46,174,-1,-1
1024,44b6_0113de3b,node,1154,55,37,63,187,-1,-1
1025,44b6_0113de3b,node,1155,55,3,247,1,-1,-1
1026,44b6_0113de3b,node,1156,55,51,60,192,-1,-1
1027,44b6_0113de3b,node,1159,56,15,177,46,-1,-1
1028,44b6_0113de3b,node,1160,56,16,57,80,-1,-1
1029,44b6_0113de3b,node,1161,56,14,204,71,-1,-1
1030,44b6_0113de3b,node,1162,56,17,200,46,-1,-1
1031,44b6_0113de3b,node,1163,56,18,209,67,-1,-1
1032,44b6_0113de3b,node,1164,56,48,71,186,-1,-1
1033,44b6_0113de3b,node,1165,56,15,91,62,-1,-1
1034,44b6_0113de3b,node,1166,56,41,174,174,-1,-1
1035,44b6_0113de3b,node,1167,56,16,163,91,-1,-1
1036,44b6_0113de3b,node,1168,56,46,195,177,-1,-1
1037,44b6_0113de3b,node,1169,56,5,247,9,-1,-1
1038,44b6_0113de3b,node,1170,56,40,187,205,-1,-1
1039,44b6_0113de3b,node,1171,56,38,68,189,-1,-1
1040,44b6_0113de3b,node,1173,56,41,46,206,-1,-1
1041,44b6_0113de3b,node,1174,56,51,203,187,-1,-1
1042,44b6_0113de3b,node,1175,57,14,79,67,-1,-1
1043,44b6_0113de3b,node,1176,57,14,203,76,-1,-1
1044,44b6_0113de3b,node,1177,57,19,177,59,-1,-1
1045,44b6_0113de3b,node,1178,57,16,59,77,-1,-1
1046,44b6_0113de3b,node,1179,57,48,75,184,-1,-1
1047,44b6_0113de3b,node,1180,57,18,208,46,-1,-1
1048,44b6_0113de3b,node,1181,57,42,176,174,-1,-1
1049,44b6_0113de3b,node,1182,57,40,188,208,-1,-1
1050,44b6_0113de3b,node,1183,57,17,163,92,-1,-1
1051,44b6_0113de3b,node,1184,57,46,199,177,-1,-1
1052,44b6_0113de3b,node,1185,57,45,46,174,-1,-1
1053,44b6_0113de3b,node,1187,57,38,60,193,-1,-1
1054,44b6_0113de3b,node,1188,57,51,208,187,-1,-1
1055,44b6_0113de3b,node,1189,57,41,46,208,-1,-1
1056,44b6_0113de3b,node,1190,58,14,81,67,-1,-1
1057,44b6_0113de3b,node,1191,58,18,66,81,-1,-1
1058,44b6_0113de3b,node,1192,58,16,205,78,-1,-1
1059,44b6_0113de3b,node,1193,58,18,188,46,-1,-1
1060,44b6_0113de3b,node,1194,58,18,177,59,-1,-1
1061,44b6_0113de3b,node,1195,58,3,182,13,-1,-1
1062,44b6_0113de3b,node,1196,58,49,71,184,-1,-1
1063,44b6_0113de3b,node,1197,58,18,164,91,-1,-1
1064,44b6_0113de3b,node,1198,58,43,177,174,-1,-1
1065,44b6_0113de3b,node,1199,58,41,192,207,-1,-1
1066,44b6_0113de3b,node,1200,58,47,200,181,-1,-1
1067,44b6_0113de3b,node,1201,58,46,46,176,-1,-1
1068,44b6_0113de3b,node,1202,58,49,174,184,-1,-1
1069,44b6_0113de3b,node,1205,59,14,174,78,-1,-1
1070,44b6_0113de3b,node,1206,59,16,81,67,-1,-1
1071,44b6_0113de3b,node,1207,59,15,67,77,-1,-1
1072,44b6_0113de3b,node,1208,59,17,204,78,-1,-1
1073,44b6_0113de3b,node,1209,59,5,186,15,-1,-1
1074,44b6_0113de3b,node,1210,59,18,188,47,-1,-1
1075,44b6_0113de3b,node,1211,59,14,174,46,-1,-1
1076,44b6_0113de3b,node,1212,59,50,75,188,-1,-1
1077,44b6_0113de3b,node,1213,59,47,46,181,-1,-1
1078,44b6_0113de3b,node,1214,59,48,201,184,-1,-1
1079,44b6_0113de3b,node,1215,59,41,191,208,-1,-1
1080,44b6_0113de3b,node,1216,59,50,174,188,-1,-1
1081,44b6_0113de3b,node,1217,59,40,67,187,-1,-1
1082,44b6_0113de3b,node,1218,59,17,46,81,-1,-1
1083,44b6_0113de3b,node,1219,60,15,174,78,-1,-1
1084,44b6_0113de3b,node,1220,60,17,81,71,-1,-1
1085,44b6_0113de3b,node,1221,60,17,68,78,-1,-1
1086,44b6_0113de3b,node,1222,60,18,204,79,-1,-1
1087,44b6_0113de3b,node,1223,60,14,174,46,-1,-1
1088,44b6_0113de3b,node,1224,60,15,46,78,-1,-1
1089,44b6_0113de3b,node,1225,60,16,203,46,-1,-1
1090,44b6_0113de3b,node,1226,60,46,78,174,-1,-1
1091,44b6_0113de3b,node,1227,60,42,191,208,-1,-1
1092,44b6_0113de3b,node,1228,60,48,200,187,-1,-1
1093,44b6_0113de3b,node,1229,60,41,67,190,-1,-1
1094,44b6_0113de3b,node,1230,60,47,46,184,-1,-1
1095,44b6_0113de3b,node,1231,60,50,174,191,-1,-1
1096,44b6_0113de3b,node,1232,60,37,209,180,-1,-1
1097,44b6_0113de3b,node,1233,61,16,176,78,-1,-1
1098,44b6_0113de3b,node,1234,61,18,69,78,-1,-1
1099,44b6_0113de3b,node,1235,61,16,47,79,-1,-1
1100,44b6_0113de3b,node,1236,61,15,174,46,-1,-1
1101,44b6_0113de3b,node,1237,61,18,208,77,-1,-1
1102,44b6_0113de3b,node,1238,61,17,206,46,-1,-1
1103,44b6_0113de3b,node,1239,61,47,78,174,-1,-1
1104,44b6_0113de3b,node,1240,61,38,174,174,-1,-1
1105,44b6_0113de3b,node,1241,61,49,202,187,-1,-1
1106,44b6_0113de3b,node,1242,61,50,167,191,-1,-1
1107,44b6_0113de3b,node,1243,61,48,46,187,-1,-1
1108,44b6_0113de3b,node,1244,61,42,68,192,-1,-1
1109,44b6_0113de3b,node,1245,61,38,216,186,-1,-1
1110,44b6_0113de3b,node,1246,62,17,176,78,-1,-1
1111,44b6_0113de3b,node,1248,62,17,47,81,-1,-1
1112,44b6_0113de3b,node,1249,62,17,177,50,-1,-1
1113,44b6_0113de3b,node,1250,62,19,209,46,-1,-1
1114,44b6_0113de3b,node,1251,62,49,71,176,-1,-1
1115,44b6_0113de3b,node,1252,62,49,46,190,-1,-1
1116,44b6_0113de3b,node,1253,62,39,174,174,-1,-1
1117,44b6_0113de3b,node,1254,62,49,196,191,-1,-1
1118,44b6_0113de3b,node,1255,62,18,68,81,-1,-1
1119,44b6_0113de3b,node,1256,62,39,219,187,-1,-1
1120,44b6_0113de3b,node,1257,62,18,209,77,-1,-1
1121,44b6_0113de3b,node,1258,62,43,67,196,-1,-1
1122,44b6_0113de3b,node,1259,63,17,177,80,-1,-1
1123,44b6_0113de3b,node,1260,63,17,46,81,-1,-1
1124,44b6_0113de3b,node,1261,63,17,180,50,-1,-1
1125,44b6_0113de3b,node,1262,63,39,174,167,-1,-1
1126,44b6_0113de3b,node,1263,63,48,71,177,-1,-1
1127,44b6_0113de3b,node,1265,63,49,46,194,-1,-1
1128,44b6_0113de3b,node,1266,63,19,68,81,-1,-1
1129,44b6_0113de3b,node,1267,63,50,200,188,-1,-1
1130,44b6_0113de3b,node,1268,63,50,174,192,-1,-1
1131,44b6_0113de3b,node,1269,63,14,92,60,-1,-1
1132,44b6_0113de3b,node,1270,63,43,67,200,-1,-1
1133,44b6_0113de3b,node,1271,63,47,50,174,-1,-1
1134,44b6_0113de3b,node,1272,63,47,201,174,-1,-1
1135,44b6_0113de3b,node,1273,63,40,220,187,-1,-1
1136,44b6_0113de3b,node,1274,63,13,142,78,-1,-1
1137,44b6_0113de3b,node,1276,64,17,174,81,-1,-1
1138,44b6_0113de3b,node,1277,64,18,180,52,-1,-1
1139,44b6_0113de3b,node,1278,64,14,81,69,-1,-1
1140,44b6_0113de3b,node,1279,64,13,201,67,-1,-1
1141,44b6_0113de3b,node,1280,64,49,71,181,-1,-1
1142,44b6_0113de3b,node,1281,64,40,174,173,-1,-1
1143,44b6_0113de3b,node,1282,64,14,91,65,-1,-1
1144,44b6_0113de3b,node,1283,64,49,48,197,-1,-1
1145,44b6_0113de3b,node,1284,64,12,60,68,-1,-1
1146,44b6_0113de3b,node,1285,64,15,46,81,-1,-1
1147,44b6_0113de3b,node,1286,64,48,199,174,-1,-1
1148,44b6_0113de3b,node,1287,64,13,142,78,-1,-1
1149,44b6_0113de3b,node,1288,64,47,49,174,-1,-1
1150,44b6_0113de3b,node,1289,64,42,68,202,-1,-1
1151,44b6_0113de3b,node,1290,64,50,174,193,-1,-1
1152,44b6_0113de3b,node,1291,64,50,203,191,-1,-1
1153,44b6_0113de3b,node,1292,64,41,220,188,-1,-1
1154,44b6_0113de3b,node,1295,65,17,174,81,-1,-1
1155,44b6_0113de3b,node,1296,65,14,67,68,-1,-1
1156,44b6_0113de3b,node,1297,65,14,79,78,-1,-1
1157,44b6_0113de3b,node,1298,65,14,78,67,-1,-1
1158,44b6_0113de3b,node,1299,65,19,177,52,-1,-1
1159,44b6_0113de3b,node,1300,65,13,202,67,-1,-1
1160,44b6_0113de3b,node,1302,65,49,71,184,-1,-1
1161,44b6_0113de3b,node,1303,65,41,174,172,-1,-1
1162,44b6_0113de3b,node,1304,65,51,48,204,-1,-1
1163,44b6_0113de3b,node,1305,65,47,49,174,-1,-1
1164,44b6_0113de3b,node,1306,65,42,68,203,-1,-1
1165,44b6_0113de3b,node,1307,65,49,196,174,-1,-1
1166,44b6_0113de3b,node,1308,65,42,78,174,-1,-1
1167,44b6_0113de3b,node,1309,65,51,200,191,-1,-1
1168,44b6_0113de3b,node,1310,65,50,174,195,-1,-1
1169,44b6_0113de3b,node,1311,66,18,177,81,-1,-1
1170,44b6_0113de3b,node,1312,66,16,67,71,-1,-1
1171,44b6_0113de3b,node,1313,66,15,201,78,-1,-1
1172,44b6_0113de3b,node,1314,66,16,81,74,-1,-1
1173,44b6_0113de3b,node,1315,66,16,203,68,-1,-1
1174,44b6_0113de3b,node,1316,66,42,173,177,-1,-1
1175,44b6_0113de3b,node,1317,66,46,81,174,-1,-1
1176,44b6_0113de3b,node,1318,66,51,71,187,-1,-1
1177,44b6_0113de3b,node,1319,66,48,49,177,-1,-1
1178,44b6_0113de3b,node,1320,66,37,71,174,-1,-1
1179,44b6_0113de3b,node,1321,66,51,196,174,-1,-1
1180,44b6_0113de3b,node,1324,67,17,68,71,-1,-1
1181,44b6_0113de3b,node,1325,67,18,81,78,-1,-1
1182,44b6_0113de3b,node,1326,67,18,198,78,-1,-1
1183,44b6_0113de3b,node,1327,67,47,78,174,-1,-1
1184,44b6_0113de3b,node,1328,67,18,177,81,-1,-1
1185,44b6_0113de3b,node,1329,67,49,48,176,-1,-1
1186,44b6_0113de3b,node,1330,67,38,71,177,-1,-1
1187,44b6_0113de3b,node,1331,67,45,174,177,-1,-1
1188,44b6_0113de3b,node,1332,67,51,195,174,-1,-1
1189,44b6_0113de3b,node,1333,68,19,196,74,-1,-1
1190,44b6_0113de3b,node,1334,68,15,53,74,-1,-1
1191,44b6_0113de3b,node,1335,68,18,67,78,-1,-1
1192,44b6_0113de3b,node,1336,68,13,194,58,-1,-1
1193,44b6_0113de3b,node,1337,68,17,174,46,-1,-1
1194,44b6_0113de3b,node,1338,68,39,78,177,-1,-1
1195,44b6_0113de3b,node,1339,68,46,176,177,-1,-1
1196,44b6_0113de3b,node,1340,68,46,177,188,-1,-1
1197,44b6_0113de3b,node,1341,68,49,81,177,-1,-1
1198,44b6_0113de3b,node,1343,68,50,49,177,-1,-1
1199,44b6_0113de3b,node,1344,69,16,53,78,-1,-1
1200,44b6_0113de3b,node,1345,69,14,78,60,-1,-1
1201,44b6_0113de3b,node,1346,69,18,175,46,-1,-1
1202,44b6_0113de3b,node,1347,69,15,174,66,-1,-1
1203,44b6_0113de3b,node,1348,69,14,196,60,-1,-1
1204,44b6_0113de3b,node,1349,69,45,176,177,-1,-1
1205,44b6_0113de3b,node,1350,69,39,78,177,-1,-1
1206,44b6_0113de3b,node,1351,69,46,177,188,-1,-1
1207,44b6_0113de3b,node,1352,69,50,78,174,-1,-1
1208,44b6_0113de3b,node,1354,69,56,70,194,-1,-1
1209,44b6_0113de3b,node,1356,69,60,72,222,-1,-1
1210,44b6_0113de3b,node,1358,70,17,54,79,-1,-1
1211,44b6_0113de3b,node,1359,70,15,78,65,-1,-1
1212,44b6_0113de3b,node,1360,70,16,174,68,-1,-1
1213,44b6_0113de3b,node,1361,70,59,93,254,-1,-1
1214,44b6_0113de3b,node,1362,70,14,196,64,-1,-1
1215,44b6_0113de3b,node,1363,70,47,177,187,-1,-1
1216,44b6_0113de3b,node,1364,70,19,174,46,-1,-1
1217,44b6_0113de3b,node,1365,70,57,68,200,-1,-1
1218,44b6_0113de3b,node,1366,70,41,71,188,-1,-1
1219,44b6_0113de3b,node,1367,70,46,80,163,-1,-1
1220,44b6_0113de3b,node,1368,70,46,51,174,-1,-1
1221,44b6_0113de3b,node,1369,70,61,71,227,-1,-1
1222,44b6_0113de3b,node,1370,71,19,57,81,-1,-1
1223,44b6_0113de3b,node,1371,71,15,78,67,-1,-1
1224,44b6_0113de3b,node,1372,71,15,199,67,-1,-1
1225,44b6_0113de3b,node,1373,71,48,177,189,-1,-1
1226,44b6_0113de3b,node,1374,71,46,80,163,-1,-1
1227,44b6_0113de3b,node,1375,71,42,71,194,-1,-1
1228,44b6_0113de3b,node,1376,71,47,51,177,-1,-1
1229,44b6_0113de3b,node,1377,71,59,95,254,-1,-1
1230,44b6_0113de3b,node,1378,71,16,163,67,-1,-1
1231,44b6_0113de3b,node,1379,71,46,81,174,-1,-1
1232,44b6_0113de3b,node,1380,71,58,70,201,-1,-1
1233,44b6_0113de3b,node,1381,71,48,62,163,-1,-1
1234,44b6_0113de3b,node,1382,71,13,92,55,-1,-1
1235,44b6_0113de3b,node,1383,72,16,78,67,-1,-1
1236,44b6_0113de3b,node,1384,72,19,59,81,-1,-1
1237,44b6_0113de3b,node,1385,72,15,46,79,-1,-1
1238,44b6_0113de3b,node,1386,72,17,174,69,-1,-1
1239,44b6_0113de3b,node,1387,72,16,198,78,-1,-1
1240,44b6_0113de3b,node,1388,72,14,91,58,-1,-1
1241,44b6_0113de3b,node,1389,72,48,177,191,-1,-1
1242,44b6_0113de3b,node,1390,72,15,174,46,-1,-1
1243,44b6_0113de3b,node,1391,72,49,67,174,-1,-1
1244,44b6_0113de3b,node,1392,72,47,81,174,-1,-1
1245,44b6_0113de3b,node,1393,72,42,75,195,-1,-1
1246,44b6_0113de3b,node,1395,72,47,46,177,-1,-1
1247,44b6_0113de3b,node,1396,73,17,78,78,-1,-1
1248,44b6_0113de3b,node,1397,73,17,79,67,-1,-1
1249,44b6_0113de3b,node,1398,73,18,174,68,-1,-1
1250,44b6_0113de3b,node,1399,73,16,48,79,-1,-1
1251,44b6_0113de3b,node,1400,73,17,198,78,-1,-1
1252,44b6_0113de3b,node,1401,73,17,174,46,-1,-1
1253,44b6_0113de3b,node,1403,73,44,78,196,-1,-1
1254,44b6_0113de3b,node,1404,73,49,177,191,-1,-1
1255,44b6_0113de3b,node,1405,73,15,92,59,-1,-1
1256,44b6_0113de3b,node,1406,73,49,81,174,-1,-1
1257,44b6_0113de3b,node,1407,73,38,68,174,-1,-1
1258,44b6_0113de3b,node,1409,73,51,67,176,-1,-1
1259,44b6_0113de3b,node,1410,73,38,46,177,-1,-1
1260,44b6_0113de3b,node,1411,73,46,48,162,-1,-1
1261,44b6_0113de3b,node,1412,73,48,46,177,-1,-1
1262,44b6_0113de3b,node,1414,74,19,174,67,-1,-1
1263,44b6_0113de3b,node,1415,74,18,47,81,-1,-1
1264,44b6_0113de3b,node,1416,74,18,177,46,-1,-1
1265,44b6_0113de3b,node,1417,74,18,92,64,-1,-1
1266,44b6_0113de3b,node,1418,74,18,81,75,-1,-1
1267,44b6_0113de3b,node,1419,74,50,81,174,-1,-1
1268,44b6_0113de3b,node,1420,74,18,203,69,-1,-1
1269,44b6_0113de3b,node,1421,74,50,177,196,-1,-1
1270,44b6_0113de3b,node,1422,74,14,218,59,-1,-1
1271,44b6_0113de3b,node,1423,74,38,68,170,-1,-1
1272,44b6_0113de3b,node,1424,74,45,78,197,-1,-1
1273,44b6_0113de3b,node,1425,74,38,39,187,-1,-1
1274,44b6_0113de3b,node,1428,74,48,47,174,-1,-1
1275,44b6_0113de3b,node,1429,74,48,47,163,-1,-1
1276,44b6_0113de3b,node,1430,75,19,176,69,-1,-1
1277,44b6_0113de3b,node,1431,75,17,59,78,-1,-1
1278,44b6_0113de3b,node,1432,75,13,70,61,-1,-1
1279,44b6_0113de3b,node,1433,75,15,219,65,-1,-1
1280,44b6_0113de3b,node,1434,75,14,209,77,-1,-1
1281,44b6_0113de3b,node,1435,75,9,166,16,-1,-1
1282,44b6_0113de3b,node,1436,75,28,211,50,-1,-1
1283,44b6_0113de3b,node,1437,75,50,177,200,-1,-1
1284,44b6_0113de3b,node,1438,75,49,47,173,-1,-1
1285,44b6_0113de3b,node,1439,75,39,68,177,-1,-1
1286,44b6_0113de3b,node,1440,75,51,81,180,-1,-1
1287,44b6_0113de3b,node,1441,75,46,78,203,-1,-1
1288,44b6_0113de3b,node,1442,75,46,66,174,-1,-1
1289,44b6_0113de3b,node,1443,75,39,39,192,-1,-1
1290,44b6_0113de3b,node,1444,75,19,151,47,-1,-1
1291,44b6_0113de3b,node,1445,76,14,78,59,-1,-1
1292,44b6_0113de3b,node,1446,76,17,63,78,-1,-1
1293,44b6_0113de3b,node,1447,76,13,174,59,-1,-1
1294,44b6_0113de3b,node,1448,76,17,225,67,-1,-1
1295,44b6_0113de3b,node,1449,76,19,177,67,-1,-1
1296,44b6_0113de3b,node,1450,76,27,215,51,-1,-1
1297,44b6_0113de3b,node,1451,76,53,64,253,-1,-1
1298,44b6_0113de3b,node,1452,76,50,176,200,-1,-1
1299,44b6_0113de3b,node,1453,76,50,46,175,-1,-1
1300,44b6_0113de3b,node,1454,76,10,166,16,-1,-1
1301,44b6_0113de3b,node,1455,76,38,68,174,-1,-1
1302,44b6_0113de3b,node,1456,76,51,81,182,-1,-1
1303,44b6_0113de3b,node,1457,76,47,67,174,-1,-1
1304,44b6_0113de3b,node,1458,76,45,78,204,-1,-1
1305,44b6_0113de3b,node,1459,76,39,39,190,-1,-1
1306,44b6_0113de3b,node,1461,76,51,188,177,-1,-1
1307,44b6_0113de3b,node,1462,76,13,152,31,-1,-1
1308,44b6_0113de3b,node,1463,76,14,209,78,-1,-1
1309,44b6_0113de3b,node,1464,77,28,224,51,-1,-1
1310,44b6_0113de3b,node,1465,77,15,79,61,-1,-1
1311,44b6_0113de3b,node,1466,77,18,68,78,-1,-1
1312,44b6_0113de3b,node,1467,77,13,177,60,-1,-1
1313,44b6_0113de3b,node,1468,77,14,174,91,-1,-1
1314,44b6_0113de3b,node,1469,77,13,52,68,-1,-1
1315,44b6_0113de3b,node,1470,77,17,231,68,-1,-1
1316,44b6_0113de3b,node,1471,77,40,44,194,-1,-1
1317,44b6_0113de3b,node,1472,77,39,71,177,-1,-1
1318,44b6_0113de3b,node,1473,77,51,50,177,-1,-1
1319,44b6_0113de3b,node,1474,77,51,177,203,-1,-1
1320,44b6_0113de3b,node,1475,77,48,71,174,-1,-1
1321,44b6_0113de3b,node,1476,77,50,192,177,-1,-1
1322,44b6_0113de3b,node,1477,77,53,72,254,-1,-1
1323,44b6_0113de3b,node,1478,77,38,188,78,-1,-1
1324,44b6_0113de3b,node,1479,78,16,79,65,-1,-1
1325,44b6_0113de3b,node,1480,78,14,177,62,-1,-1
1326,44b6_0113de3b,node,1481,78,14,55,68,-1,-1
1327,44b6_0113de3b,node,1482,78,14,54,78,-1,-1
1328,44b6_0113de3b,node,1483,78,49,78,174,-1,-1
1329,44b6_0113de3b,node,1484,78,29,221,55,-1,-1
1330,44b6_0113de3b,node,1485,78,46,59,163,-1,-1
1331,44b6_0113de3b,node,1486,78,39,68,177,-1,-1
1332,44b6_0113de3b,node,1487,78,17,233,73,-1,-1
1333,44b6_0113de3b,node,1488,78,50,177,204,-1,-1
1334,44b6_0113de3b,node,1489,78,39,188,78,-1,-1
1335,44b6_0113de3b,node,1490,78,40,39,196,-1,-1
1336,44b6_0113de3b,node,1491,78,15,174,92,-1,-1
1337,44b6_0113de3b,node,1492,78,46,209,174,-1,-1
1338,44b6_0113de3b,node,1493,78,50,193,177,-1,-1
1339,44b6_0113de3b,node,1494,79,18,80,67,-1,-1
1340,44b6_0113de3b,node,1495,79,15,177,62,-1,-1
1341,44b6_0113de3b,node,1496,79,15,57,78,-1,-1
1342,44b6_0113de3b,node,1497,79,15,59,67,-1,-1
1343,44b6_0113de3b,node,1498,79,39,186,175,-1,-1
1344,44b6_0113de3b,node,1499,79,50,78,176,-1,-1
1345,44b6_0113de3b,node,1500,79,47,60,163,-1,-1
1346,44b6_0113de3b,node,1501,79,39,71,177,-1,-1
1347,44b6_0113de3b,node,1502,79,51,177,201,-1,-1
1348,44b6_0113de3b,node,1503,79,40,188,78,-1,-1
1349,44b6_0113de3b,node,1504,79,47,209,174,-1,-1
1350,44b6_0113de3b,node,1505,79,40,44,197,-1,-1
1351,44b6_0113de3b,node,1507,79,38,209,78,-1,-1
1352,44b6_0113de3b,node,1508,79,50,196,177,-1,-1
1353,44b6_0113de3b,node,1509,80,17,54,78,-1,-1
1354,44b6_0113de3b,node,1510,80,17,177,65,-1,-1
1355,44b6_0113de3b,node,1511,80,40,184,181,-1,-1
1356,44b6_0113de3b,node,1512,80,14,203,56,-1,-1
1357,44b6_0113de3b,node,1513,80,40,68,177,-1,-1
1358,44b6_0113de3b,node,1514,80,41,187,81,-1,-1
1359,44b6_0113de3b,node,1516,80,49,60,174,-1,-1
1360,44b6_0113de3b,node,1517,80,48,209,174,-1,-1
1361,44b6_0113de3b,node,1518,80,51,177,203,-1,-1
1362,44b6_0113de3b,node,1519,80,39,209,78,-1,-1
1363,44b6_0113de3b,node,1522,80,18,81,68,-1,-1
1364,44b6_0113de3b,node,1524,80,12,67,58,-1,-1
1365,44b6_0113de3b,node,1525,81,14,78,62,-1,-1
1366,44b6_0113de3b,node,1526,81,18,177,63,-1,-1
1367,44b6_0113de3b,node,1527,81,18,62,81,-1,-1
1368,44b6_0113de3b,node,1528,81,61,142,250,-1,-1
1369,44b6_0113de3b,node,1529,81,15,203,56,-1,-1
1370,44b6_0113de3b,node,1531,81,41,187,188,-1,-1
1371,44b6_0113de3b,node,1532,81,50,61,174,-1,-1
1372,44b6_0113de3b,node,1533,81,41,68,187,-1,-1
1373,44b6_0113de3b,node,1534,81,42,188,82,-1,-1
1374,44b6_0113de3b,node,1535,81,45,188,174,-1,-1
1375,44b6_0113de3b,node,1537,81,46,46,174,-1,-1
1376,44b6_0113de3b,node,1538,81,41,209,81,-1,-1
1377,44b6_0113de3b,node,1539,82,15,78,66,-1,-1
1378,44b6_0113de3b,node,1540,82,14,52,67,-1,-1
1379,44b6_0113de3b,node,1541,82,14,177,54,-1,-1
1380,44b6_0113de3b,node,1542,82,18,177,68,-1,-1
1381,44b6_0113de3b,node,1543,82,17,206,60,-1,-1
1382,44b6_0113de3b,node,1544,82,62,143,251,-1,-1
1383,44b6_0113de3b,node,1545,82,48,46,177,-1,-1
1384,44b6_0113de3b,node,1546,82,46,188,177,-1,-1
1385,44b6_0113de3b,node,1547,82,43,70,190,-1,-1
1386,44b6_0113de3b,node,1548,82,51,63,177,-1,-1
1387,44b6_0113de3b,node,1549,82,38,199,78,-1,-1
1388,44b6_0113de3b,node,1550,82,42,188,81,-1,-1
1389,44b6_0113de3b,node,1551,83,17,75,66,-1,-1
1390,44b6_0113de3b,node,1552,83,16,51,78,-1,-1
1391,44b6_0113de3b,node,1553,83,15,177,58,-1,-1
1392,44b6_0113de3b,node,1555,83,19,208,68,-1,-1
1393,44b6_0113de3b,node,1556,83,42,70,188,-1,-1
1394,44b6_0113de3b,node,1557,83,50,47,177,-1,-1
1395,44b6_0113de3b,node,1558,83,47,190,177,-1,-1
1396,44b6_0113de3b,node,1559,83,49,68,163,-1,-1
1397,44b6_0113de3b,node,1560,83,38,196,74,-1,-1
1398,44b6_0113de3b,node,1562,84,18,79,67,-1,-1
1399,44b6_0113de3b,node,1563,84,17,53,78,-1,-1
1400,44b6_0113de3b,node,1564,84,16,177,59,-1,-1
1401,44b6_0113de3b,node,1565,84,14,67,55,-1,-1
1402,44b6_0113de3b,node,1566,84,17,188,59,-1,-1
1403,44b6_0113de3b,node,1567,84,19,209,66,-1,-1
1404,44b6_0113de3b,node,1568,84,49,68,167,-1,-1
1405,44b6_0113de3b,node,1569,84,47,194,181,-1,-1
1406,44b6_0113de3b,node,1570,84,43,71,194,-1,-1
1407,44b6_0113de3b,node,1571,84,51,47,184,-1,-1
1408,44b6_0113de3b,node,1572,84,39,195,78,-1,-1
1409,44b6_0113de3b,node,1573,85,18,55,80,-1,-1
1410,44b6_0113de3b,node,1574,85,16,177,61,-1,-1
1411,44b6_0113de3b,node,1575,85,15,68,58,-1,-1
1412,44b6_0113de3b,node,1576,85,15,78,57,-1,-1
1413,44b6_0113de3b,node,1577,85,17,188,60,-1,-1
1414,44b6_0113de3b,node,1578,85,51,69,174,-1,-1
1415,44b6_0113de3b,node,1579,85,18,81,78,-1,-1
1416,44b6_0113de3b,node,1580,85,43,68,194,-1,-1
1417,44b6_0113de3b,node,1581,85,49,192,177,-1,-1
1418,44b6_0113de3b,node,1582,85,51,46,188,-1,-1
1419,44b6_0113de3b,node,1583,85,38,177,79,-1,-1
1420,44b6_0113de3b,node,1584,85,40,192,81,-1,-1
1421,44b6_0113de3b,node,1585,86,14,81,59,-1,-1
1422,44b6_0113de3b,node,1586,86,15,46,78,-1,-1
1423,44b6_0113de3b,node,1587,86,18,187,64,-1,-1
1424,44b6_0113de3b,node,1588,86,17,68,60,-1,-1
1425,44b6_0113de3b,node,1589,86,48,64,163,-1,-1
1426,44b6_0113de3b,node,1590,86,49,195,188,-1,-1
1427,44b6_0113de3b,node,1591,86,14,65,81,-1,-1
1428,44b6_0113de3b,node,1592,86,44,67,196,-1,-1
1429,44b6_0113de3b,node,1593,86,50,78,174,-1,-1
1430,44b6_0113de3b,node,1594,86,42,195,81,-1,-1
1431,44b6_0113de3b,node,1595,86,47,175,174,-1,-1
1432,44b6_0113de3b,node,1596,86,38,177,81,-1,-1
1433,44b6_0113de3b,node,1598,87,14,177,51,-1,-1
1434,44b6_0113de3b,node,1599,87,18,78,65,-1,-1
1435,44b6_0113de3b,node,1600,87,14,59,81,-1,-1
1436,44b6_0113de3b,node,1601,87,15,46,78,-1,-1
1437,44b6_0113de3b,node,1603,87,19,188,68,-1,-1
1438,44b6_0113de3b,node,1605,87,48,174,174,-1,-1
1439,44b6_0113de3b,node,1606,87,50,53,176,-1,-1
1440,44b6_0113de3b,node,1607,87,50,195,195,-1,-1
1441,44b6_0113de3b,node,1608,87,44,65,196,-1,-1
1442,44b6_0113de3b,node,1609,87,4,61,90,-1,-1
1443,44b6_0113de3b,node,1610,87,37,46,177,-1,-1
1444,44b6_0113de3b,node,1611,88,16,177,53,-1,-1
1445,44b6_0113de3b,node,1612,88,14,67,62,-1,-1
1446,44b6_0113de3b,node,1613,88,15,46,78,-1,-1
1447,44b6_0113de3b,node,1614,88,13,207,48,-1,-1
1448,44b6_0113de3b,node,1616,88,7,58,91,-1,-1
1449,44b6_0113de3b,node,1617,88,50,174,175,-1,-1
1450,44b6_0113de3b,node,1618,88,44,61,197,-1,-1
1451,44b6_0113de3b,node,1619,88,51,63,174,-1,-1
1452,44b6_0113de3b,node,1620,88,40,81,163,-1,-1
1453,44b6_0113de3b,node,1621,88,37,46,177,-1,-1
1454,44b6_0113de3b,node,1622,88,38,174,81,-1,-1
1455,44b6_0113de3b,node,1623,88,39,188,82,-1,-1
1456,44b6_0113de3b,node,1625,89,16,176,61,-1,-1
1457,44b6_0113de3b,node,1626,89,16,46,78,-1,-1
1458,44b6_0113de3b,node,1627,89,3,241,4,-1,-1
1459,44b6_0113de3b,node,1628,89,14,66,61,-1,-1
1460,44b6_0113de3b,node,1629,89,15,207,48,-1,-1
1461,44b6_0113de3b,node,1630,89,50,174,177,-1,-1
1462,44b6_0113de3b,node,1631,89,38,174,81,-1,-1
1463,44b6_0113de3b,node,1632,89,38,46,181,-1,-1
1464,44b6_0113de3b,node,1633,89,46,62,203,-1,-1
1465,44b6_0113de3b,node,1634,89,41,81,163,-1,-1
1466,44b6_0113de3b,node,1636,89,51,61,177,-1,-1
1467,44b6_0113de3b,node,1637,89,41,190,81,-1,-1
1468,44b6_0113de3b,node,1639,89,57,72,188,-1,-1
1469,44b6_0113de3b,node,1640,89,38,209,78,-1,-1
1470,44b6_0113de3b,node,1641,90,14,79,56,-1,-1
1471,44b6_0113de3b,node,1642,90,18,46,81,-1,-1
1472,44b6_0113de3b,node,1643,90,17,177,62,-1,-1
1473,44b6_0113de3b,node,1644,90,17,67,67,-1,-1
1474,44b6_0113de3b,node,1645,90,4,248,7,-1,-1
1475,44b6_0113de3b,node,1647,90,17,203,50,-1,-1
1476,44b6_0113de3b,node,1649,90,42,81,174,-1,-1
1477,44b6_0113de3b,node,1650,90,47,175,163,-1,-1
1478,44b6_0113de3b,node,1651,90,56,231,254,-1,-1
1479,44b6_0113de3b,node,1652,90,47,66,204,-1,-1
1480,44b6_0113de3b,node,1653,90,39,46,188,-1,-1
1481,44b6_0113de3b,node,1654,90,60,92,187,-1,-1
1482,44b6_0113de3b,node,1655,90,40,209,78,-1,-1
1483,44b6_0113de3b,node,1656,90,50,174,177,-1,-1
1484,44b6_0113de3b,node,1657,90,42,192,81,-1,-1
1485,44b6_0113de3b,node,1658,91,18,67,67,-1,-1
1486,44b6_0113de3b,node,1659,91,15,79,57,-1,-1
1487,44b6_0113de3b,node,1660,91,16,177,73,-1,-1
1488,44b6_0113de3b,node,1661,91,18,196,52,-1,-1
1489,44b6_0113de3b,node,1662,91,61,124,242,-1,-1
1490,44b6_0113de3b,node,1663,91,4,248,8,-1,-1
1491,44b6_0113de3b,node,1664,91,43,81,174,-1,-1
1492,44b6_0113de3b,node,1665,91,47,174,163,-1,-1
1493,44b6_0113de3b,node,1667,91,40,208,78,-1,-1
1494,44b6_0113de3b,node,1668,91,56,226,254,-1,-1
1495,44b6_0113de3b,node,1670,92,62,210,250,-1,-1
1496,44b6_0113de3b,node,1671,92,17,177,78,-1,-1
1497,44b6_0113de3b,node,1672,92,17,81,59,-1,-1
1498,44b6_0113de3b,node,1673,92,18,68,78,-1,-1
1499,44b6_0113de3b,node,1674,92,18,68,67,-1,-1
1500,44b6_0113de3b,node,1676,92,62,124,247,-1,-1
1501,44b6_0113de3b,node,1677,92,14,46,68,-1,-1
1502,44b6_0113de3b,node,1678,92,19,198,57,-1,-1
1503,44b6_0113de3b,node,1679,92,47,174,174,-1,-1
1504,44b6_0113de3b,node,1680,92,43,81,174,-1,-1
1505,44b6_0113de3b,node,1681,92,47,174,163,-1,-1
1506,44b6_0113de3b,node,1682,92,37,177,78,-1,-1
1507,44b6_0113de3b,node,1683,92,47,58,170,-1,-1
1508,44b6_0113de3b,node,1684,92,40,209,78,-1,-1
1509,44b6_0113de3b,node,1687,93,18,177,81,-1,-1
1510,44b6_0113de3b,node,1688,93,14,46,78,-1,-1
1511,44b6_0113de3b,node,1689,93,18,81,60,-1,-1
1512,44b6_0113de3b,node,1690,93,63,214,251,-1,-1
1513,44b6_0113de3b,node,1691,93,18,67,78,-1,-1
1514,44b6_0113de3b,node,1692,93,14,174,50,-1,-1
1515,44b6_0113de3b,node,1693,93,15,188,50,-1,-1
1516,44b6_0113de3b,node,1694,93,19,200,60,-1,-1
1517,44b6_0113de3b,node,1696,93,62,124,250,-1,-1
1518,44b6_0113de3b,node,1697,93,38,176,80,-1,-1
1519,44b6_0113de3b,node,1699,93,49,59,174,-1,-1
1520,44b6_0113de3b,node,1700,93,42,209,80,-1,-1
1521,44b6_0113de3b,node,1702,93,49,206,167,-1,-1
1522,44b6_0113de3b,node,1703,93,49,182,174,-1,-1
1523,44b6_0113de3b,node,1705,94,18,177,81,-1,-1
1524,44b6_0113de3b,node,1706,94,16,46,78,-1,-1
1525,44b6_0113de3b,node,1707,94,15,174,52,-1,-1
1526,44b6_0113de3b,node,1708,94,16,78,60,-1,-1
1527,44b6_0113de3b,node,1709,94,17,188,52,-1,-1
1528,44b6_0113de3b,node,1710,94,39,177,81,-1,-1
1529,44b6_0113de3b,node,1711,94,62,125,251,-1,-1
1530,44b6_0113de3b,node,1712,94,50,56,177,-1,-1
1531,44b6_0113de3b,node,1713,94,50,177,174,-1,-1
1532,44b6_0113de3b,node,1714,94,42,209,81,-1,-1
1533,44b6_0113de3b,node,1715,94,45,81,179,-1,-1
1534,44b6_0113de3b,node,1716,94,49,204,174,-1,-1
1535,44b6_0113de3b,node,1719,95,18,46,80,-1,-1
1536,44b6_0113de3b,node,1720,95,16,203,46,-1,-1
1537,44b6_0113de3b,node,1721,95,17,78,66,-1,-1
1538,44b6_0113de3b,node,1722,95,18,188,59,-1,-1
1539,44b6_0113de3b,node,1723,95,16,174,58,-1,-1
1540,44b6_0113de3b,node,1724,95,41,80,167,-1,-1
1541,44b6_0113de3b,node,1725,95,40,177,81,-1,-1
1542,44b6_0113de3b,node,1726,95,18,181,81,-1,-1
1543,44b6_0113de3b,node,1727,95,46,81,184,-1,-1
1544,44b6_0113de3b,node,1728,95,38,204,66,-1,-1
1545,44b6_0113de3b,node,1730,95,39,51,188,-1,-1
1546,44b6_0113de3b,node,1731,95,50,46,177,-1,-1
1547,44b6_0113de3b,node,1732,96,16,174,57,-1,-1
1548,44b6_0113de3b,node,1733,96,18,78,63,-1,-1
1549,44b6_0113de3b,node,1734,96,18,46,78,-1,-1
1550,44b6_0113de3b,node,1735,96,14,67,57,-1,-1
1551,44b6_0113de3b,node,1736,96,17,204,48,-1,-1
1552,44b6_0113de3b,node,1737,96,17,188,59,-1,-1
1553,44b6_0113de3b,node,1738,96,43,81,174,-1,-1
1554,44b6_0113de3b,node,1739,96,39,174,78,-1,-1
1555,44b6_0113de3b,node,1740,96,39,52,188,-1,-1
1556,44b6_0113de3b,node,1742,96,46,81,184,-1,-1
1557,44b6_0113de3b,node,1744,96,49,48,174,-1,-1
1558,44b6_0113de3b,node,1745,96,40,204,67,-1,-1
1559,44b6_0113de3b,node,1746,97,18,174,59,-1,-1
1560,44b6_0113de3b,node,1747,97,16,67,59,-1,-1
1561,44b6_0113de3b,node,1748,97,18,204,49,-1,-1
1562,44b6_0113de3b,node,1749,97,18,188,59,-1,-1
1563,44b6_0113de3b,node,1750,97,43,81,174,-1,-1
1564,44b6_0113de3b,node,1751,97,41,174,80,-1,-1
1565,44b6_0113de3b,node,1752,97,48,81,187,-1,-1
1566,44b6_0113de3b,node,1753,97,40,48,188,-1,-1
1567,44b6_0113de3b,node,1754,97,42,204,74,-1,-1
1568,44b6_0113de3b,node,1755,97,50,46,174,-1,-1
1569,44b6_0113de3b,node,1756,98,3,107,14,-1,-1
1570,44b6_0113de3b,node,1757,98,18,174,59,-1,-1
1571,44b6_0113de3b,node,1758,98,18,68,61,-1,-1
1572,44b6_0113de3b,node,1760,98,19,204,49,-1,-1
1573,44b6_0113de3b,node,1761,98,42,174,81,-1,-1
1574,44b6_0113de3b,node,1762,98,47,81,187,-1,-1
1575,44b6_0113de3b,node,1763,98,37,174,68,-1,-1
1576,44b6_0113de3b,node,1764,98,13,46,66,-1,-1
1577,44b6_0113de3b,node,1765,98,41,46,195,-1,-1
1578,44b6_0113de3b,node,1766,98,42,81,174,-1,-1
1579,44b6_0113de3b,node,1767,98,43,205,78,-1,-1
1580,44b6_0113de3b,node,1768,98,18,188,66,-1,-1
1581,44b6_0113de3b,node,1769,98,51,67,174,-1,-1
1582,44b6_0113de3b,node,1770,99,4,108,16,-1,-1
1583,44b6_0113de3b,node,1771,99,18,174,60,-1,-1
1584,44b6_0113de3b,node,1772,99,14,47,66,-1,-1
1585,44b6_0113de3b,node,1773,99,19,71,64,-1,-1
1586,44b6_0113de3b,node,1774,99,19,203,48,-1,-1
1587,44b6_0113de3b,node,1776,99,38,176,68,-1,-1
1588,44b6_0113de3b,node,1777,99,42,174,81,-1,-1
1589,44b6_0113de3b,node,1778,99,48,81,189,-1,-1
1590,44b6_0113de3b,node,1779,99,41,47,197,-1,-1
1591,44b6_0b24845f,node,1,0,16,176,177,-1,-1
1592,44b6_0b24845f,node,2,0,15,62,79,-1,-1
1593,44b6_0b24845f,node,3,0,17,63,174,-1,-1
1594,44b6_0b24845f,node,4,0,17,174,59,-1,-1
1595,44b6_0b24845f,node,5,0,15,194,81,-1,-1
1596,44b6_0b24845f,node,6,0,17,81,204,-1,-1
1597,44b6_0b24845f,node,11,0,15,81,177,-1,-1
1598,44b6_0b24845f,node,12,0,48,78,60,-1,-1
1599,44b6_0b24845f,node,13,0,47,188,81,-1,-1
1600,44b6_0b24845f,node,15,0,49,174,194,-1,-1
1601,44b6_0b24845f,node,18,1,17,177,174,-1,-1
1602,44b6_0b24845f,node,19,1,15,78,81,-1,-1
1603,44b6_0b24845f,node,20,1,15,78,174,-1,-1
1604,44b6_0b24845f,node,21,1,15,69,174,-1,-1
1605,44b6_0b24845f,node,22,1,16,177,59,-1,-1
1606,44b6_0b24845f,node,23,1,17,176,201,-1,-1
1607,44b6_0b24845f,node,24,1,15,202,81,-1,-1
1608,44b6_0b24845f,node,25,1,14,81,209,-1,-1
1609,44b6_0b24845f,node,26,1,16,50,69,-1,-1
1610,44b6_0b24845f,node,27,1,15,68,46,-1,-1
1611,44b6_0b24845f,node,29,1,48,175,196,-1,-1
1612,44b6_0b24845f,node,30,1,47,200,80,-1,-1
1613,44b6_0b24845f,node,31,1,47,81,65,-1,-1
1614,44b6_0b24845f,node,32,1,41,66,78,-1,-1
1615,44b6_0b24845f,node,33,1,40,177,66,-1,-1
1616,44b6_0b24845f,node,34,2,16,177,174,-1,-1
1617,44b6_0b24845f,node,35,2,14,78,174,-1,-1
1618,44b6_0b24845f,node,36,2,17,174,54,-1,-1
1619,44b6_0b24845f,node,37,2,17,178,197,-1,-1
1620,44b6_0b24845f,node,38,2,18,51,67,-1,-1
1621,44b6_0b24845f,node,39,2,17,198,81,-1,-1
1622,44b6_0b24845f,node,40,2,17,70,51,-1,-1
1623,44b6_0b24845f,node,41,2,46,176,193,-1,-1
1624,44b6_0b24845f,node,42,2,41,69,78,-1,-1
1625,44b6_0b24845f,node,43,2,47,204,81,-1,-1
1626,44b6_0b24845f,node,44,2,40,177,67,-1,-1
1627,44b6_0b24845f,node,45,3,17,59,78,-1,-1
1628,44b6_0b24845f,node,46,3,17,177,201,-1,-1
1629,44b6_0b24845f,node,47,3,15,194,174,-1,-1
1630,44b6_0b24845f,node,48,3,17,78,59,-1,-1
1631,44b6_0b24845f,node,49,3,17,177,54,-1,-1
1632,44b6_0b24845f,node,50,3,15,78,174,-1,-1
1633,44b6_0b24845f,node,52,3,48,174,177,-1,-1
1634,44b6_0b24845f,node,53,3,15,209,81,-1,-1
1635,44b6_0b24845f,node,54,3,39,81,78,-1,-1
1636,44b6_0b24845f,node,56,3,39,192,67,-1,-1
1637,44b6_0b24845f,node,57,3,47,177,198,-1,-1
1638,44b6_0b24845f,node,58,4,17,177,196,-1,-1
1639,44b6_0b24845f,node,59,4,16,177,60,-1,-1
1640,44b6_0b24845f,node,60,4,15,81,62,-1,-1
1641,44b6_0b24845f,node,61,4,15,201,174,-1,-1
1642,44b6_0b24845f,node,62,4,17,201,209,-1,-1
1643,44b6_0b24845f,node,63,4,49,177,174,-1,-1
1644,44b6_0b24845f,node,64,4,18,203,81,-1,-1
1645,44b6_0b24845f,node,65,4,41,81,78,-1,-1
1646,44b6_0b24845f,node,66,4,49,188,81,-1,-1
1647,44b6_0b24845f,node,67,5,15,177,196,-1,-1
1648,44b6_0b24845f,node,68,5,15,177,59,-1,-1
1649,44b6_0b24845f,node,69,5,14,81,68,-1,-1
1650,44b6_0b24845f,node,70,5,15,60,46,-1,-1
1651,44b6_0b24845f,node,71,5,48,177,174,-1,-1
1652,44b6_0b24845f,node,72,5,15,201,177,-1,-1
1653,44b6_0b24845f,node,73,5,17,209,81,-1,-1
1654,44b6_0b24845f,node,74,5,49,193,81,-1,-1
1655,44b6_0b24845f,node,75,5,42,197,194,-1,-1
1656,44b6_0b24845f,node,76,5,39,59,78,-1,-1
1657,44b6_0b24845f,node,77,5,17,201,209,-1,-1
1658,44b6_0b24845f,node,78,6,17,177,54,-1,-1
1659,44b6_0b24845f,node,79,6,14,81,68,-1,-1
1660,44b6_0b24845f,node,80,6,15,195,189,-1,-1
1661,44b6_0b24845f,node,81,6,15,67,46,-1,-1
1662,44b6_0b24845f,node,82,6,15,190,58,-1,-1
1663,44b6_0b24845f,node,83,6,18,62,78,-1,-1
1664,44b6_0b24845f,node,84,6,38,66,78,-1,-1
1665,44b6_0b24845f,node,85,6,41,199,190,-1,-1
1666,44b6_0b24845f,node,86,6,49,196,80,-1,-1
1667,44b6_0b24845f,node,87,6,47,68,69,-1,-1
1668,44b6_0b24845f,node,88,6,47,174,174,-1,-1
1669,44b6_0b24845f,node,90,7,17,63,78,-1,-1
1670,44b6_0b24845f,node,91,7,17,201,177,-1,-1
1671,44b6_0b24845f,node,92,7,16,177,54,-1,-1
1672,44b6_0b24845f,node,93,7,17,189,81,-1,-1
1673,44b6_0b24845f,node,94,7,16,46,67,-1,-1
1674,44b6_0b24845f,node,95,7,17,201,202,-1,-1
1675,44b6_0b24845f,node,96,7,17,186,53,-1,-1
1676,44b6_0b24845f,node,97,7,15,202,60,-1,-1
1677,44b6_0b24845f,node,99,7,15,81,74,-1,-1
1678,44b6_0b24845f,node,100,7,15,75,46,-1,-1
1679,44b6_0b24845f,node,101,7,40,174,174,-1,-1
1680,44b6_0b24845f,node,102,7,41,59,78,-1,-1
1681,44b6_0b24845f,node,103,7,47,199,79,-1,-1
1682,44b6_0b24845f,node,104,7,46,69,78,-1,-1
1683,44b6_0b24845f,node,105,7,47,177,53,-1,-1
1684,44b6_0b24845f,node,106,8,16,193,81,-1,-1
1685,44b6_0b24845f,node,107,8,15,201,174,-1,-1
1686,44b6_0b24845f,node,108,8,17,174,186,-1,-1
1687,44b6_0b24845f,node,109,8,15,46,65,-1,-1
1688,44b6_0b24845f,node,110,8,18,56,67,-1,-1
1689,44b6_0b24845f,node,111,8,15,187,47,-1,-1
1690,44b6_0b24845f,node,113,8,16,195,209,-1,-1
1691,44b6_0b24845f,node,114,8,16,203,59,-1,-1
1692,44b6_0b24845f,node,115,8,46,174,81,-1,-1
1693,44b6_0b24845f,node,116,8,38,60,72,-1,-1
1694,44b6_0b24845f,node,117,8,41,203,78,-1,-1
1695,44b6_0b24845f,node,118,8,46,198,78,-1,-1
1696,44b6_0b24845f,node,119,9,15,201,81,-1,-1
1697,44b6_0b24845f,node,120,9,15,47,67,-1,-1
1698,44b6_0b24845f,node,121,9,16,67,78,-1,-1
1699,44b6_0b24845f,node,122,9,15,174,73,-1,-1
1700,44b6_0b24845f,node,123,9,16,187,177,-1,-1
1701,44b6_0b24845f,node,124,9,15,174,46,-1,-1
1702,44b6_0b24845f,node,125,9,17,188,188,-1,-1
1703,44b6_0b24845f,node,126,9,15,207,62,-1,-1
1704,44b6_0b24845f,node,127,9,16,197,206,-1,-1
1705,44b6_0b24845f,node,128,9,38,59,78,-1,-1
1706,44b6_0b24845f,node,129,9,41,208,78,-1,-1
1707,44b6_0b24845f,node,130,9,40,62,50,-1,-1
1708,44b6_0b24845f,node,131,9,42,77,69,-1,-1
1709,44b6_0b24845f,node,132,9,39,174,188,-1,-1
1710,44b6_0b24845f,node,133,9,39,188,177,-1,-1
1711,44b6_0b24845f,node,134,10,15,67,78,-1,-1
1712,44b6_0b24845f,node,135,10,15,188,177,-1,-1
1713,44b6_0b24845f,node,136,10,17,198,67,-1,-1
1714,44b6_0b24845f,node,137,10,18,47,51,-1,-1
1715,44b6_0b24845f,node,138,10,15,174,46,-1,-1
1716,44b6_0b24845f,node,139,10,39,177,81,-1,-1
1717,44b6_0b24845f,node,140,10,15,174,81,-1,-1
1718,44b6_0b24845f,node,141,10,40,78,67,-1,-1
1719,44b6_0b24845f,node,142,10,47,81,50,-1,-1
1720,44b6_0b24845f,node,143,10,40,177,205,-1,-1
1721,44b6_0b24845f,node,144,10,41,62,52,-1,-1
1722,44b6_0b24845f,node,146,10,41,187,177,-1,-1
1723,44b6_0b24845f,node,148,11,17,177,60,-1,-1
1724,44b6_0b24845f,node,149,11,15,205,177,-1,-1
1725,44b6_0b24845f,node,150,11,15,206,78,-1,-1
1726,44b6_0b24845f,node,151,11,14,79,78,-1,-1
1727,44b6_0b24845f,node,152,11,17,63,55,-1,-1
1728,44b6_0b24845f,node,153,11,17,179,209,-1,-1
1729,44b6_0b24845f,node,154,11,15,184,81,-1,-1
1730,44b6_0b24845f,node,155,11,39,196,78,-1,-1
1731,44b6_0b24845f,node,156,11,49,81,46,-1,-1
1732,44b6_0b24845f,node,157,11,47,177,61,-1,-1
1733,44b6_0b24845f,node,158,11,40,78,58,-1,-1
1734,44b6_0b24845f,node,159,12,17,68,60,-1,-1
1735,44b6_0b24845f,node,160,12,16,177,59,-1,-1
1736,44b6_0b24845f,node,161,12,16,70,78,-1,-1
1737,44b6_0b24845f,node,162,12,14,206,177,-1,-1
1738,44b6_0b24845f,node,163,12,16,179,209,-1,-1
1739,44b6_0b24845f,node,164,12,14,209,78,-1,-1
1740,44b6_0b24845f,node,165,12,16,188,59,-1,-1
1741,44b6_0b24845f,node,166,12,15,46,46,-1,-1
1742,44b6_0b24845f,node,167,12,16,204,188,-1,-1
1743,44b6_0b24845f,node,168,12,17,180,177,-1,-1
1744,44b6_0b24845f,node,169,12,15,188,81,-1,-1
1745,44b6_0b24845f,node,170,12,38,203,78,-1,-1
1746,44b6_0b24845f,node,171,12,39,78,61,-1,-1
1747,44b6_0b24845f,node,172,12,39,178,174,-1,-1
1748,44b6_0b24845f,node,174,12,48,178,67,-1,-1
1749,44b6_0b24845f,node,175,13,17,81,78,-1,-1
1750,44b6_0b24845f,node,176,13,17,78,67,-1,-1
1751,44b6_0b24845f,node,177,13,16,177,60,-1,-1
1752,44b6_0b24845f,node,178,13,17,186,177,-1,-1
1753,44b6_0b24845f,node,179,13,14,60,49,-1,-1
1754,44b6_0b24845f,node,180,13,15,189,209,-1,-1
1755,44b6_0b24845f,node,181,13,16,200,57,-1,-1
1756,44b6_0b24845f,node,182,13,17,209,190,-1,-1
1757,44b6_0b24845f,node,183,13,39,177,174,-1,-1
1758,44b6_0b24845f,node,184,13,39,81,68,-1,-1
1759,44b6_0b24845f,node,185,13,47,182,78,-1,-1
1760,44b6_0b24845f,node,186,14,17,79,67,-1,-1
1761,44b6_0b24845f,node,187,14,17,179,174,-1,-1
1762,44b6_0b24845f,node,188,14,15,174,69,-1,-1
1763,44b6_0b24845f,node,189,14,14,65,53,-1,-1
1764,44b6_0b24845f,node,190,14,15,189,209,-1,-1
1765,44b6_0b24845f,node,191,14,17,209,190,-1,-1
1766,44b6_0b24845f,node,192,14,16,209,57,-1,-1
1767,44b6_0b24845f,node,193,14,15,61,76,-1,-1
1768,44b6_0b24845f,node,194,14,50,78,60,-1,-1
1769,44b6_0b24845f,node,195,14,47,178,174,-1,-1
1770,44b6_0b24845f,node,196,14,40,78,50,-1,-1
1771,44b6_0b24845f,node,197,14,39,183,174,-1,-1
1772,44b6_0b24845f,node,198,14,47,182,81,-1,-1
1773,44b6_0b24845f,node,200,15,17,81,78,-1,-1
1774,44b6_0b24845f,node,201,15,18,177,175,-1,-1
1775,44b6_0b24845f,node,202,15,18,199,78,-1,-1
1776,44b6_0b24845f,node,203,15,15,69,59,-1,-1
1777,44b6_0b24845f,node,204,15,15,193,209,-1,-1
1778,44b6_0b24845f,node,205,15,17,209,188,-1,-1
1779,44b6_0b24845f,node,206,15,17,192,59,-1,-1
1780,44b6_0b24845f,node,207,15,15,180,70,-1,-1
1781,44b6_0b24845f,node,208,15,15,209,54,-1,-1
1782,44b6_0b24845f,node,209,15,46,178,174,-1,-1
1783,44b6_0b24845f,node,210,15,50,80,60,-1,-1
1784,44b6_0b24845f,node,211,15,38,78,51,-1,-1
1785,44b6_0b24845f,node,212,15,39,188,177,-1,-1
1786,44b6_0b24845f,node,213,15,48,206,177,-1,-1
1787,44b6_0b24845f,node,214,15,47,182,81,-1,-1
1788,44b6_0b24845f,node,215,16,17,81,78,-1,-1
1789,44b6_0b24845f,node,216,16,17,175,174,-1,-1
1790,44b6_0b24845f,node,217,16,17,204,78,-1,-1
1791,44b6_0b24845f,node,218,16,15,69,60,-1,-1
1792,44b6_0b24845f,node,219,16,18,59,46,-1,-1
1793,44b6_0b24845f,node,220,16,16,194,209,-1,-1
1794,44b6_0b24845f,node,221,16,16,196,58,-1,-1
1795,44b6_0b24845f,node,222,16,16,209,184,-1,-1
1796,44b6_0b24845f,node,223,16,50,80,58,-1,-1
1797,44b6_0b24845f,node,224,16,49,209,177,-1,-1
1798,44b6_0b24845f,node,225,16,39,189,177,-1,-1
1799,44b6_0b24845f,node,226,16,47,182,81,-1,-1
1800,44b6_0b24845f,node,227,16,39,81,51,-1,-1
1801,44b6_0b24845f,node,228,17,17,81,81,-1,-1
1802,44b6_0b24845f,node,229,17,16,175,174,-1,-1
1803,44b6_0b24845f,node,230,17,14,75,68,-1,-1
1804,44b6_0b24845f,node,231,17,16,60,46,-1,-1
1805,44b6_0b24845f,node,232,17,16,194,209,-1,-1
1806,44b6_0b24845f,node,233,17,16,203,50,-1,-1
1807,44b6_0b24845f,node,234,17,17,187,188,-1,-1
1808,44b6_0b24845f,node,236,17,49,82,65,-1,-1
1809,44b6_0b24845f,node,237,17,16,209,180,-1,-1
1810,44b6_0b24845f,node,238,17,49,207,177,-1,-1
1811,44b6_0b24845f,node,239,17,49,186,78,-1,-1
1812,44b6_0b24845f,node,240,17,14,163,73,-1,-1
1813,44b6_0b24845f,node,241,18,17,203,177,-1,-1
1814,44b6_0b24845f,node,242,18,16,177,174,-1,-1
1815,44b6_0b24845f,node,243,18,14,75,69,-1,-1
1816,44b6_0b24845f,node,244,18,16,68,51,-1,-1
1817,44b6_0b24845f,node,245,18,15,194,209,-1,-1
1818,44b6_0b24845f,node,246,18,15,204,51,-1,-1
1819,44b6_0b24845f,node,247,18,17,187,186,-1,-1
1820,44b6_0b24845f,node,248,18,15,164,78,-1,-1
1821,44b6_0b24845f,node,249,18,39,179,78,-1,-1
1822,44b6_0b24845f,node,250,18,49,81,66,-1,-1
1823,44b6_0b24845f,node,251,18,49,186,78,-1,-1
1824,44b6_0b24845f,node,252,18,47,203,177,-1,-1
1825,44b6_0b24845f,node,253,18,40,204,78,-1,-1
1826,44b6_0b24845f,node,255,19,17,203,174,-1,-1
1827,44b6_0b24845f,node,256,19,14,81,69,-1,-1
1828,44b6_0b24845f,node,257,19,15,69,53,-1,-1
1829,44b6_0b24845f,node,258,19,15,209,59,-1,-1
1830,44b6_0b24845f,node,259,19,14,196,205,-1,-1
1831,44b6_0b24845f,node,261,19,17,179,67,-1,-1
1832,44b6_0b24845f,node,262,19,39,179,78,-1,-1
1833,44b6_0b24845f,node,263,19,47,204,177,-1,-1
1834,44b6_0b24845f,node,264,19,41,202,81,-1,-1
1835,44b6_0b24845f,node,265,19,49,190,78,-1,-1
1836,44b6_0b24845f,node,266,20,15,81,78,-1,-1
1837,44b6_0b24845f,node,267,20,15,203,177,-1,-1
1838,44b6_0b24845f,node,268,20,15,175,81,-1,-1
1839,44b6_0b24845f,node,269,20,17,182,177,-1,-1
1840,44b6_0b24845f,node,270,20,14,71,59,-1,-1
1841,44b6_0b24845f,node,271,20,15,182,61,-1,-1
1842,44b6_0b24845f,node,272,20,15,209,51,-1,-1
1843,44b6_0b24845f,node,273,20,14,195,205,-1,-1
1844,44b6_0b24845f,node,274,20,38,177,78,-1,-1
1845,44b6_0b24845f,node,275,20,42,203,81,-1,-1
1846,44b6_0b24845f,node,276,20,49,186,174,-1,-1
1847,44b6_0b24845f,node,277,20,49,191,78,-1,-1
1848,44b6_0b24845f,node,278,21,15,174,81,-1,-1
1849,44b6_0b24845f,node,279,21,16,81,78,-1,-1
1850,44b6_0b24845f,node,280,21,15,195,177,-1,-1
1851,44b6_0b24845f,node,281,21,17,182,177,-1,-1
1852,44b6_0b24845f,node,282,21,14,71,60,-1,-1
1853,44b6_0b24845f,node,283,21,17,188,53,-1,-1
1854,44b6_0b24845f,node,284,21,14,198,204,-1,-1
1855,44b6_0b24845f,node,285,21,16,209,51,-1,-1
1856,44b6_0b24845f,node,286,21,41,204,81,-1,-1
1857,44b6_0b24845f,node,287,21,49,186,174,-1,-1
1858,44b6_0b24845f,node,288,21,41,186,81,-1,-1
1859,44b6_0b24845f,node,289,22,17,177,176,-1,-1
1860,44b6_0b24845f,node,290,22,16,81,81,-1,-1
1861,44b6_0b24845f,node,291,22,16,177,81,-1,-1
1862,44b6_0b24845f,node,292,22,17,188,57,-1,-1
1863,44b6_0b24845f,node,293,22,14,52,47,-1,-1
1864,44b6_0b24845f,node,294,22,14,68,64,-1,-1
1865,44b6_0b24845f,node,295,22,18,209,206,-1,-1
1866,44b6_0b24845f,node,296,22,15,75,46,-1,-1
1867,44b6_0b24845f,node,297,22,41,188,81,-1,-1
1868,44b6_0b24845f,node,298,22,49,186,174,-1,-1
1869,44b6_0b24845f,node,299,23,16,177,176,-1,-1
1870,44b6_0b24845f,node,300,23,15,175,81,-1,-1
1871,44b6_0b24845f,node,302,23,13,56,50,-1,-1
1872,44b6_0b24845f,node,303,23,17,192,58,-1,-1
1873,44b6_0b24845f,node,304,23,14,69,68,-1,-1
1874,44b6_0b24845f,node,305,23,17,209,205,-1,-1
1875,44b6_0b24845f,node,306,23,15,76,46,-1,-1
1876,44b6_0b24845f,node,307,23,43,190,81,-1,-1
1877,44b6_0b24845f,node,308,23,47,189,81,-1,-1
1878,44b6_0b24845f,node,309,24,15,177,174,-1,-1
1879,44b6_0b24845f,node,310,24,15,175,81,-1,-1
1880,44b6_0b24845f,node,311,24,13,61,53,-1,-1
1881,44b6_0b24845f,node,312,24,17,195,53,-1,-1
1882,44b6_0b24845f,node,313,24,17,207,204,-1,-1
1883,44b6_0b24845f,node,314,24,41,199,81,-1,-1
1884,44b6_0b24845f,node,315,24,47,194,81,-1,-1
1885,44b6_0b24845f,node,316,24,39,196,177,-1,-1
1886,44b6_0b24845f,node,317,25,14,187,174,-1,-1
1887,44b6_0b24845f,node,318,25,17,187,81,-1,-1
1888,44b6_0b24845f,node,319,25,14,69,54,-1,-1
1889,44b6_0b24845f,node,320,25,17,202,52,-1,-1
1890,44b6_0b24845f,node,321,25,17,209,202,-1,-1
1891,44b6_0b24845f,node,322,25,18,186,59,-1,-1
1892,44b6_0b24845f,node,323,25,48,177,49,-1,-1
1893,44b6_0b24845f,node,324,25,41,204,78,-1,-1
1894,44b6_0b24845f,node,325,25,39,186,81,-1,-1
1895,44b6_0b24845f,node,326,25,47,177,190,-1,-1
1896,44b6_0b24845f,node,327,25,39,196,177,-1,-1
1897,44b6_0b24845f,node,328,26,14,187,174,-1,-1
1898,44b6_0b24845f,node,329,26,16,78,58,-1,-1
1899,44b6_0b24845f,node,330,26,16,194,81,-1,-1
1900,44b6_0b24845f,node,331,26,15,174,81,-1,-1
1901,44b6_0b24845f,node,332,26,17,187,61,-1,-1
1902,44b6_0b24845f,node,333,26,17,205,51,-1,-1
1903,44b6_0b24845f,node,334,26,16,209,202,-1,-1
1904,44b6_0b24845f,node,335,26,46,177,79,-1,-1
1905,44b6_0b24845f,node,336,26,47,177,46,-1,-1
1906,44b6_0b24845f,node,337,26,39,191,177,-1,-1
1907,44b6_0b24845f,node,338,26,39,194,81,-1,-1
1908,44b6_0b24845f,node,339,26,50,164,181,-1,-1
1909,44b6_0b24845f,node,340,27,16,78,60,-1,-1
1910,44b6_0b24845f,node,341,27,15,177,81,-1,-1
1911,44b6_0b24845f,node,342,27,15,195,81,-1,-1
1912,44b6_0b24845f,node,343,27,14,182,174,-1,-1
1913,44b6_0b24845f,node,344,27,17,202,174,-1,-1
1914,44b6_0b24845f,node,345,27,18,177,181,-1,-1
1915,44b6_0b24845f,node,346,27,17,206,52,-1,-1
1916,44b6_0b24845f,node,347,27,16,209,201,-1,-1
1917,44b6_0b24845f,node,348,27,17,190,61,-1,-1
1918,44b6_0b24845f,node,349,27,46,177,81,-1,-1
1919,44b6_0b24845f,node,350,27,46,177,46,-1,-1
1920,44b6_0b24845f,node,351,27,39,209,78,-1,-1
1921,44b6_0b24845f,node,352,28,15,177,81,-1,-1
1922,44b6_0b24845f,node,353,28,16,78,60,-1,-1
1923,44b6_0b24845f,node,354,28,17,202,174,-1,-1
1924,44b6_0b24845f,node,355,28,15,202,78,-1,-1
1925,44b6_0b24845f,node,356,28,18,175,181,-1,-1
1926,44b6_0b24845f,node,357,28,16,190,61,-1,-1
1927,44b6_0b24845f,node,358,28,16,209,49,-1,-1
1928,44b6_0b24845f,node,359,28,16,202,209,-1,-1
1929,44b6_0b24845f,node,360,28,16,209,196,-1,-1
1930,44b6_0b24845f,node,361,28,38,178,177,-1,-1
1931,44b6_0b24845f,node,362,28,47,188,81,-1,-1
1932,44b6_0b24845f,node,363,28,39,206,78,-1,-1
1933,44b6_0b24845f,node,364,28,38,164,69,-1,-1
1934,44b6_0b24845f,node,365,29,18,174,177,-1,-1
1935,44b6_0b24845f,node,366,29,17,81,60,-1,-1
1936,44b6_0b24845f,node,367,29,15,206,78,-1,-1
1937,44b6_0b24845f,node,368,29,17,206,174,-1,-1
1938,44b6_0b24845f,node,369,29,15,181,81,-1,-1
1939,44b6_0b24845f,node,370,29,15,200,209,-1,-1
1940,44b6_0b24845f,node,371,29,17,196,65,-1,-1
1941,44b6_0b24845f,node,372,29,17,209,46,-1,-1
1942,44b6_0b24845f,node,373,29,16,209,195,-1,-1
1943,44b6_0b24845f,node,374,29,15,177,51,-1,-1
1944,44b6_0b24845f,node,375,29,38,178,175,-1,-1
1945,44b6_0b24845f,node,376,29,38,165,71,-1,-1
1946,44b6_0b24845f,node,377,29,47,194,81,-1,-1
1947,44b6_0b24845f,node,378,29,39,206,78,-1,-1
1948,44b6_0b24845f,node,379,29,49,187,177,-1,-1
1949,44b6_0b24845f,node,380,30,16,176,177,-1,-1
1950,44b6_0b24845f,node,381,30,17,81,67,-1,-1
1951,44b6_0b24845f,node,382,30,17,206,174,-1,-1
1952,44b6_0b24845f,node,383,30,15,178,51,-1,-1
1953,44b6_0b24845f,node,384,30,15,209,81,-1,-1
1954,44b6_0b24845f,node,385,30,17,203,65,-1,-1
1955,44b6_0b24845f,node,386,30,15,204,209,-1,-1
1956,44b6_0b24845f,node,387,30,17,209,46,-1,-1
1957,44b6_0b24845f,node,388,30,49,187,174,-1,-1
1958,44b6_0b24845f,node,389,30,47,196,81,-1,-1
1959,44b6_0b24845f,node,390,30,38,175,67,-1,-1
1960,44b6_0b24845f,node,391,31,15,182,177,-1,-1
1961,44b6_0b24845f,node,392,31,15,177,51,-1,-1
1962,44b6_0b24845f,node,393,31,16,209,174,-1,-1
1963,44b6_0b24845f,node,394,31,16,81,68,-1,-1
1964,44b6_0b24845f,node,395,31,15,205,204,-1,-1
1965,44b6_0b24845f,node,396,31,14,209,58,-1,-1
1966,44b6_0b24845f,node,397,31,17,205,46,-1,-1
1967,44b6_0b24845f,node,398,31,14,174,81,-1,-1
1968,44b6_0b24845f,node,399,31,14,209,78,-1,-1
1969,44b6_0b24845f,node,400,31,47,204,81,-1,-1
1970,44b6_0b24845f,node,401,31,47,187,174,-1,-1
1971,44b6_0b24845f,node,402,31,49,179,209,-1,-1
1972,44b6_0b24845f,node,403,32,16,186,174,-1,-1
1973,44b6_0b24845f,node,404,32,16,188,81,-1,-1
1974,44b6_0b24845f,node,405,32,16,164,196,-1,-1
1975,44b6_0b24845f,node,406,32,14,187,49,-1,-1
1976,44b6_0b24845f,node,407,32,15,209,201,-1,-1
1977,44b6_0b24845f,node,409,32,50,175,177,-1,-1
1978,44b6_0b24845f,node,410,32,46,207,81,-1,-1
1979,44b6_0b24845f,node,411,32,48,178,205,-1,-1
1980,44b6_0b24845f,node,412,33,15,188,174,-1,-1
1981,44b6_0b24845f,node,413,33,15,165,196,-1,-1
1982,44b6_0b24845f,node,414,33,15,193,81,-1,-1
1983,44b6_0b24845f,node,415,33,15,188,53,-1,-1
1984,44b6_0b24845f,node,416,33,15,209,197,-1,-1
1985,44b6_0b24845f,node,419,33,50,183,174,-1,-1
1986,44b6_0b24845f,node,420,33,42,206,78,-1,-1
1987,44b6_0b24845f,node,421,33,47,179,204,-1,-1
1988,44b6_0b24845f,node,422,33,46,163,54,-1,-1
1989,44b6_0b24845f,node,423,33,14,78,46,-1,-1
1990,44b6_0b24845f,node,424,33,42,209,177,-1,-1
1991,44b6_0b24845f,node,425,34,15,188,174,-1,-1
1992,44b6_0b24845f,node,426,34,16,174,193,-1,-1
1993,44b6_0b24845f,node,427,34,14,193,53,-1,-1
1994,44b6_0b24845f,node,428,34,18,195,202,-1,-1
1995,44b6_0b24845f,node,429,34,15,50,46,-1,-1
1996,44b6_0b24845f,node,430,34,47,174,174,-1,-1
1997,44b6_0b24845f,node,431,34,49,183,81,-1,-1
1998,44b6_0b24845f,node,432,34,41,207,177,-1,-1
1999,44b6_0b24845f,node,433,34,47,167,52,-1,-1
2000,44b6_0b24845f,node,434,34,41,209,81,-1,-1
2001,44b6_0b24845f,node,435,35,15,191,174,-1,-1
2002,44b6_0b24845f,node,436,35,15,177,193,-1,-1
2003,44b6_0b24845f,node,437,35,17,195,203,-1,-1
2004,44b6_0b24845f,node,438,35,15,53,50,-1,-1
2005,44b6_0b24845f,node,439,35,46,178,174,-1,-1
2006,44b6_0b24845f,node,440,35,41,209,177,-1,-1
2007,44b6_0b24845f,node,441,35,17,209,185,-1,-1
2008,44b6_0b24845f,node,442,35,49,188,81,-1,-1
2009,44b6_0b24845f,node,443,35,46,175,53,-1,-1
2010,44b6_0b24845f,node,444,36,14,195,174,-1,-1
2011,44b6_0b24845f,node,445,36,15,174,190,-1,-1
2012,44b6_0b24845f,node,446,36,16,174,67,-1,-1
2013,44b6_0b24845f,node,447,36,16,59,50,-1,-1
2014,44b6_0b24845f,node,448,36,17,195,209,-1,-1
2015,44b6_0b24845f,node,450,36,17,209,177,-1,-1
2016,44b6_0b24845f,node,452,36,39,209,177,-1,-1
2017,44b6_0b24845f,node,453,36,48,189,81,-1,-1
2018,44b6_0b24845f,node,454,36,46,178,58,-1,-1
2019,44b6_0b24845f,node,457,37,17,209,177,-1,-1
2020,44b6_0b24845f,node,458,37,15,65,52,-1,-1
2021,44b6_0b24845f,node,459,37,17,190,209,-1,-1
2022,44b6_0b24845f,node,460,37,14,179,186,-1,-1
2023,44b6_0b24845f,node,461,37,38,178,204,-1,-1
2024,44b6_0b24845f,node,462,37,39,209,177,-1,-1
2025,44b6_0b24845f,node,463,37,15,216,61,-1,-1
2026,44b6_0b24845f,node,464,37,46,178,58,-1,-1
2027,44b6_0b24845f,node,466,37,47,187,81,-1,-1
2028,44b6_0b24845f,node,467,37,16,174,68,-1,-1
2029,44b6_0b24845f,node,468,38,16,209,174,-1,-1
2030,44b6_0b24845f,node,469,38,15,65,58,-1,-1
2031,44b6_0b24845f,node,470,38,15,195,197,-1,-1
2032,44b6_0b24845f,node,471,38,14,174,181,-1,-1
2033,44b6_0b24845f,node,472,38,16,209,68,-1,-1
2034,44b6_0b24845f,node,473,38,39,208,177,-1,-1
2035,44b6_0b24845f,node,474,38,16,165,195,-1,-1
2036,44b6_0b24845f,node,475,38,47,186,81,-1,-1
2037,44b6_0b24845f,node,476,38,38,178,200,-1,-1
2038,44b6_0b24845f,node,478,39,17,162,61,-1,-1
2039,44b6_0b24845f,node,479,39,16,198,81,-1,-1
2040,44b6_0b24845f,node,480,39,15,188,202,-1,-1
2041,44b6_0b24845f,node,481,39,15,67,59,-1,-1
2042,44b6_0b24845f,node,482,39,16,209,177,-1,-1
2043,44b6_0b24845f,node,483,39,15,174,174,-1,-1
2044,44b6_0b24845f,node,484,39,39,203,176,-1,-1
2045,44b6_0b24845f,node,485,39,46,190,81,-1,-1
2046,44b6_0b24845f,node,486,39,15,165,189,-1,-1
2047,44b6_0b24845f,node,487,39,41,178,206,-1,-1
2048,44b6_0b24845f,node,488,40,15,205,81,-1,-1
2049,44b6_0b24845f,node,489,40,17,207,174,-1,-1
2050,44b6_0b24845f,node,490,40,14,188,194,-1,-1
2051,44b6_0b24845f,node,491,40,14,59,46,-1,-1
2052,44b6_0b24845f,node,492,40,15,66,67,-1,-1
2053,44b6_0b24845f,node,493,40,17,163,66,-1,-1
2054,44b6_0b24845f,node,494,40,16,174,174,-1,-1
2055,44b6_0b24845f,node,495,40,15,164,187,-1,-1
2056,44b6_0b24845f,node,496,40,39,207,174,-1,-1
2057,44b6_0b24845f,node,497,40,47,190,81,-1,-1
2058,44b6_0b24845f,node,498,40,41,178,205,-1,-1
2059,44b6_0b24845f,node,499,40,39,196,81,-1,-1
2060,44b6_0b24845f,node,500,41,15,203,81,-1,-1
2061,44b6_0b24845f,node,501,41,17,163,66,-1,-1
2062,44b6_0b24845f,node,502,41,14,186,177,-1,-1
2063,44b6_0b24845f,node,503,41,15,59,46,-1,-1
2064,44b6_0b24845f,node,504,41,17,203,174,-1,-1
2065,44b6_0b24845f,node,505,41,14,81,54,-1,-1
2066,44b6_0b24845f,node,506,41,18,188,209,-1,-1
2067,44b6_0b24845f,node,507,41,16,66,67,-1,-1
2068,44b6_0b24845f,node,508,41,17,203,189,-1,-1
2069,44b6_0b24845f,node,510,41,48,179,78,-1,-1
2070,44b6_0b24845f,node,511,41,40,175,197,-1,-1
2071,44b6_0b24845f,node,512,41,40,196,81,-1,-1
2072,44b6_0b24845f,node,513,42,17,163,68,-1,-1
2073,44b6_0b24845f,node,514,42,16,62,46,-1,-1
2074,44b6_0b24845f,node,515,42,15,204,81,-1,-1
2075,44b6_0b24845f,node,516,42,15,81,58,-1,-1
2076,44b6_0b24845f,node,517,42,17,188,209,-1,-1
2077,44b6_0b24845f,node,518,42,17,198,188,-1,-1
2078,44b6_0b24845f,node,519,42,14,188,181,-1,-1
2079,44b6_0b24845f,node,520,42,44,185,196,-1,-1
2080,44b6_0b24845f,node,521,42,48,182,78,-1,-1
2081,44b6_0b24845f,node,522,42,41,196,81,-1,-1
2082,44b6_0b24845f,node,524,43,17,164,68,-1,-1
2083,44b6_0b24845f,node,525,43,9,183,4,-1,-1
2084,44b6_0b24845f,node,526,43,16,67,46,-1,-1
2085,44b6_0b24845f,node,527,43,15,209,81,-1,-1
2086,44b6_0b24845f,node,528,43,18,187,209,-1,-1
2087,44b6_0b24845f,node,529,43,14,46,46,-1,-1
2088,44b6_0b24845f,node,530,43,15,209,209,-1,-1
2089,44b6_0b24845f,node,531,43,17,194,188,-1,-1
2090,44b6_0b24845f,node,532,43,49,177,77,-1,-1
2091,44b6_0b24845f,node,533,43,15,163,46,-1,-1
2092,44b6_0b24845f,node,534,43,40,195,81,-1,-1
2093,44b6_0b24845f,node,535,44,17,164,78,-1,-1
2094,44b6_0b24845f,node,536,44,16,67,47,-1,-1
2095,44b6_0b24845f,node,537,44,14,50,47,-1,-1
2096,44b6_0b24845f,node,538,44,11,186,4,-1,-1
2097,44b6_0b24845f,node,539,44,15,190,209,-1,-1
2098,44b6_0b24845f,node,540,44,15,209,81,-1,-1
2099,44b6_0b24845f,node,541,44,18,194,189,-1,-1
2100,44b6_0b24845f,node,542,44,16,209,187,-1,-1
2101,44b6_0b24845f,node,543,44,49,183,78,-1,-1
2102,44b6_0b24845f,node,545,44,41,202,81,-1,-1
2103,44b6_0b24845f,node,546,44,15,159,46,-1,-1
2104,44b6_0b24845f,node,547,45,16,163,77,-1,-1
2105,44b6_0b24845f,node,548,45,14,52,50,-1,-1
2106,44b6_0b24845f,node,549,45,15,68,59,-1,-1
2107,44b6_0b24845f,node,550,45,17,186,81,-1,-1
2108,44b6_0b24845f,node,551,45,15,188,209,-1,-1
2109,44b6_0b24845f,node,552,45,17,190,188,-1,-1
2110,44b6_0b24845f,node,553,45,16,207,209,-1,-1
2111,44b6_0b24845f,node,554,45,9,187,5,-1,-1
2112,44b6_0b24845f,node,555,45,15,209,185,-1,-1
2113,44b6_0b24845f,node,556,45,15,163,46,-1,-1
2114,44b6_0b24845f,node,557,45,14,209,91,-1,-1
2115,44b6_0b24845f,node,558,45,41,204,81,-1,-1
2116,44b6_0b24845f,node,559,45,48,187,78,-1,-1
2117,44b6_0b24845f,node,560,46,15,59,58,-1,-1
2118,44b6_0b24845f,node,561,46,13,201,4,-1,-1
2119,44b6_0b24845f,node,562,46,15,164,78,-1,-1
2120,44b6_0b24845f,node,563,46,17,174,78,-1,-1
2121,44b6_0b24845f,node,564,46,15,187,209,-1,-1
2122,44b6_0b24845f,node,565,46,17,187,188,-1,-1
2123,44b6_0b24845f,node,566,46,17,187,81,-1,-1
2124,44b6_0b24845f,node,567,46,16,204,209,-1,-1
2125,44b6_0b24845f,node,568,46,14,163,52,-1,-1
2126,44b6_0b24845f,node,569,46,14,209,91,-1,-1
2127,44b6_0b24845f,node,570,46,15,209,187,-1,-1
2128,44b6_0b24845f,node,571,46,40,209,81,-1,-1
2129,44b6_0b24845f,node,572,46,39,174,50,-1,-1
2130,44b6_0b24845f,node,573,46,48,187,78,-1,-1
2131,44b6_0b24845f,node,574,46,40,78,49,-1,-1
2132,44b6_0b24845f,node,575,46,47,206,177,-1,-1
2133,44b6_0b24845f,node,576,47,14,66,67,-1,-1
2134,44b6_0b24845f,node,577,47,17,174,78,-1,-1
2135,44b6_0b24845f,node,578,47,18,198,177,-1,-1
2136,44b6_0b24845f,node,579,47,13,201,10,-1,-1
2137,44b6_0b24845f,node,580,47,17,188,81,-1,-1
2138,44b6_0b24845f,node,581,47,16,201,209,-1,-1
2139,44b6_0b24845f,node,582,47,16,187,187,-1,-1
2140,44b6_0b24845f,node,583,47,14,164,51,-1,-1
2141,44b6_0b24845f,node,584,47,16,164,81,-1,-1
2142,44b6_0b24845f,node,585,47,16,50,46,-1,-1
2143,44b6_0b24845f,node,586,47,16,209,81,-1,-1
2144,44b6_0b24845f,node,587,47,48,206,177,-1,-1
2145,44b6_0b24845f,node,588,47,41,78,53,-1,-1
2146,44b6_0b24845f,node,589,47,39,174,52,-1,-1
2147,44b6_0b24845f,node,590,47,39,209,81,-1,-1
2148,44b6_0b24845f,node,591,47,48,188,78,-1,-1
2149,44b6_0b24845f,node,592,48,17,174,81,-1,-1
2150,44b6_0b24845f,node,593,48,15,67,78,-1,-1
2151,44b6_0b24845f,node,594,48,17,203,177,-1,-1
2152,44b6_0b24845f,node,595,48,10,194,11,-1,-1
2153,44b6_0b24845f,node,596,48,17,189,81,-1,-1
2154,44b6_0b24845f,node,598,48,16,202,209,-1,-1
2155,44b6_0b24845f,node,599,48,15,186,188,-1,-1
2156,44b6_0b24845f,node,600,48,16,51,52,-1,-1
2157,44b6_0b24845f,node,601,48,15,209,81,-1,-1
2158,44b6_0b24845f,node,602,48,48,206,177,-1,-1
2159,44b6_0b24845f,node,603,48,41,81,59,-1,-1
2160,44b6_0b24845f,node,604,48,47,68,51,-1,-1
2161,44b6_0b24845f,node,605,49,17,174,81,-1,-1
2162,44b6_0b24845f,node,606,49,15,69,78,-1,-1
2163,44b6_0b24845f,node,607,49,17,198,177,-1,-1
2164,44b6_0b24845f,node,608,49,10,195,11,-1,-1
2165,44b6_0b24845f,node,609,49,16,203,209,-1,-1
2166,44b6_0b24845f,node,610,49,16,53,53,-1,-1
2167,44b6_0b24845f,node,611,49,16,71,51,-1,-1
2168,44b6_0b24845f,node,612,49,50,208,174,-1,-1
2169,44b6_0b24845f,node,614,49,49,196,78,-1,-1
2170,44b6_0b24845f,node,615,49,48,71,52,-1,-1
2171,44b6_0b24845f,node,616,49,41,209,177,-1,-1
2172,44b6_0b24845f,node,617,49,41,81,61,-1,-1
2173,44b6_0b24845f,node,618,50,16,174,81,-1,-1
2174,44b6_0b24845f,node,619,50,16,68,81,-1,-1
2175,44b6_0b24845f,node,620,50,17,199,174,-1,-1
2176,44b6_0b24845f,node,621,50,14,78,59,-1,-1
2177,44b6_0b24845f,node,622,50,15,203,209,-1,-1
2178,44b6_0b24845f,node,623,50,17,58,60,-1,-1
2179,44b6_0b24845f,node,624,50,15,160,174,-1,-1
2180,44b6_0b24845f,node,625,50,48,78,54,-1,-1
2181,44b6_0b24845f,node,626,50,49,207,174,-1,-1
2182,44b6_0b24845f,node,627,50,49,198,81,-1,-1
2183,44b6_0b24845f,node,628,50,42,203,177,-1,-1
2184,44b6_0b24845f,node,630,51,17,67,81,-1,-1
2185,44b6_0b24845f,node,631,51,17,78,46,-1,-1
2186,44b6_0b24845f,node,632,51,16,193,81,-1,-1
2187,44b6_0b24845f,node,633,51,14,78,61,-1,-1
2188,44b6_0b24845f,node,634,51,17,197,174,-1,-1
2189,44b6_0b24845f,node,635,51,15,174,81,-1,-1
2190,44b6_0b24845f,node,636,51,17,55,61,-1,-1
2191,44b6_0b24845f,node,637,51,15,194,196,-1,-1
2192,44b6_0b24845f,node,638,51,15,201,209,-1,-1
2193,44b6_0b24845f,node,639,51,17,209,188,-1,-1
2194,44b6_0b24845f,node,640,51,15,160,174,-1,-1
2195,44b6_0b24845f,node,641,51,49,78,56,-1,-1
2196,44b6_0b24845f,node,642,51,48,207,174,-1,-1
2197,44b6_0b24845f,node,643,51,42,198,177,-1,-1
2198,44b6_0b24845f,node,644,51,48,200,81,-1,-1
2199,44b6_0b24845f,node,645,51,48,174,46,-1,-1
2200,44b6_0b24845f,node,646,52,18,78,50,-1,-1
2201,44b6_0b24845f,node,647,52,16,177,81,-1,-1
2202,44b6_0b24845f,node,648,52,14,81,68,-1,-1
2203,44b6_0b24845f,node,649,52,15,163,174,-1,-1
2204,44b6_0b24845f,node,650,52,18,188,68,-1,-1
2205,44b6_0b24845f,node,651,52,16,57,65,-1,-1
2206,44b6_0b24845f,node,652,52,17,206,193,-1,-1
2207,44b6_0b24845f,node,653,52,15,51,46,-1,-1
2208,44b6_0b24845f,node,654,52,15,194,196,-1,-1
2209,44b6_0b24845f,node,655,52,15,196,209,-1,-1
2210,44b6_0b24845f,node,656,52,18,206,81,-1,-1
2211,44b6_0b24845f,node,657,52,47,177,81,-1,-1
2212,44b6_0b24845f,node,658,52,49,78,56,-1,-1
2213,44b6_0b24845f,node,659,52,39,69,78,-1,-1
2214,44b6_0b24845f,node,660,52,16,68,91,-1,-1
2215,44b6_0b24845f,node,661,52,47,202,78,-1,-1
2216,44b6_0b24845f,node,662,52,41,198,177,-1,-1
2217,44b6_0b24845f,node,663,52,48,205,174,-1,-1
2218,44b6_0b24845f,node,665,52,48,174,46,-1,-1
2219,44b6_0b24845f,node,666,53,18,78,54,-1,-1
2220,44b6_0b24845f,node,667,53,17,185,79,-1,-1
2221,44b6_0b24845f,node,668,53,17,191,174,-1,-1
2222,44b6_0b24845f,node,669,53,16,51,46,-1,-1
2223,44b6_0b24845f,node,670,53,18,193,62,-1,-1
2224,44b6_0b24845f,node,671,53,16,201,194,-1,-1
2225,44b6_0b24845f,node,673,53,17,209,81,-1,-1
2226,44b6_0b24845f,node,674,53,15,164,174,-1,-1
2227,44b6_0b24845f,node,675,53,14,51,68,-1,-1
2228,44b6_0b24845f,node,676,53,47,177,81,-1,-1
2229,44b6_0b24845f,node,677,53,49,78,60,-1,-1
2230,44b6_0b24845f,node,678,53,38,71,78,-1,-1
2231,44b6_0b24845f,node,679,53,41,196,174,-1,-1
2232,44b6_0b24845f,node,680,53,48,202,78,-1,-1
2233,44b6_0b24845f,node,681,53,49,174,66,-1,-1
2234,44b6_0b24845f,node,682,54,16,188,174,-1,-1
2235,44b6_0b24845f,node,683,54,16,185,81,-1,-1
2236,44b6_0b24845f,node,684,54,18,81,58,-1,-1
2237,44b6_0b24845f,node,685,54,15,174,50,-1,-1
2238,44b6_0b24845f,node,686,54,16,52,46,-1,-1
2239,44b6_0b24845f,node,687,54,17,193,62,-1,-1
2240,44b6_0b24845f,node,688,54,17,196,193,-1,-1
2241,44b6_0b24845f,node,689,54,17,209,81,-1,-1
2242,44b6_0b24845f,node,691,54,47,177,81,-1,-1
2243,44b6_0b24845f,node,692,54,14,54,78,-1,-1
2244,44b6_0b24845f,node,693,54,49,79,66,-1,-1
2245,44b6_0b24845f,node,694,54,38,71,81,-1,-1
2246,44b6_0b24845f,node,695,54,40,193,174,-1,-1
2247,44b6_0b24845f,node,696,54,49,174,60,-1,-1
2248,44b6_0b24845f,node,697,55,16,194,177,-1,-1
2249,44b6_0b24845f,node,698,55,15,174,53,-1,-1
2250,44b6_0b24845f,node,699,55,17,81,61,-1,-1
2251,44b6_0b24845f,node,700,55,16,188,78,-1,-1
2252,44b6_0b24845f,node,701,55,18,209,81,-1,-1
2253,44b6_0b24845f,node,702,55,16,194,188,-1,-1
2254,44b6_0b24845f,node,703,55,15,54,49,-1,-1
2255,44b6_0b24845f,node,704,55,17,196,60,-1,-1
2256,44b6_0b24845f,node,705,55,47,174,81,-1,-1
2257,44b6_0b24845f,node,706,55,14,55,78,-1,-1
2258,44b6_0b24845f,node,707,55,50,81,67,-1,-1
2259,44b6_0b24845f,node,708,55,39,194,174,-1,-1
2260,44b6_0b24845f,node,709,55,40,65,60,-1,-1
2261,44b6_0b24845f,node,711,56,16,174,54,-1,-1
2262,44b6_0b24845f,node,712,56,15,182,174,-1,-1
2263,44b6_0b24845f,node,713,56,18,209,81,-1,-1
2264,44b6_0b24845f,node,714,56,14,197,67,-1,-1
2265,44b6_0b24845f,node,715,56,15,54,51,-1,-1
2266,44b6_0b24845f,node,716,56,15,194,193,-1,-1
2267,44b6_0b24845f,node,717,56,18,79,67,-1,-1
2268,44b6_0b24845f,node,718,56,14,59,81,-1,-1
2269,44b6_0b24845f,node,719,56,17,174,81,-1,-1
2270,44b6_0b24845f,node,720,56,47,177,81,-1,-1
2271,44b6_0b24845f,node,721,56,49,81,78,-1,-1
2272,44b6_0b24845f,node,722,56,49,174,58,-1,-1
2273,44b6_0b24845f,node,723,57,15,177,57,-1,-1
2274,44b6_0b24845f,node,724,57,15,187,174,-1,-1
2275,44b6_0b24845f,node,726,57,17,81,67,-1,-1
2276,44b6_0b24845f,node,727,57,15,193,81,-1,-1
2277,44b6_0b24845f,node,728,57,15,59,53,-1,-1
2278,44b6_0b24845f,node,729,57,15,190,195,-1,-1
2279,44b6_0b24845f,node,730,57,15,195,67,-1,-1
2280,44b6_0b24845f,node,732,57,47,177,81,-1,-1
2281,44b6_0b24845f,node,733,57,48,81,74,-1,-1
2282,44b6_0b24845f,node,734,57,40,61,78,-1,-1
2283,44b6_0b24845f,node,735,57,49,195,177,-1,-1
2284,44b6_0b24845f,node,736,57,49,174,58,-1,-1
2285,44b6_0b24845f,node,737,58,15,177,174,-1,-1
2286,44b6_0b24845f,node,738,58,16,174,60,-1,-1
2287,44b6_0b24845f,node,739,58,18,81,78,-1,-1
2288,44b6_0b24845f,node,740,58,14,186,189,-1,-1
2289,44b6_0b24845f,node,741,58,15,59,59,-1,-1
2290,44b6_0b24845f,node,742,58,15,195,66,-1,-1
2291,44b6_0b24845f,node,743,58,17,190,209,-1,-1
2292,44b6_0b24845f,node,744,58,48,81,78,-1,-1
2293,44b6_0b24845f,node,745,58,50,150,184,-1,-1
2294,44b6_0b24845f,node,746,58,41,66,78,-1,-1
2295,44b6_0b24845f,node,747,58,47,188,81,-1,-1
2296,44b6_0b24845f,node,748,58,47,194,177,-1,-1
2297,44b6_0b24845f,node,749,58,48,174,57,-1,-1
2298,44b6_0b24845f,node,751,59,15,174,174,-1,-1
2299,44b6_0b24845f,node,752,59,16,177,59,-1,-1
2300,44b6_0b24845f,node,753,59,16,177,81,-1,-1
2301,44b6_0b24845f,node,754,59,14,185,188,-1,-1
2302,44b6_0b24845f,node,755,59,15,60,59,-1,-1
2303,44b6_0b24845f,node,756,59,17,188,209,-1,-1
2304,44b6_0b24845f,node,757,59,47,81,78,-1,-1
2305,44b6_0b24845f,node,758,59,49,149,177,-1,-1
2306,44b6_0b24845f,node,759,59,40,66,78,-1,-1
2307,44b6_0b24845f,node,760,59,47,193,81,-1,-1
2308,44b6_0b24845f,node,761,59,48,177,60,-1,-1
2309,44b6_0b24845f,node,762,59,41,204,177,-1,-1
2310,44b6_0b24845f,node,764,59,47,193,177,-1,-1
2311,44b6_0b24845f,node,765,60,15,177,81,-1,-1
2312,44b6_0b24845f,node,766,60,16,177,59,-1,-1
2313,44b6_0b24845f,node,767,60,17,79,81,-1,-1
2314,44b6_0b24845f,node,768,60,15,177,189,-1,-1
2315,44b6_0b24845f,node,769,60,18,190,208,-1,-1
2316,44b6_0b24845f,node,770,60,16,58,53,-1,-1
2317,44b6_0b24845f,node,771,60,17,174,174,-1,-1
2318,44b6_0b24845f,node,772,60,47,81,79,-1,-1
2319,44b6_0b24845f,node,773,60,40,67,78,-1,-1
2320,44b6_0b24845f,node,774,60,48,175,57,-1,-1
2321,44b6_0b24845f,node,775,60,47,186,176,-1,-1
2322,44b6_0b24845f,node,776,60,41,202,177,-1,-1
2323,44b6_0b24845f,node,777,60,15,160,177,-1,-1
2324,44b6_0b24845f,node,778,61,17,175,54,-1,-1
2325,44b6_0b24845f,node,779,61,17,174,174,-1,-1
2326,44b6_0b24845f,node,780,61,17,150,181,-1,-1
2327,44b6_0b24845f,node,781,61,17,81,81,-1,-1
2328,44b6_0b24845f,node,782,61,16,54,50,-1,-1
2329,44b6_0b24845f,node,783,61,17,187,206,-1,-1
2330,44b6_0b24845f,node,784,61,48,81,81,-1,-1
2331,44b6_0b24845f,node,786,61,49,175,53,-1,-1
2332,44b6_0b24845f,node,787,61,40,65,78,-1,-1
2333,44b6_0b24845f,node,788,61,41,203,174,-1,-1
2334,44b6_0b24845f,node,790,61,47,188,177,-1,-1
2335,44b6_0b24845f,node,792,62,17,174,54,-1,-1
2336,44b6_0b24845f,node,793,62,17,81,57,-1,-1
2337,44b6_0b24845f,node,794,62,16,78,81,-1,-1
2338,44b6_0b24845f,node,795,62,16,147,177,-1,-1
2339,44b6_0b24845f,node,796,62,16,54,53,-1,-1
2340,44b6_0b24845f,node,797,62,16,187,204,-1,-1
2341,44b6_0b24845f,node,798,62,16,202,193,-1,-1
2342,44b6_0b24845f,node,799,62,48,76,81,-1,-1
2343,44b6_0b24845f,node,800,62,49,175,54,-1,-1
2344,44b6_0b24845f,node,801,62,40,201,174,-1,-1
2345,44b6_0b24845f,node,802,62,40,63,78,-1,-1
2346,44b6_0b24845f,node,803,63,15,78,81,-1,-1
2347,44b6_0b24845f,node,804,63,16,177,55,-1,-1
2348,44b6_0b24845f,node,805,63,17,81,61,-1,-1
2349,44b6_0b24845f,node,807,63,16,53,53,-1,-1
2350,44b6_0b24845f,node,808,63,17,197,190,-1,-1
2351,44b6_0b24845f,node,809,63,47,192,81,-1,-1
2352,44b6_0b24845f,node,810,63,49,174,54,-1,-1
2353,44b6_0b24845f,node,811,63,39,59,78,-1,-1
2354,44b6_0b24845f,node,812,63,40,201,174,-1,-1
2355,44b6_0b24845f,node,813,63,47,186,177,-1,-1
2356,44b6_0b24845f,node,814,64,15,174,81,-1,-1
2357,44b6_0b24845f,node,815,64,15,78,81,-1,-1
2358,44b6_0b24845f,node,816,64,16,174,53,-1,-1
2359,44b6_0b24845f,node,817,64,17,81,68,-1,-1
2360,44b6_0b24845f,node,818,64,17,188,204,-1,-1
2361,44b6_0b24845f,node,819,64,15,52,58,-1,-1
2362,44b6_0b24845f,node,820,64,47,177,177,-1,-1
2363,44b6_0b24845f,node,821,64,47,174,51,-1,-1
2364,44b6_0b24845f,node,823,64,40,66,78,-1,-1
2365,44b6_0b24845f,node,824,64,48,193,81,-1,-1
2366,44b6_0b24845f,node,825,64,39,197,174,-1,-1
2367,44b6_0b24845f,node,826,65,16,174,81,-1,-1
2368,44b6_0b24845f,node,827,65,16,174,53,-1,-1
2369,44b6_0b24845f,node,828,65,16,78,81,-1,-1
2370,44b6_0b24845f,node,829,65,16,81,66,-1,-1
2371,44b6_0b24845f,node,830,65,17,175,174,-1,-1
2372,44b6_0b24845f,node,831,65,17,195,200,-1,-1
2373,44b6_0b24845f,node,832,65,15,54,68,-1,-1
2374,44b6_0b24845f,node,833,65,15,47,46,-1,-1
2375,44b6_0b24845f,node,835,65,48,177,174,-1,-1
2376,44b6_0b24845f,node,836,65,40,67,78,-1,-1
2377,44b6_0b24845f,node,837,65,48,175,51,-1,-1
2378,44b6_0b24845f,node,839,65,39,195,174,-1,-1
2379,44b6_0b24845f,node,840,66,16,81,78,-1,-1
2380,44b6_0b24845f,node,841,66,16,177,81,-1,-1
2381,44b6_0b24845f,node,842,66,15,174,57,-1,-1
2382,44b6_0b24845f,node,843,66,17,177,177,-1,-1
2383,44b6_0b24845f,node,844,66,14,49,46,-1,-1
2384,44b6_0b24845f,node,845,66,16,194,202,-1,-1
2385,44b6_0b24845f,node,846,66,15,54,78,-1,-1
2386,44b6_0b24845f,node,847,66,49,81,78,-1,-1
2387,44b6_0b24845f,node,848,66,47,177,174,-1,-1
2388,44b6_0b24845f,node,849,66,48,175,51,-1,-1
2389,44b6_0b24845f,node,850,66,41,63,78,-1,-1
2390,44b6_0b24845f,node,852,66,39,196,174,-1,-1
2391,44b6_0b24845f,node,853,67,15,80,78,-1,-1
2392,44b6_0b24845f,node,854,67,17,174,177,-1,-1
2393,44b6_0b24845f,node,855,67,18,187,177,-1,-1
2394,44b6_0b24845f,node,856,67,16,54,78,-1,-1
2395,44b6_0b24845f,node,857,67,17,197,78,-1,-1
2396,44b6_0b24845f,node,858,67,16,180,81,-1,-1
2397,44b6_0b24845f,node,859,67,16,174,58,-1,-1
2398,44b6_0b24845f,node,861,67,15,47,46,-1,-1
2399,44b6_0b24845f,node,862,67,15,195,198,-1,-1
2400,44b6_0b24845f,node,864,67,47,177,174,-1,-1
2401,44b6_0b24845f,node,865,67,49,81,78,-1,-1
2402,44b6_0b24845f,node,866,67,41,63,78,-1,-1
2403,44b6_0b24845f,node,867,67,47,174,50,-1,-1
2404,44b6_0b24845f,node,868,67,48,193,81,-1,-1
2405,44b6_0b24845f,node,871,68,15,80,78,-1,-1
2406,44b6_0b24845f,node,872,68,18,187,174,-1,-1
2407,44b6_0b24845f,node,873,68,15,174,57,-1,-1
2408,44b6_0b24845f,node,874,68,17,54,78,-1,-1
2409,44b6_0b24845f,node,875,68,14,190,196,-1,-1
2410,44b6_0b24845f,node,876,68,18,199,69,-1,-1
2411,44b6_0b24845f,node,877,68,14,47,46,-1,-1
2412,44b6_0b24845f,node,878,68,18,209,197,-1,-1
2413,44b6_0b24845f,node,879,68,16,180,81,-1,-1
2414,44b6_0b24845f,node,880,68,48,81,78,-1,-1
2415,44b6_0b24845f,node,881,68,47,175,174,-1,-1
2416,44b6_0b24845f,node,882,68,40,82,188,-1,-1
2417,44b6_0b24845f,node,883,68,41,63,78,-1,-1
2418,44b6_0b24845f,node,884,68,48,174,53,-1,-1
2419,44b6_0b24845f,node,885,68,49,193,81,-1,-1
2420,44b6_0b24845f,node,886,69,15,81,78,-1,-1
2421,44b6_0b24845f,node,887,69,15,174,53,-1,-1
2422,44b6_0b24845f,node,888,69,18,187,174,-1,-1
2423,44b6_0b24845f,node,889,69,16,58,78,-1,-1
2424,44b6_0b24845f,node,890,69,15,178,81,-1,-1
2425,44b6_0b24845f,node,891,69,17,81,189,-1,-1
2426,44b6_0b24845f,node,892,69,14,48,46,-1,-1
2427,44b6_0b24845f,node,893,69,17,204,195,-1,-1
2428,44b6_0b24845f,node,894,69,18,202,73,-1,-1
2429,44b6_0b24845f,node,895,69,39,81,177,-1,-1
2430,44b6_0b24845f,node,896,69,15,182,188,-1,-1
2431,44b6_0b24845f,node,897,69,49,81,78,-1,-1
2432,44b6_0b24845f,node,898,69,47,174,174,-1,-1
2433,44b6_0b24845f,node,900,69,40,59,79,-1,-1
2434,44b6_0b24845f,node,901,69,49,192,81,-1,-1
2435,44b6_0b24845f,node,902,69,48,174,54,-1,-1
2436,44b6_0b24845f,node,903,69,39,177,196,-1,-1
2437,44b6_0b24845f,node,904,70,15,81,81,-1,-1
2438,44b6_0b24845f,node,905,70,15,174,52,-1,-1
2439,44b6_0b24845f,node,906,70,16,58,81,-1,-1
2440,44b6_0b24845f,node,907,70,17,81,189,-1,-1
2441,44b6_0b24845f,node,908,70,21,146,8,-1,-1
2442,44b6_0b24845f,node,909,70,18,79,174,-1,-1
2443,44b6_0b24845f,node,910,70,18,186,174,-1,-1
2444,44b6_0b24845f,node,911,70,15,46,46,-1,-1
2445,44b6_0b24845f,node,912,70,17,201,196,-1,-1
2446,44b6_0b24845f,node,913,70,17,209,58,-1,-1
2447,44b6_0b24845f,node,914,70,17,209,78,-1,-1
2448,44b6_0b24845f,node,915,70,38,80,177,-1,-1
2449,44b6_0b24845f,node,916,70,16,219,81,-1,-1
2450,44b6_0b24845f,node,917,70,46,80,67,-1,-1
2451,44b6_0b24845f,node,918,70,39,59,81,-1,-1
2452,44b6_0b24845f,node,919,70,49,189,81,-1,-1
2453,44b6_0b24845f,node,920,70,39,177,194,-1,-1
2454,44b6_0b24845f,node,921,70,48,174,54,-1,-1
2455,44b6_0b24845f,node,922,70,49,177,204,-1,-1
2456,44b6_0b24845f,node,923,71,18,81,174,-1,-1
2457,44b6_0b24845f,node,924,71,18,177,174,-1,-1
2458,44b6_0b24845f,node,925,71,15,174,53,-1,-1
2459,44b6_0b24845f,node,926,71,16,58,81,-1,-1
2460,44b6_0b24845f,node,927,71,16,81,189,-1,-1
2461,44b6_0b24845f,node,928,71,15,81,81,-1,-1
2462,44b6_0b24845f,node,929,71,17,209,78,-1,-1
2463,44b6_0b24845f,node,930,71,15,50,47,-1,-1
2464,44b6_0b24845f,node,931,71,16,203,198,-1,-1
2465,44b6_0b24845f,node,932,71,17,205,54,-1,-1
2466,44b6_0b24845f,node,933,71,20,151,5,-1,-1
2467,44b6_0b24845f,node,934,71,16,219,80,-1,-1
2468,44b6_0b24845f,node,935,71,38,78,174,-1,-1
2469,44b6_0b24845f,node,936,71,38,69,174,-1,-1
2470,44b6_0b24845f,node,937,71,39,177,188,-1,-1
2471,44b6_0b24845f,node,938,71,38,61,80,-1,-1
2472,44b6_0b24845f,node,939,71,48,194,81,-1,-1
2473,44b6_0b24845f,node,941,71,49,177,203,-1,-1
2474,44b6_0b24845f,node,942,71,40,174,78,-1,-1
2475,44b6_0b24845f,node,943,71,40,174,69,-1,-1
2476,44b6_0b24845f,node,944,71,47,80,61,-1,-1
2477,44b6_0b24845f,node,945,72,16,175,174,-1,-1
2478,44b6_0b24845f,node,946,72,15,81,177,-1,-1
2479,44b6_0b24845f,node,947,72,15,174,53,-1,-1
2480,44b6_0b24845f,node,948,72,18,205,78,-1,-1
2481,44b6_0b24845f,node,949,72,17,61,78,-1,-1
2482,44b6_0b24845f,node,950,72,15,83,196,-1,-1
2483,44b6_0b24845f,node,952,72,15,46,47,-1,-1
2484,44b6_0b24845f,node,953,72,16,197,197,-1,-1
2485,44b6_0b24845f,node,954,72,15,78,81,-1,-1
2486,44b6_0b24845f,node,955,72,17,81,60,-1,-1
2487,44b6_0b24845f,node,956,72,38,69,174,-1,-1
2488,44b6_0b24845f,node,957,72,15,209,174,-1,-1
2489,44b6_0b24845f,node,958,72,38,60,81,-1,-1
2490,44b6_0b24845f,node,959,72,49,196,81,-1,-1
2491,44b6_0b24845f,node,960,72,49,175,205,-1,-1
2492,44b6_0b24845f,node,961,72,41,194,81,-1,-1
2493,44b6_0b24845f,node,962,72,39,174,188,-1,-1
2494,44b6_0b24845f,node,963,72,39,174,68,-1,-1
2495,44b6_0b24845f,node,964,72,49,177,58,-1,-1
2496,44b6_0b24845f,node,965,73,15,177,174,-1,-1
2497,44b6_0b24845f,node,966,73,15,78,177,-1,-1
2498,44b6_0b24845f,node,967,73,17,201,78,-1,-1
2499,44b6_0b24845f,node,968,73,15,174,51,-1,-1
2500,44b6_0b24845f,node,969,73,17,60,81,-1,-1
2501,44b6_0b24845f,node,970,73,18,81,209,-1,-1
2502,44b6_0b24845f,node,971,73,15,46,47,-1,-1
2503,44b6_0b24845f,node,972,73,15,209,174,-1,-1
2504,44b6_0b24845f,node,973,73,15,201,196,-1,-1
2505,44b6_0b24845f,node,974,73,16,81,59,-1,-1
2506,44b6_0b24845f,node,976,73,50,81,188,-1,-1
2507,44b6_0b24845f,node,977,73,48,198,81,-1,-1
2508,44b6_0b24845f,node,978,73,39,59,81,-1,-1
2509,44b6_0b24845f,node,979,73,41,195,79,-1,-1
2510,44b6_0b24845f,node,980,73,49,174,206,-1,-1
2511,44b6_0b24845f,node,981,73,49,177,54,-1,-1
2512,44b6_0b24845f,node,982,73,38,69,174,-1,-1
2513,44b6_0b24845f,node,983,74,15,175,174,-1,-1
2514,44b6_0b24845f,node,984,74,14,79,177,-1,-1
2515,44b6_0b24845f,node,985,74,15,196,78,-1,-1
2516,44b6_0b24845f,node,986,74,17,65,81,-1,-1
2517,44b6_0b24845f,node,987,74,16,209,174,-1,-1
2518,44b6_0b24845f,node,988,74,17,83,209,-1,-1
2519,44b6_0b24845f,node,989,74,15,46,50,-1,-1
2520,44b6_0b24845f,node,990,74,15,196,190,-1,-1
2521,44b6_0b24845f,node,991,74,17,195,54,-1,-1
2522,44b6_0b24845f,node,992,74,17,81,68,-1,-1
2523,44b6_0b24845f,node,993,74,50,79,188,-1,-1
2524,44b6_0b24845f,node,994,74,49,195,79,-1,-1
2525,44b6_0b24845f,node,996,74,40,205,177,-1,-1
2526,44b6_0b24845f,node,997,74,41,187,81,-1,-1
2527,44b6_0b24845f,node,998,74,39,62,78,-1,-1
2528,44b6_0b24845f,node,999,74,48,177,58,-1,-1
2529,44b6_0b24845f,node,1000,74,48,174,204,-1,-1
2530,44b6_0b24845f,node,1001,75,14,174,174,-1,-1
2531,44b6_0b24845f,node,1002,75,15,195,78,-1,-1
2532,44b6_0b24845f,node,1003,75,15,81,78,-1,-1
2533,44b6_0b24845f,node,1004,75,15,81,69,-1,-1
2534,44b6_0b24845f,node,1005,75,17,207,174,-1,-1
2535,44b6_0b24845f,node,1006,75,15,74,177,-1,-1
2536,44b6_0b24845f,node,1007,75,15,82,209,-1,-1
2537,44b6_0b24845f,node,1008,75,17,54,50,-1,-1
2538,44b6_0b24845f,node,1009,75,16,196,196,-1,-1
2539,44b6_0b24845f,node,1010,75,49,71,177,-1,-1
2540,44b6_0b24845f,node,1011,75,39,204,177,-1,-1
2541,44b6_0b24845f,node,1012,75,40,188,80,-1,-1
2542,44b6_0b24845f,node,1013,75,48,193,78,-1,-1
2543,44b6_0b24845f,node,1014,75,48,177,52,-1,-1
2544,44b6_0b24845f,node,1015,75,39,62,81,-1,-1
2545,44b6_0b24845f,node,1016,75,50,78,187,-1,-1
2546,44b6_0b24845f,node,1017,76,15,79,67,-1,-1
2547,44b6_0b24845f,node,1018,76,16,206,174,-1,-1
2548,44b6_0b24845f,node,1019,76,15,192,78,-1,-1
2549,44b6_0b24845f,node,1020,76,15,188,174,-1,-1
2550,44b6_0b24845f,node,1021,76,14,81,209,-1,-1
2551,44b6_0b24845f,node,1022,76,15,50,51,-1,-1
2552,44b6_0b24845f,node,1023,76,16,196,202,-1,-1
2553,44b6_0b24845f,node,1024,76,15,69,186,-1,-1
2554,44b6_0b24845f,node,1025,76,17,191,54,-1,-1
2555,44b6_0b24845f,node,1026,76,49,69,177,-1,-1
2556,44b6_0b24845f,node,1028,76,47,70,78,-1,-1
2557,44b6_0b24845f,node,1029,76,47,192,81,-1,-1
2558,44b6_0b24845f,node,1030,76,39,201,175,-1,-1
2559,44b6_0b24845f,node,1031,76,40,189,81,-1,-1
2560,44b6_0b24845f,node,1033,77,15,194,78,-1,-1
2561,44b6_0b24845f,node,1034,77,15,81,68,-1,-1
2562,44b6_0b24845f,node,1035,77,15,177,188,-1,-1
2563,44b6_0b24845f,node,1036,77,17,78,81,-1,-1
2564,44b6_0b24845f,node,1037,77,18,69,174,-1,-1
2565,44b6_0b24845f,node,1038,77,13,69,209,-1,-1
2566,44b6_0b24845f,node,1039,77,15,46,51,-1,-1
2567,44b6_0b24845f,node,1040,77,17,192,58,-1,-1
2568,44b6_0b24845f,node,1041,77,18,58,46,-1,-1
2569,44b6_0b24845f,node,1042,77,15,188,196,-1,-1
2570,44b6_0b24845f,node,1043,77,15,67,186,-1,-1
2571,44b6_0b24845f,node,1044,77,39,175,81,-1,-1
2572,44b6_0b24845f,node,1045,77,15,204,174,-1,-1
2573,44b6_0b24845f,node,1047,77,48,68,177,-1,-1
2574,44b6_0b24845f,node,1048,77,48,69,81,-1,-1
2575,44b6_0b24845f,node,1049,77,39,199,174,-1,-1
2576,44b6_0b24845f,node,1050,77,47,188,81,-1,-1
2577,44b6_0b24845f,node,1051,77,48,81,202,-1,-1
2578,44b6_0b24845f,node,1053,78,18,77,81,-1,-1
2579,44b6_0b24845f,node,1054,78,15,175,189,-1,-1
2580,44b6_0b24845f,node,1055,78,18,73,174,-1,-1
2581,44b6_0b24845f,node,1056,78,14,71,209,-1,-1
2582,44b6_0b24845f,node,1057,78,17,192,58,-1,-1
2583,44b6_0b24845f,node,1058,78,15,46,52,-1,-1
2584,44b6_0b24845f,node,1059,78,17,59,46,-1,-1
2585,44b6_0b24845f,node,1060,78,39,174,81,-1,-1
2586,44b6_0b24845f,node,1061,78,48,62,174,-1,-1
2587,44b6_0b24845f,node,1062,78,49,69,81,-1,-1
2588,44b6_0b24845f,node,1063,78,47,78,196,-1,-1
2589,44b6_0b24845f,node,1064,78,47,188,81,-1,-1
2590,44b6_0b24845f,node,1065,78,38,63,177,-1,-1
2591,44b6_0b24845f,node,1066,78,47,163,195,-1,-1
2592,44b6_0b24845f,node,1068,79,18,162,204,-1,-1
2593,44b6_0b24845f,node,1069,79,15,71,78,-1,-1
2594,44b6_0b24845f,node,1070,79,17,69,174,-1,-1
2595,44b6_0b24845f,node,1071,79,15,174,194,-1,-1
2596,44b6_0b24845f,node,1073,79,17,59,46,-1,-1
2597,44b6_0b24845f,node,1074,79,17,188,54,-1,-1
2598,44b6_0b24845f,node,1075,79,16,81,199,-1,-1
2599,44b6_0b24845f,node,1077,79,39,174,81,-1,-1
2600,44b6_0b24845f,node,1078,79,48,69,81,-1,-1
2601,44b6_0b24845f,node,1079,79,47,60,174,-1,-1
2602,44b6_0b24845f,node,1080,79,47,71,196,-1,-1
2603,44b6_0b24845f,node,1081,79,47,187,78,-1,-1
2604,44b6_0b24845f,node,1082,79,47,164,195,-1,-1
2605,44b6_0b24845f,node,1083,79,38,59,177,-1,-1
2606,44b6_0b24845f,node,1084,80,18,165,205,-1,-1
2607,44b6_0b24845f,node,1085,80,17,69,174,-1,-1
2608,44b6_0b24845f,node,1086,80,15,71,78,-1,-1
2609,44b6_0b24845f,node,1087,80,16,188,54,-1,-1
2610,44b6_0b24845f,node,1088,80,15,51,52,-1,-1
2611,44b6_0b24845f,node,1089,80,18,76,209,-1,-1
2612,44b6_0b24845f,node,1090,80,39,174,81,-1,-1
2613,44b6_0b24845f,node,1091,80,49,175,174,-1,-1
2614,44b6_0b24845f,node,1092,80,47,56,174,-1,-1
2615,44b6_0b24845f,node,1094,80,47,68,81,-1,-1
2616,44b6_0b24845f,node,1095,80,47,186,78,-1,-1
2617,44b6_0b24845f,node,1096,80,41,81,57,-1,-1
2618,44b6_0b24845f,node,1097,80,38,59,177,-1,-1
2619,44b6_0b24845f,node,1098,80,46,70,196,-1,-1
2620,44b6_0b24845f,node,1099,81,18,165,206,-1,-1
2621,44b6_0b24845f,node,1100,81,15,69,174,-1,-1
2622,44b6_0b24845f,node,1101,81,17,195,174,-1,-1
2623,44b6_0b24845f,node,1102,81,17,177,50,-1,-1
2624,44b6_0b24845f,node,1104,81,14,51,61,-1,-1
2625,44b6_0b24845f,node,1105,81,15,76,208,-1,-1
2626,44b6_0b24845f,node,1106,81,16,209,58,-1,-1
2627,44b6_0b24845f,node,1107,81,49,175,174,-1,-1
2628,44b6_0b24845f,node,1108,81,39,174,81,-1,-1
2629,44b6_0b24845f,node,1109,81,49,69,174,-1,-1
2630,44b6_0b24845f,node,1110,81,44,61,195,-1,-1
2631,44b6_0b24845f,node,1111,81,40,77,81,-1,-1
2632,44b6_0b24845f,node,1113,81,39,177,208,-1,-1
2633,44b6_0b24845f,node,1115,81,41,81,57,-1,-1
2634,44b6_0b24845f,node,1116,82,14,68,177,-1,-1
2635,44b6_0b24845f,node,1117,82,17,193,174,-1,-1
2636,44b6_0b24845f,node,1118,82,17,177,50,-1,-1
2637,44b6_0b24845f,node,1119,82,15,166,209,-1,-1
2638,44b6_0b24845f,node,1121,82,14,52,67,-1,-1
2639,44b6_0b24845f,node,1122,82,14,73,209,-1,-1
2640,44b6_0b24845f,node,1123,82,48,175,174,-1,-1
2641,44b6_0b24845f,node,1124,82,16,209,67,-1,-1
2642,44b6_0b24845f,node,1125,82,40,177,81,-1,-1
2643,44b6_0b24845f,node,1126,82,17,81,49,-1,-1
2644,44b6_0b24845f,node,1127,82,48,68,174,-1,-1
2645,44b6_0b24845f,node,1128,82,42,164,196,-1,-1
2646,44b6_0b24845f,node,1129,82,41,68,81,-1,-1
2647,44b6_0b24845f,node,1130,83,16,188,174,-1,-1
2648,44b6_0b24845f,node,1131,83,17,177,46,-1,-1
2649,44b6_0b24845f,node,1132,83,15,67,177,-1,-1
2650,44b6_0b24845f,node,1133,83,14,59,67,-1,-1
2651,44b6_0b24845f,node,1134,83,15,75,51,-1,-1
2652,44b6_0b24845f,node,1135,83,15,209,67,-1,-1
2653,44b6_0b24845f,node,1136,83,48,174,175,-1,-1
2654,44b6_0b24845f,node,1137,83,41,177,81,-1,-1
2655,44b6_0b24845f,node,1138,83,18,66,208,-1,-1
2656,44b6_0b24845f,node,1139,83,42,161,196,-1,-1
2657,44b6_0b24845f,node,1140,83,47,68,174,-1,-1
2658,44b6_0b24845f,node,1141,83,15,165,209,-1,-1
2659,44b6_0b24845f,node,1142,83,39,65,81,-1,-1
2660,44b6_0b24845f,node,1144,83,39,177,60,-1,-1
2661,44b6_0b24845f,node,1145,83,50,51,80,-1,-1
2662,44b6_0b24845f,node,1146,84,17,188,177,-1,-1
2663,44b6_0b24845f,node,1147,84,16,177,50,-1,-1
2664,44b6_0b24845f,node,1148,84,15,68,177,-1,-1
2665,44b6_0b24845f,node,1149,84,14,63,78,-1,-1
2666,44b6_0b24845f,node,1150,84,15,209,78,-1,-1
2667,44b6_0b24845f,node,1151,84,18,63,209,-1,-1
2668,44b6_0b24845f,node,1152,84,17,51,180,-1,-1
2669,44b6_0b24845f,node,1153,84,15,209,67,-1,-1
2670,44b6_0b24845f,node,1154,84,48,174,177,-1,-1
2671,44b6_0b24845f,node,1155,84,41,177,81,-1,-1
2672,44b6_0b24845f,node,1156,84,42,160,198,-1,-1
2673,44b6_0b24845f,node,1157,84,39,62,80,-1,-1
2674,44b6_0b24845f,node,1158,84,39,177,62,-1,-1
2675,44b6_0b24845f,node,1159,84,47,63,177,-1,-1
2676,44b6_0b24845f,node,1160,84,48,62,81,-1,-1
2677,44b6_0b24845f,node,1161,84,39,62,174,-1,-1
2678,44b6_0b24845f,node,1162,85,17,177,177,-1,-1
2679,44b6_0b24845f,node,1163,85,14,61,78,-1,-1
2680,44b6_0b24845f,node,1164,85,15,177,50,-1,-1
2681,44b6_0b24845f,node,1165,85,15,67,177,-1,-1
2682,44b6_0b24845f,node,1166,85,14,67,187,-1,-1
2683,44b6_0b24845f,node,1167,85,17,59,208,-1,-1
2684,44b6_0b24845f,node,1168,85,15,81,60,-1,-1
2685,44b6_0b24845f,node,1169,85,15,198,59,-1,-1
2686,44b6_0b24845f,node,1170,85,47,174,177,-1,-1
2687,44b6_0b24845f,node,1171,85,41,177,81,-1,-1
2688,44b6_0b24845f,node,1172,85,17,188,81,-1,-1
2689,44b6_0b24845f,node,1173,85,39,58,80,-1,-1
2690,44b6_0b24845f,node,1174,85,39,177,61,-1,-1
2691,44b6_0b24845f,node,1175,85,41,59,174,-1,-1
2692,44b6_0b24845f,node,1176,85,39,174,190,-1,-1
2693,44b6_0b24845f,node,1177,86,18,177,177,-1,-1
2694,44b6_0b24845f,node,1178,86,15,61,78,-1,-1
2695,44b6_0b24845f,node,1179,86,15,177,49,-1,-1
2696,44b6_0b24845f,node,1180,86,15,67,174,-1,-1
2697,44b6_0b24845f,node,1181,86,17,188,81,-1,-1
2698,44b6_0b24845f,node,1182,86,18,59,208,-1,-1
2699,44b6_0b24845f,node,1183,86,14,65,188,-1,-1
2700,44b6_0b24845f,node,1184,86,15,195,59,-1,-1
2701,44b6_0b24845f,node,1185,86,15,203,186,-1,-1
2702,44b6_0b24845f,node,1187,86,47,174,177,-1,-1
2703,44b6_0b24845f,node,1188,86,15,81,61,-1,-1
2704,44b6_0b24845f,node,1189,86,40,177,81,-1,-1
2705,44b6_0b24845f,node,1191,86,39,58,80,-1,-1
2706,44b6_0b24845f,node,1192,86,39,177,61,-1,-1
2707,44b6_0b24845f,node,1194,86,39,174,188,-1,-1
2708,44b6_0b24845f,node,1195,86,42,59,174,-1,-1
2709,44b6_0b24845f,node,1196,87,17,177,174,-1,-1
2710,44b6_0b24845f,node,1197,87,15,60,80,-1,-1
2711,44b6_0b24845f,node,1198,87,17,187,177,-1,-1
2712,44b6_0b24845f,node,1199,87,15,177,49,-1,-1
2713,44b6_0b24845f,node,1200,87,15,67,174,-1,-1
2714,44b6_0b24845f,node,1201,87,17,187,81,-1,-1
2715,44b6_0b24845f,node,1202,87,18,58,208,-1,-1
2716,44b6_0b24845f,node,1203,87,14,60,193,-1,-1
2717,44b6_0b24845f,node,1204,87,15,205,187,-1,-1
2718,44b6_0b24845f,node,1205,87,47,177,177,-1,-1
2719,44b6_0b24845f,node,1206,87,39,177,61,-1,-1
2720,44b6_0b24845f,node,1207,87,40,60,81,-1,-1
2721,44b6_0b24845f,node,1208,87,40,195,78,-1,-1
2722,44b6_0b24845f,node,1209,87,49,177,64,-1,-1
2723,44b6_0b24845f,node,1210,87,47,60,177,-1,-1
2724,44b6_0b24845f,node,1211,87,39,174,187,-1,-1
2725,44b6_0b24845f,node,1212,88,15,67,174,-1,-1
2726,44b6_0b24845f,node,1213,88,15,176,46,-1,-1
2727,44b6_0b24845f,node,1214,88,15,187,81,-1,-1
2728,44b6_0b24845f,node,1215,88,16,186,177,-1,-1
2729,44b6_0b24845f,node,1216,88,14,79,46,-1,-1
2730,44b6_0b24845f,node,1217,88,14,59,81,-1,-1
2731,44b6_0b24845f,node,1218,88,15,195,208,-1,-1
2732,44b6_0b24845f,node,1219,88,14,61,193,-1,-1
2733,44b6_0b24845f,node,1220,88,17,58,205,-1,-1
2734,44b6_0b24845f,node,1221,88,17,194,50,-1,-1
2735,44b6_0b24845f,node,1222,88,46,177,177,-1,-1
2736,44b6_0b24845f,node,1224,88,47,55,177,-1,-1
2737,44b6_0b24845f,node,1225,88,39,189,81,-1,-1
2738,44b6_0b24845f,node,1226,88,49,177,62,-1,-1
2739,44b6_0b24845f,node,1227,88,41,81,81,-1,-1
2740,44b6_0b24845f,node,1229,88,48,202,178,-1,-1
2741,44b6_0b24845f,node,1230,89,16,177,174,-1,-1
2742,44b6_0b24845f,node,1231,89,15,67,174,-1,-1
2743,44b6_0b24845f,node,1232,89,18,81,81,-1,-1
2744,44b6_0b24845f,node,1233,89,15,81,49,-1,-1
2745,44b6_0b24845f,node,1234,89,15,187,81,-1,-1
2746,44b6_0b24845f,node,1235,89,15,177,50,-1,-1
2747,44b6_0b24845f,node,1236,89,16,193,47,-1,-1
2748,44b6_0b24845f,node,1237,89,15,192,205,-1,-1
2749,44b6_0b24845f,node,1238,89,15,58,197,-1,-1
2750,44b6_0b24845f,node,1239,89,14,59,81,-1,-1
2751,44b6_0b24845f,node,1240,89,39,189,81,-1,-1
2752,44b6_0b24845f,node,1241,89,47,51,177,-1,-1
2753,44b6_0b24845f,node,1242,89,48,177,61,-1,-1
2754,44b6_0b24845f,node,1243,89,47,204,179,-1,-1
2755,44b6_0b24845f,node,1245,90,17,81,81,-1,-1
2756,44b6_0b24845f,node,1246,90,15,62,174,-1,-1
2757,44b6_0b24845f,node,1247,90,15,177,174,-1,-1
2758,44b6_0b24845f,node,1248,90,14,81,49,-1,-1
2759,44b6_0b24845f,node,1249,90,15,187,81,-1,-1
2760,44b6_0b24845f,node,1250,90,15,175,50,-1,-1
2761,44b6_0b24845f,node,1251,90,15,209,174,-1,-1
2762,44b6_0b24845f,node,1252,90,15,194,46,-1,-1
2763,44b6_0b24845f,node,1253,90,15,58,81,-1,-1
2764,44b6_0b24845f,node,1254,90,15,205,204,-1,-1
2765,44b6_0b24845f,node,1256,90,15,81,205,-1,-1
2766,44b6_0b24845f,node,1257,90,16,209,76,-1,-1
2767,44b6_0b24845f,node,1258,90,17,51,203,-1,-1
2768,44b6_0b24845f,node,1259,90,38,186,81,-1,-1
2769,44b6_0b24845f,node,1260,90,48,177,59,-1,-1
2770,44b6_0b24845f,node,1261,90,40,76,81,-1,-1
2771,44b6_0b24845f,node,1262,90,46,50,177,-1,-1
2772,44b6_0b24845f,node,1264,91,15,62,174,-1,-1
2773,44b6_0b24845f,node,1265,91,16,174,174,-1,-1
2774,44b6_0b24845f,node,1266,91,16,78,81,-1,-1
2775,44b6_0b24845f,node,1267,91,14,81,51,-1,-1
2776,44b6_0b24845f,node,1268,91,15,174,49,-1,-1
2777,44b6_0b24845f,node,1269,91,15,54,81,-1,-1
2778,44b6_0b24845f,node,1270,91,15,183,78,-1,-1
2779,44b6_0b24845f,node,1271,91,15,81,202,-1,-1
2780,44b6_0b24845f,node,1272,91,15,209,174,-1,-1
2781,44b6_0b24845f,node,1273,91,16,203,209,-1,-1
2782,44b6_0b24845f,node,1274,91,15,209,76,-1,-1
2783,44b6_0b24845f,node,1275,91,18,10,45,-1,-1
2784,44b6_0b24845f,node,1276,91,39,174,81,-1,-1
2785,44b6_0b24845f,node,1277,91,17,50,53,-1,-1
2786,44b6_0b24845f,node,1278,91,39,76,177,-1,-1
2787,44b6_0b24845f,node,1279,91,40,75,81,-1,-1
2788,44b6_0b24845f,node,1280,91,38,186,81,-1,-1
2789,44b6_0b24845f,node,1281,91,48,177,65,-1,-1
2790,44b6_0b24845f,node,1282,91,41,196,174,-1,-1
2791,44b6_0b24845f,node,1283,91,47,177,185,-1,-1
2792,44b6_0b24845f,node,1284,92,15,62,174,-1,-1
2793,44b6_0b24845f,node,1285,92,16,80,81,-1,-1
2794,44b6_0b24845f,node,1286,92,15,174,46,-1,-1
2795,44b6_0b24845f,node,1287,92,15,81,204,-1,-1
2796,44b6_0b24845f,node,1288,92,15,209,174,-1,-1
2797,44b6_0b24845f,node,1289,92,16,180,78,-1,-1
2798,44b6_0b24845f,node,1290,92,14,81,51,-1,-1
2799,44b6_0b24845f,node,1291,92,16,51,81,-1,-1
2800,44b6_0b24845f,node,1292,92,15,202,209,-1,-1
2801,44b6_0b24845f,node,1293,92,15,209,58,-1,-1
2802,44b6_0b24845f,node,1294,92,15,174,174,-1,-1
2803,44b6_0b24845f,node,1295,92,17,163,174,-1,-1
2804,44b6_0b24845f,node,1296,92,39,177,81,-1,-1
2805,44b6_0b24845f,node,1297,92,17,50,51,-1,-1
2806,44b6_0b24845f,node,1298,92,15,209,76,-1,-1
2807,44b6_0b24845f,node,1299,92,40,75,81,-1,-1
2808,44b6_0b24845f,node,1300,92,49,176,205,-1,-1
2809,44b6_0b24845f,node,1301,92,17,11,47,-1,-1
2810,44b6_0b24845f,node,1302,92,47,177,67,-1,-1
2811,44b6_0b24845f,node,1303,92,41,198,174,-1,-1
2812,44b6_0b24845f,node,1304,92,41,62,174,-1,-1
2813,44b6_0b24845f,node,1305,93,15,78,81,-1,-1
2814,44b6_0b24845f,node,1306,93,15,61,174,-1,-1
2815,44b6_0b24845f,node,1307,93,17,49,81,-1,-1
2816,44b6_0b24845f,node,1308,93,15,205,53,-1,-1
2817,44b6_0b24845f,node,1309,93,15,203,209,-1,-1
2818,44b6_0b24845f,node,1310,93,17,50,58,-1,-1
2819,44b6_0b24845f,node,1312,93,15,81,204,-1,-1
2820,44b6_0b24845f,node,1313,93,39,177,81,-1,-1
2821,44b6_0b24845f,node,1314,93,14,187,46,-1,-1
2822,44b6_0b24845f,node,1315,93,16,164,174,-1,-1
2823,44b6_0b24845f,node,1316,93,49,174,174,-1,-1
2824,44b6_0b24845f,node,1317,93,47,174,201,-1,-1
2825,44b6_0b24845f,node,1318,93,48,177,61,-1,-1
2826,44b6_0b24845f,node,1319,93,39,73,81,-1,-1
2827,44b6_0b24845f,node,1320,93,41,198,176,-1,-1
2828,44b6_0b24845f,node,1321,93,16,7,53,-1,-1
2829,44b6_0b24845f,node,1322,93,41,59,174,-1,-1
2830,44b6_0b24845f,node,1323,94,15,62,177,-1,-1
2831,44b6_0b24845f,node,1324,94,15,209,177,-1,-1
2832,44b6_0b24845f,node,1325,94,17,51,67,-1,-1
2833,44b6_0b24845f,node,1326,94,15,202,54,-1,-1
2834,44b6_0b24845f,node,1327,94,15,204,209,-1,-1
2835,44b6_0b24845f,node,1328,94,15,81,209,-1,-1
2836,44b6_0b24845f,node,1329,94,38,177,81,-1,-1
2837,44b6_0b24845f,node,1330,94,50,177,175,-1,-1
2838,44b6_0b24845f,node,1331,94,16,163,177,-1,-1
2839,44b6_0b24845f,node,1332,94,38,73,78,-1,-1
2840,44b6_0b24845f,node,1333,94,47,80,51,-1,-1
2841,44b6_0b24845f,node,1334,94,41,59,174,-1,-1
2842,44b6_0b24845f,node,1335,94,49,177,66,-1,-1
2843,44b6_0b24845f,node,1336,94,47,58,177,-1,-1
2844,44b6_0b24845f,node,1337,94,40,195,177,-1,-1
2845,44b6_0b24845f,node,1338,95,15,190,174,-1,-1
2846,44b6_0b24845f,node,1339,95,14,61,174,-1,-1
2847,44b6_0b24845f,node,1340,95,15,201,54,-1,-1
2848,44b6_0b24845f,node,1341,95,16,65,188,-1,-1
2849,44b6_0b24845f,node,1342,95,17,50,66,-1,-1
2850,44b6_0b24845f,node,1344,95,39,174,81,-1,-1
2851,44b6_0b24845f,node,1345,95,38,80,78,-1,-1
2852,44b6_0b24845f,node,1346,95,50,177,177,-1,-1
2853,44b6_0b24845f,node,1347,95,17,66,209,-1,-1
2854,44b6_0b24845f,node,1349,95,16,69,46,-1,-1
2855,44b6_0b24845f,node,1350,95,48,79,51,-1,-1
2856,44b6_0b24845f,node,1351,95,50,196,78,-1,-1
2857,44b6_0b24845f,node,1352,95,47,51,177,-1,-1
2858,44b6_0b24845f,node,1354,95,17,195,209,-1,-1
2859,44b6_0b24845f,node,1355,96,14,190,174,-1,-1
2860,44b6_0b24845f,node,1357,96,15,209,81,-1,-1
2861,44b6_0b24845f,node,1358,96,14,205,53,-1,-1
2862,44b6_0b24845f,node,1359,96,16,65,190,-1,-1
2863,44b6_0b24845f,node,1360,96,16,73,46,-1,-1
2864,44b6_0b24845f,node,1361,96,17,182,209,-1,-1
2865,44b6_0b24845f,node,1362,96,38,81,80,-1,-1
2866,44b6_0b24845f,node,1364,96,16,51,61,-1,-1
2867,44b6_0b24845f,node,1365,96,50,177,175,-1,-1
2868,44b6_0b24845f,node,1366,96,39,177,74,-1,-1
2869,44b6_0b24845f,node,1367,96,49,78,54,-1,-1
2870,44b6_0b24845f,node,1368,96,46,51,177,-1,-1
2871,44b6_0b24845f,node,1370,96,49,196,81,-1,-1
2872,44b6_0b24845f,node,1371,96,41,59,174,-1,-1
2873,44b6_0b24845f,node,1372,97,14,187,174,-1,-1
2874,44b6_0b24845f,node,1374,97,16,81,61,-1,-1
2875,44b6_0b24845f,node,1375,97,15,209,81,-1,-1
2876,44b6_0b24845f,node,1376,97,15,58,196,-1,-1
2877,44b6_0b24845f,node,1377,97,17,81,202,-1,-1
2878,44b6_0b24845f,node,1379,97,38,81,81,-1,-1
2879,44b6_0b24845f,node,1380,97,16,67,46,-1,-1
2880,44b6_0b24845f,node,1381,97,17,182,209,-1,-1
2881,44b6_0b24845f,node,1382,97,13,194,50,-1,-1
2882,44b6_0b24845f,node,1383,97,39,177,71,-1,-1
2883,44b6_0b24845f,node,1384,97,49,174,177,-1,-1
2884,44b6_0b24845f,node,1386,97,49,189,81,-1,-1
2885,44b6_0b24845f,node,1387,97,41,58,177,-1,-1
2886,44b6_0b24845f,node,1388,97,49,81,62,-1,-1
2887,44b6_0b24845f,node,1389,98,14,188,174,-1,-1
2888,44b6_0b24845f,node,1390,98,15,81,53,-1,-1
2889,44b6_0b24845f,node,1391,98,15,209,81,-1,-1
2890,44b6_0b24845f,node,1392,98,17,58,197,-1,-1
2891,44b6_0b24845f,node,1393,98,16,81,209,-1,-1
2892,44b6_0b24845f,node,1394,98,17,182,209,-1,-1
2893,44b6_0b24845f,node,1395,98,41,167,177,-1,-1
2894,44b6_0b24845f,node,1396,98,39,177,78,-1,-1
2895,44b6_0b24845f,node,1397,98,49,174,177,-1,-1
2896,44b6_0b24845f,node,1398,98,14,194,46,-1,-1
2897,44b6_0b24845f,node,1399,98,40,58,177,-1,-1
2898,44b6_0b24845f,node,1400,99,16,78,46,-1,-1
2899,44b6_0b24845f,node,1401,99,14,188,174,-1,-1
2900,44b6_0b24845f,node,1402,99,14,205,81,-1,-1
2901,44b6_0b24845f,node,1403,99,17,57,197,-1,-1
2902,44b6_0b24845f,node,1404,99,16,190,50,-1,-1
2903,44b6_0b24845f,node,1405,99,16,78,209,-1,-1
2904,44b6_0b24845f,node,1406,99,17,182,209,-1,-1
2905,44b6_0b24845f,node,1409,99,42,160,177,-1,-1
2906,44b6_0b24845f,node,1410,99,39,177,78,-1,-1
2907,44b6_0b24845f,node,1411,99,50,174,177,-1,-1
2908,44b6_0b24845f,node,1412,99,39,59,177,-1,-1
2909,6bba_05b6850b,node,1,0,11,82,95,-1,-1
2910,6bba_05b6850b,node,2,0,17,71,48,-1,-1
2911,6bba_05b6850b,node,4,0,11,188,245,-1,-1
2912,6bba_05b6850b,node,5,0,12,22,42,-1,-1
2913,6bba_05b6850b,node,6,0,60,2,115,-1,-1
2914,6bba_05b6850b,node,7,0,16,196,202,-1,-1
2915,6bba_05b6850b,node,8,0,14,178,174,-1,-1
2916,6bba_05b6850b,node,9,0,51,49,76,-1,-1
2917,6bba_05b6850b,node,10,1,11,19,31,-1,-1
2918,6bba_05b6850b,node,11,1,9,84,95,-1,-1
2919,6bba_05b6850b,node,12,1,16,69,46,-1,-1
2920,6bba_05b6850b,node,13,1,9,187,245,-1,-1
2921,6bba_05b6850b,node,14,1,60,2,114,-1,-1
2922,6bba_05b6850b,node,15,1,15,176,177,-1,-1
2923,6bba_05b6850b,node,16,1,14,196,198,-1,-1
2924,6bba_05b6850b,node,17,1,51,49,74,-1,-1
2925,6bba_05b6850b,node,18,2,7,190,246,-1,-1
2926,6bba_05b6850b,node,19,2,60,3,116,-1,-1
2927,6bba_05b6850b,node,20,2,15,175,174,-1,-1
2928,6bba_05b6850b,node,21,2,9,89,100,-1,-1
2929,6bba_05b6850b,node,22,2,51,48,72,-1,-1
2930,6bba_05b6850b,node,23,3,60,4,116,-1,-1
2931,6bba_05b6850b,node,24,3,7,190,246,-1,-1
2932,6bba_05b6850b,node,25,3,12,29,46,-1,-1
2933,6bba_05b6850b,node,26,3,15,174,174,-1,-1
2934,6bba_05b6850b,node,27,3,9,93,104,-1,-1
2935,6bba_05b6850b,node,28,3,51,50,74,-1,-1
2936,6bba_05b6850b,node,29,4,59,6,117,-1,-1
2937,6bba_05b6850b,node,30,4,51,54,78,-1,-1
2938,6bba_05b6850b,node,31,4,11,29,48,-1,-1
2939,6bba_05b6850b,node,32,5,59,6,117,-1,-1
2940,6bba_05b6850b,node,33,5,51,54,78,-1,-1
2941,6bba_05b6850b,node,34,5,11,29,48,-1,-1
2942,6bba_05b6850b,node,35,6,59,3,115,-1,-1
2943,6bba_05b6850b,node,36,6,6,191,246,-1,-1
2944,6bba_05b6850b,node,37,6,50,55,80,-1,-1
2945,6bba_05b6850b,node,38,7,5,194,246,-1,-1
2946,6bba_05b6850b,node,39,7,5,196,246,-1,-1
2947,6bba_05b6850b,node,40,7,5,197,246,-1,-1
2948,6bba_05b6850b,node,41,7,59,3,113,-1,-1
2949,6bba_05b6850b,node,42,7,50,56,79,-1,-1
2950,6bba_05b6850b,node,43,8,5,198,246,-1,-1
2951,6bba_05b6850b,node,44,8,5,198,245,-1,-1
2952,6bba_05b6850b,node,45,8,59,5,113,-1,-1
2953,6bba_05b6850b,node,46,8,50,53,83,-1,-1
2954,6bba_05b6850b,node,48,9,2,198,241,-1,-1
2955,6bba_05b6850b,node,49,9,55,7,109,-1,-1
2956,6bba_05b6850b,node,51,9,48,54,81,-1,-1
2957,6bba_05b6850b,node,52,10,58,8,106,-1,-1
2958,6bba_05b6850b,node,53,10,3,195,239,-1,-1
2959,6bba_05b6850b,node,54,10,16,202,209,-1,-1
2960,6bba_05b6850b,node,55,10,50,52,79,-1,-1
2961,6bba_05b6850b,node,56,11,57,4,103,-1,-1
2962,6bba_05b6850b,node,57,11,3,199,242,-1,-1
2963,6bba_05b6850b,node,58,11,15,203,209,-1,-1
2964,6bba_05b6850b,node,59,11,46,24,39,-1,-1
2965,6bba_05b6850b,node,60,11,50,53,78,-1,-1
2966,6bba_05b6850b,node,61,12,3,199,238,-1,-1
2967,6bba_05b6850b,node,62,12,3,199,239,-1,-1
2968,6bba_05b6850b,node,63,12,3,198,238,-1,-1
2969,6bba_05b6850b,node,64,12,3,198,239,-1,-1
2970,6bba_05b6850b,node,65,12,58,11,108,-1,-1
2971,6bba_05b6850b,node,66,12,46,22,38,-1,-1
2972,6bba_05b6850b,node,67,12,15,202,209,-1,-1
2973,6bba_05b6850b,node,68,12,49,51,71,-1,-1
2974,6bba_05b6850b,node,69,13,3,199,238,-1,-1
2975,6bba_05b6850b,node,70,13,3,199,239,-1,-1
2976,6bba_05b6850b,node,71,13,3,198,238,-1,-1
2977,6bba_05b6850b,node,72,13,3,198,239,-1,-1
2978,6bba_05b6850b,node,73,13,58,11,108,-1,-1
2979,6bba_05b6850b,node,74,13,46,22,38,-1,-1
2980,6bba_05b6850b,node,75,13,15,202,209,-1,-1
2981,6bba_05b6850b,node,76,13,49,51,71,-1,-1
2982,6bba_05b6850b,node,77,14,56,6,95,-1,-1
2983,6bba_05b6850b,node,78,14,3,199,236,-1,-1
2984,6bba_05b6850b,node,79,14,47,20,36,-1,-1
2985,6bba_05b6850b,node,80,14,15,202,208,-1,-1
2986,6bba_05b6850b,node,81,15,57,5,95,-1,-1
2987,6bba_05b6850b,node,82,15,46,17,35,-1,-1
2988,6bba_05b6850b,node,83,15,3,200,235,-1,-1
2989,6bba_05b6850b,node,84,15,15,200,205,-1,-1
2990,6bba_05b6850b,node,85,16,57,11,95,-1,-1
2991,6bba_05b6850b,node,86,16,47,18,31,-1,-1
2992,6bba_05b6850b,node,87,16,4,203,232,-1,-1
2993,6bba_05b6850b,node,88,16,15,204,203,-1,-1
2994,6bba_05b6850b,node,89,16,29,143,184,-1,-1
2995,6bba_05b6850b,node,90,17,57,13,95,-1,-1
2996,6bba_05b6850b,node,91,17,3,201,227,-1,-1
2997,6bba_05b6850b,node,92,17,15,200,196,-1,-1
2998,6bba_05b6850b,node,93,17,27,145,184,-1,-1
2999,6bba_05b6850b,node,94,18,57,13,95,-1,-1
3000,6bba_05b6850b,node,95,18,2,201,227,-1,-1
3001,6bba_05b6850b,node,96,18,47,17,31,-1,-1
3002,6bba_05b6850b,node,97,18,15,200,196,-1,-1
3003,6bba_05b6850b,node,98,18,27,143,176,-1,-1
3004,6bba_05b6850b,node,99,19,57,13,95,-1,-1
3005,6bba_05b6850b,node,100,19,2,204,226,-1,-1
3006,6bba_05b6850b,node,101,19,15,200,193,-1,-1
3007,6bba_05b6850b,node,102,19,48,17,30,-1,-1
3008,6bba_05b6850b,node,103,19,27,144,173,-1,-1
3009,6bba_05b6850b,node,104,20,57,11,95,-1,-1
3010,6bba_05b6850b,node,105,20,2,201,227,-1,-1
3011,6bba_05b6850b,node,106,20,15,200,193,-1,-1
3012,6bba_05b6850b,node,108,20,26,144,174,-1,-1
3013,6bba_05b6850b,node,109,21,57,8,95,-1,-1
3014,6bba_05b6850b,node,110,21,2,201,225,-1,-1
3015,6bba_05b6850b,node,111,21,16,200,193,-1,-1
3016,6bba_05b6850b,node,112,22,56,8,94,-1,-1
3017,6bba_05b6850b,node,113,22,2,201,224,-1,-1
3018,6bba_05b6850b,node,114,22,16,207,208,-1,-1
3019,6bba_05b6850b,node,115,22,16,197,193,-1,-1
3020,6bba_05b6850b,node,116,22,42,81,88,-1,-1
3021,6bba_05b6850b,node,117,23,2,200,224,-1,-1
3022,6bba_05b6850b,node,118,23,56,8,94,-1,-1
3023,6bba_05b6850b,node,119,23,16,205,206,-1,-1
3024,6bba_05b6850b,node,120,23,17,196,188,-1,-1
3025,6bba_05b6850b,node,121,23,42,79,88,-1,-1
3026,6bba_05b6850b,node,122,23,28,137,169,-1,-1
3027,6bba_05b6850b,node,123,24,57,10,95,-1,-1
3028,6bba_05b6850b,node,124,24,2,199,216,-1,-1
3029,6bba_05b6850b,node,125,24,17,188,177,-1,-1
3030,6bba_05b6850b,node,126,24,16,206,202,-1,-1
3031,6bba_05b6850b,node,127,24,42,82,81,-1,-1
3032,6bba_05b6850b,node,128,24,47,1,20,-1,-1
3033,6bba_05b6850b,node,129,24,28,133,163,-1,-1
3034,6bba_05b6850b,node,130,25,2,200,224,-1,-1
3035,6bba_05b6850b,node,131,25,17,188,178,-1,-1
3036,6bba_05b6850b,node,132,25,58,9,95,-1,-1
3037,6bba_05b6850b,node,133,25,16,203,202,-1,-1
3038,6bba_05b6850b,node,134,25,43,78,81,-1,-1
3039,6bba_05b6850b,node,135,25,47,1,21,-1,-1
3040,6bba_05b6850b,node,136,26,2,201,224,-1,-1
3041,6bba_05b6850b,node,137,26,18,188,178,-1,-1
3042,6bba_05b6850b,node,138,26,17,204,202,-1,-1
3043,6bba_05b6850b,node,139,26,43,78,81,-1,-1
3044,6bba_05b6850b,node,140,26,29,132,160,-1,-1
3045,6bba_05b6850b,node,141,27,2,200,224,-1,-1
3046,6bba_05b6850b,node,142,27,18,188,178,-1,-1
3047,6bba_05b6850b,node,143,27,17,202,195,-1,-1
3048,6bba_05b6850b,node,144,27,42,78,80,-1,-1
3049,6bba_05b6850b,node,145,27,28,131,160,-1,-1
3050,6bba_05b6850b,node,146,28,2,200,224,-1,-1
3051,6bba_05b6850b,node,147,28,18,188,178,-1,-1
3052,6bba_05b6850b,node,148,28,17,202,195,-1,-1
3053,6bba_05b6850b,node,149,28,42,78,80,-1,-1
3054,6bba_05b6850b,node,150,28,28,131,160,-1,-1
3055,6bba_05b6850b,node,151,29,18,177,174,-1,-1
3056,6bba_05b6850b,node,152,29,18,196,188,-1,-1
3057,6bba_05b6850b,node,153,29,57,2,90,-1,-1
3058,6bba_05b6850b,node,154,29,42,76,78,-1,-1
3059,6bba_05b6850b,node,155,30,18,196,189,-1,-1
3060,6bba_05b6850b,node,156,30,57,2,89,-1,-1
3061,6bba_05b6850b,node,157,30,41,78,78,-1,-1
3062,6bba_05b6850b,node,159,31,18,196,188,-1,-1
3063,6bba_05b6850b,node,160,31,57,2,87,-1,-1
3064,6bba_05b6850b,node,162,31,42,70,78,-1,-1
3065,6bba_05b6850b,node,163,32,57,3,87,-1,-1
3066,6bba_05b6850b,node,164,32,18,196,189,-1,-1
3067,6bba_05b6850b,node,165,32,42,68,78,-1,-1
3068,6bba_05b6850b,node,166,33,15,209,209,-1,-1
3069,6bba_05b6850b,node,167,33,18,196,187,-1,-1
3070,6bba_05b6850b,node,168,33,56,3,85,-1,-1
3071,6bba_05b6850b,node,169,33,42,67,78,-1,-1
3072,6bba_05b6850b,node,170,34,56,5,85,-1,-1
3073,6bba_05b6850b,node,171,34,15,209,209,-1,-1
3074,6bba_05b6850b,node,172,34,18,196,187,-1,-1
3075,6bba_05b6850b,node,173,34,46,2,19,-1,-1
3076,6bba_05b6850b,node,174,34,42,67,78,-1,-1
3077,6bba_05b6850b,node,175,35,56,2,83,-1,-1
3078,6bba_05b6850b,node,176,35,14,209,208,-1,-1
3079,6bba_05b6850b,node,177,35,18,196,187,-1,-1
3080,6bba_05b6850b,node,178,35,47,1,18,-1,-1
3081,6bba_05b6850b,node,179,36,57,4,85,-1,-1
3082,6bba_05b6850b,node,180,36,15,208,207,-1,-1
3083,6bba_05b6850b,node,181,37,58,2,87,-1,-1
3084,6bba_05b6850b,node,182,37,14,208,206,-1,-1
3085,6bba_05b6850b,node,183,38,18,177,174,-1,-1
3086,6bba_05b6850b,node,184,38,56,2,82,-1,-1
3087,6bba_05b6850b,node,185,39,57,2,84,-1,-1
3088,6bba_05b6850b,node,186,39,18,177,174,-1,-1
3089,6bba_05b6850b,node,187,40,18,177,174,-1,-1
3090,6bba_05b6850b,node,188,40,57,2,86,-1,-1
3091,6bba_05b6850b,node,189,41,58,2,85,-1,-1
3092,6bba_05b6850b,node,190,41,18,177,174,-1,-1
3093,6bba_05b6850b,node,191,42,58,7,86,-1,-1
3094,6bba_05b6850b,node,192,42,18,184,170,-1,-1
3095,6bba_05b6850b,node,193,42,50,66,81,-1,-1
3096,6bba_05b6850b,node,194,43,58,7,86,-1,-1
3097,6bba_05b6850b,node,195,43,18,184,170,-1,-1
3098,6bba_05b6850b,node,196,43,50,66,81,-1,-1
3099,6bba_05b6850b,node,197,44,59,6,86,-1,-1
3100,6bba_05b6850b,node,198,44,17,177,167,-1,-1
3101,6bba_05b6850b,node,199,44,13,239,253,-1,-1
3102,6bba_05b6850b,node,200,44,50,67,81,-1,-1
3103,6bba_05b6850b,node,201,44,41,59,57,-1,-1
3104,6bba_05b6850b,node,202,45,61,6,86,-1,-1
3105,6bba_05b6850b,node,203,45,17,177,167,-1,-1
3106,6bba_05b6850b,node,205,45,13,240,253,-1,-1
3107,6bba_05b6850b,node,206,45,41,59,57,-1,-1
3108,6bba_05b6850b,node,207,45,51,63,80,-1,-1
3109,6bba_05b6850b,node,208,46,60,3,85,-1,-1
3110,6bba_05b6850b,node,209,46,16,177,161,-1,-1
3111,6bba_05b6850b,node,210,46,0,192,194,-1,-1
3112,6bba_05b6850b,node,211,46,13,237,248,-1,-1
3113,6bba_05b6850b,node,212,46,51,60,78,-1,-1
3114,6bba_05b6850b,node,213,47,60,3,81,-1,-1
3115,6bba_05b6850b,node,214,47,15,177,160,-1,-1
3116,6bba_05b6850b,node,215,47,0,191,190,-1,-1
3117,6bba_05b6850b,node,216,47,50,58,71,-1,-1
3118,6bba_05b6850b,node,217,48,61,4,80,-1,-1
3119,6bba_05b6850b,node,218,48,14,181,162,-1,-1
3120,6bba_05b6850b,node,219,48,0,192,190,-1,-1
3121,6bba_05b6850b,node,221,48,35,171,213,-1,-1
3122,6bba_05b6850b,node,222,49,60,3,77,-1,-1
3123,6bba_05b6850b,node,223,49,0,193,189,-1,-1
3124,6bba_05b6850b,node,224,49,56,131,200,-1,-1
3125,6bba_05b6850b,node,225,49,35,174,211,-1,-1
3126,6bba_05b6850b,node,228,49,14,182,161,-1,-1
3127,6bba_05b6850b,node,229,49,47,173,204,-1,-1
3128,6bba_05b6850b,node,230,50,60,3,73,-1,-1
3129,6bba_05b6850b,node,231,50,56,134,198,-1,-1
3130,6bba_05b6850b,node,232,50,34,176,210,-1,-1
3131,6bba_05b6850b,node,233,50,48,174,198,-1,-1
3132,6bba_05b6850b,node,234,51,61,4,72,-1,-1
3133,6bba_05b6850b,node,235,51,56,134,198,-1,-1
3134,6bba_05b6850b,node,236,51,34,178,210,-1,-1
3135,6bba_05b6850b,node,237,51,48,174,197,-1,-1
3136,6bba_05b6850b,node,238,52,61,4,73,-1,-1
3137,6bba_05b6850b,node,239,52,56,135,198,-1,-1
3138,6bba_05b6850b,node,240,52,34,179,210,-1,-1
3139,6bba_05b6850b,node,241,52,49,177,197,-1,-1
3140,6bba_05b6850b,node,242,53,61,4,73,-1,-1
3141,6bba_05b6850b,node,243,53,56,135,198,-1,-1
3142,6bba_05b6850b,node,244,53,34,179,210,-1,-1
3143,6bba_05b6850b,node,245,53,49,177,197,-1,-1
3144,6bba_05b6850b,node,246,54,62,4,65,-1,-1
3145,6bba_05b6850b,node,247,54,17,206,177,-1,-1
3146,6bba_05b6850b,node,248,54,34,182,201,-1,-1
3147,6bba_05b6850b,node,249,54,58,142,192,-1,-1
3148,6bba_05b6850b,node,252,55,33,181,201,-1,-1
3149,6bba_05b6850b,node,253,55,18,205,177,-1,-1
3150,6bba_05b6850b,node,254,55,61,4,60,-1,-1
3151,6bba_05b6850b,node,255,55,58,141,190,-1,-1
3152,6bba_05b6850b,node,256,55,62,188,251,-1,-1
3153,6bba_05b6850b,node,257,55,47,69,55,-1,-1
3154,6bba_05b6850b,node,259,56,18,204,177,-1,-1
3155,6bba_05b6850b,node,260,56,61,4,60,-1,-1
3156,6bba_05b6850b,node,261,56,33,185,202,-1,-1
3157,6bba_05b6850b,node,263,56,58,139,188,-1,-1
3158,6bba_05b6850b,node,264,56,62,188,251,-1,-1
3159,6bba_05b6850b,node,265,56,47,70,57,-1,-1
3160,6bba_05b6850b,node,266,57,34,185,198,-1,-1
3161,6bba_05b6850b,node,267,57,18,204,175,-1,-1
3162,6bba_05b6850b,node,268,57,61,6,59,-1,-1
3163,6bba_05b6850b,node,269,57,57,187,254,-1,-1
3164,6bba_05b6850b,node,270,57,57,141,185,-1,-1
3165,6bba_05b6850b,node,271,57,62,188,250,-1,-1
3166,6bba_05b6850b,node,272,57,38,51,30,-1,-1
3167,6bba_05b6850b,node,273,57,47,67,58,-1,-1
3168,6bba_05b6850b,node,274,58,34,185,198,-1,-1
3169,6bba_05b6850b,node,275,58,18,204,175,-1,-1
3170,6bba_05b6850b,node,276,58,61,6,59,-1,-1
3171,6bba_05b6850b,node,277,58,57,187,254,-1,-1
3172,6bba_05b6850b,node,278,58,57,141,185,-1,-1
3173,6bba_05b6850b,node,279,58,62,188,250,-1,-1
3174,6bba_05b6850b,node,280,58,38,51,30,-1,-1
3175,6bba_05b6850b,node,281,58,47,67,58,-1,-1
3176,6bba_05b6850b,node,282,59,38,50,27,-1,-1
3177,6bba_05b6850b,node,283,59,61,4,58,-1,-1
3178,6bba_05b6850b,node,284,59,18,201,175,-1,-1
3179,6bba_05b6850b,node,285,59,33,187,200,-1,-1
3180,6bba_05b6850b,node,286,59,57,188,254,-1,-1
3181,6bba_05b6850b,node,287,59,58,143,190,-1,-1
3182,6bba_05b6850b,node,288,59,16,209,202,-1,-1
3183,6bba_05b6850b,node,289,59,62,188,250,-1,-1
3184,6bba_05b6850b,node,290,59,49,81,74,-1,-1
3185,6bba_05b6850b,node,291,60,38,50,27,-1,-1
3186,6bba_05b6850b,node,292,60,61,4,58,-1,-1
3187,6bba_05b6850b,node,293,60,18,201,175,-1,-1
3188,6bba_05b6850b,node,294,60,33,187,200,-1,-1
3189,6bba_05b6850b,node,295,60,57,188,254,-1,-1
3190,6bba_05b6850b,node,296,60,58,143,190,-1,-1
3191,6bba_05b6850b,node,297,60,16,209,202,-1,-1
3192,6bba_05b6850b,node,298,60,62,188,250,-1,-1
3193,6bba_05b6850b,node,299,60,49,81,74,-1,-1
3194,6bba_05b6850b,node,300,61,59,193,250,-1,-1
3195,6bba_05b6850b,node,301,61,34,192,193,-1,-1
3196,6bba_05b6850b,node,302,61,61,9,50,-1,-1
3197,6bba_05b6850b,node,303,61,59,143,178,-1,-1
3198,6bba_05b6850b,node,304,61,41,190,177,-1,-1
3199,6bba_05b6850b,node,305,62,59,195,252,-1,-1
3200,6bba_05b6850b,node,306,62,34,192,196,-1,-1
3201,6bba_05b6850b,node,307,62,58,160,186,-1,-1
3202,6bba_05b6850b,node,308,62,61,11,50,-1,-1
3203,6bba_05b6850b,node,309,62,42,188,177,-1,-1
3204,6bba_05b6850b,node,310,62,47,78,51,-1,-1
3205,6bba_05b6850b,node,311,63,59,195,252,-1,-1
3206,6bba_05b6850b,node,312,63,34,192,196,-1,-1
3207,6bba_05b6850b,node,313,63,58,160,186,-1,-1
3208,6bba_05b6850b,node,314,63,61,11,50,-1,-1
3209,6bba_05b6850b,node,315,63,42,188,177,-1,-1
3210,6bba_05b6850b,node,316,63,47,78,51,-1,-1
3211,6bba_05b6850b,node,317,64,58,193,245,-1,-1
3212,6bba_05b6850b,node,318,64,58,11,51,-1,-1
3213,6bba_05b6850b,node,319,64,60,141,181,-1,-1
3214,6bba_05b6850b,node,320,64,30,196,191,-1,-1
3215,6bba_05b6850b,node,322,64,41,81,54,-1,-1
3216,6bba_05b6850b,node,323,65,59,196,247,-1,-1
3217,6bba_05b6850b,node,324,65,61,11,50,-1,-1
3218,6bba_05b6850b,node,325,65,34,192,194,-1,-1
3219,6bba_05b6850b,node,326,65,38,49,30,-1,-1
3220,6bba_05b6850b,node,327,65,59,139,172,-1,-1
3221,6bba_05b6850b,node,328,65,15,209,184,-1,-1
3222,6bba_05b6850b,node,329,65,50,81,69,-1,-1
3223,6bba_05b6850b,node,330,66,59,196,247,-1,-1
3224,6bba_05b6850b,node,331,66,61,11,50,-1,-1
3225,6bba_05b6850b,node,332,66,15,209,184,-1,-1
3226,6bba_05b6850b,node,333,66,34,191,192,-1,-1
3227,6bba_05b6850b,node,334,66,38,49,31,-1,-1
3228,6bba_05b6850b,node,335,66,61,148,179,-1,-1
3229,6bba_05b6850b,node,336,66,0,198,179,-1,-1
3230,6bba_05b6850b,node,337,66,46,81,61,-1,-1
3231,6bba_05b6850b,node,338,66,50,81,69,-1,-1
3232,6bba_05b6850b,node,339,67,59,196,247,-1,-1
3233,6bba_05b6850b,node,340,67,61,11,50,-1,-1
3234,6bba_05b6850b,node,341,67,15,209,184,-1,-1
3235,6bba_05b6850b,node,342,67,34,191,192,-1,-1
3236,6bba_05b6850b,node,343,67,38,49,31,-1,-1
3237,6bba_05b6850b,node,344,67,61,148,179,-1,-1
3238,6bba_05b6850b,node,345,67,0,198,179,-1,-1
3239,6bba_05b6850b,node,346,67,46,81,61,-1,-1
3240,6bba_05b6850b,node,347,67,50,81,69,-1,-1
3241,6bba_05b6850b,node,348,68,61,11,46,-1,-1
3242,6bba_05b6850b,node,349,68,61,192,240,-1,-1
3243,6bba_05b6850b,node,350,68,34,193,188,-1,-1
3244,6bba_05b6850b,node,351,68,61,146,171,-1,-1
3245,6bba_05b6850b,node,353,68,50,81,66,-1,-1
3246,6bba_05b6850b,node,354,69,61,13,45,-1,-1
3247,6bba_05b6850b,node,355,69,61,193,240,-1,-1
3248,6bba_05b6850b,node,356,69,34,194,188,-1,-1
3249,6bba_05b6850b,node,357,69,61,146,168,-1,-1
3250,6bba_05b6850b,node,358,69,50,184,176,-1,-1
3251,6bba_05b6850b,node,359,69,50,81,63,-1,-1
3252,6bba_05b6850b,node,360,70,34,192,188,-1,-1
3253,6bba_05b6850b,node,361,70,61,17,45,-1,-1
3254,6bba_05b6850b,node,362,70,61,192,237,-1,-1
3255,6bba_05b6850b,node,363,70,61,143,168,-1,-1
3256,6bba_05b6850b,node,364,70,48,184,174,-1,-1
3257,6bba_05b6850b,node,365,70,50,81,61,-1,-1
3258,6bba_05b6850b,node,367,71,35,191,183,-1,-1
3259,6bba_05b6850b,node,368,71,59,13,43,-1,-1
3260,6bba_05b6850b,node,369,71,61,192,235,-1,-1
3261,6bba_05b6850b,node,370,71,61,140,165,-1,-1
3262,6bba_05b6850b,node,371,71,49,81,61,-1,-1
3263,6bba_05b6850b,node,372,71,48,184,174,-1,-1
3264,6bba_05b6850b,node,373,72,33,195,185,-1,-1
3265,6bba_05b6850b,node,374,72,60,16,42,-1,-1
3266,6bba_05b6850b,node,375,72,60,15,42,-1,-1
3267,6bba_05b6850b,node,376,72,60,17,42,-1,-1
3268,6bba_05b6850b,node,377,72,60,16,43,-1,-1
3269,6bba_05b6850b,node,378,72,60,15,43,-1,-1
3270,6bba_05b6850b,node,379,72,60,14,42,-1,-1
3271,6bba_05b6850b,node,380,72,60,17,43,-1,-1
3272,6bba_05b6850b,node,381,72,60,16,44,-1,-1
3273,6bba_05b6850b,node,382,72,60,17,44,-1,-1
3274,6bba_05b6850b,node,383,72,60,15,44,-1,-1
3275,6bba_05b6850b,node,384,72,60,18,44,-1,-1
3276,6bba_05b6850b,node,385,72,60,14,44,-1,-1
3277,6bba_05b6850b,node,386,72,60,13,41,-1,-1
3278,6bba_05b6850b,node,387,72,60,13,43,-1,-1
3279,6bba_05b6850b,node,388,72,60,19,44,-1,-1
3280,6bba_05b6850b,node,389,72,60,13,44,-1,-1
3281,6bba_05b6850b,node,390,72,61,15,43,-1,-1
3282,6bba_05b6850b,node,391,72,61,15,44,-1,-1
3283,6bba_05b6850b,node,392,72,61,193,233,-1,-1
3284,6bba_05b6850b,node,393,72,62,140,164,-1,-1
3285,6bba_05b6850b,node,394,72,46,211,199,-1,-1
3286,6bba_05b6850b,node,395,72,49,81,64,-1,-1
3287,6bba_05b6850b,node,396,73,34,194,186,-1,-1
3288,6bba_05b6850b,node,398,73,60,15,40,-1,-1
3289,6bba_05b6850b,node,404,73,60,15,42,-1,-1
3290,6bba_05b6850b,node,406,73,60,16,42,-1,-1
3291,6bba_05b6850b,node,409,73,60,14,42,-1,-1
3292,6bba_05b6850b,node,410,73,60,17,41,-1,-1
3293,6bba_05b6850b,node,411,73,60,13,40,-1,-1
3294,6bba_05b6850b,node,413,73,60,17,42,-1,-1
3295,6bba_05b6850b,node,414,73,60,13,41,-1,-1
3296,6bba_05b6850b,node,415,73,60,16,43,-1,-1
3297,6bba_05b6850b,node,416,73,60,15,43,-1,-1
3298,6bba_05b6850b,node,419,73,60,18,42,-1,-1
3299,6bba_05b6850b,node,421,73,60,17,43,-1,-1
3300,6bba_05b6850b,node,422,73,60,16,44,-1,-1
3301,6bba_05b6850b,node,423,73,60,15,44,-1,-1
3302,6bba_05b6850b,node,424,73,60,13,43,-1,-1
3303,6bba_05b6850b,node,425,73,60,17,44,-1,-1
3304,6bba_05b6850b,node,427,73,60,14,44,-1,-1
3305,6bba_05b6850b,node,429,73,60,13,44,-1,-1
3306,6bba_05b6850b,node,431,73,61,16,41,-1,-1
3307,6bba_05b6850b,node,432,73,61,15,41,-1,-1
3308,6bba_05b6850b,node,433,73,61,193,233,-1,-1
3309,6bba_05b6850b,node,434,73,47,209,204,-1,-1
3310,6bba_05b6850b,node,435,73,62,140,164,-1,-1
3311,6bba_05b6850b,node,436,73,49,81,66,-1,-1
3312,6bba_05b6850b,node,437,74,34,194,188,-1,-1
3313,6bba_05b6850b,node,438,74,60,13,40,-1,-1
3314,6bba_05b6850b,node,439,74,60,15,42,-1,-1
3315,6bba_05b6850b,node,440,74,61,192,232,-1,-1
3316,6bba_05b6850b,node,441,74,47,206,199,-1,-1
3317,6bba_05b6850b,node,442,74,49,81,66,-1,-1
3318,6bba_05b6850b,node,443,75,35,192,187,-1,-1
3319,6bba_05b6850b,node,444,75,60,15,40,-1,-1
3320,6bba_05b6850b,node,445,75,60,14,40,-1,-1
3321,6bba_05b6850b,node,446,75,60,15,41,-1,-1
3322,6bba_05b6850b,node,447,75,61,193,232,-1,-1
3323,6bba_05b6850b,node,448,75,47,206,194,-1,-1
3324,6bba_05b6850b,node,449,75,49,81,64,-1,-1
3325,6bba_05b6850b,node,450,76,35,191,187,-1,-1
3326,6bba_05b6850b,node,451,76,60,14,40,-1,-1
3327,6bba_05b6850b,node,452,76,60,13,40,-1,-1
3328,6bba_05b6850b,node,453,76,61,192,231,-1,-1
3329,6bba_05b6850b,node,454,76,47,204,190,-1,-1
3330,6bba_05b6850b,node,455,76,50,81,63,-1,-1
3331,6bba_05b6850b,node,456,76,37,123,95,-1,-1
3332,6bba_05b6850b,node,457,77,35,191,187,-1,-1
3333,6bba_05b6850b,node,458,77,60,14,40,-1,-1
3334,6bba_05b6850b,node,459,77,60,13,40,-1,-1
3335,6bba_05b6850b,node,460,77,61,192,231,-1,-1
3336,6bba_05b6850b,node,461,77,47,204,190,-1,-1
3337,6bba_05b6850b,node,462,77,50,81,63,-1,-1
3338,6bba_05b6850b,node,463,77,37,123,95,-1,-1
3339,6bba_05b6850b,node,464,78,36,190,180,-1,-1
3340,6bba_05b6850b,node,465,78,60,12,38,-1,-1
3341,6bba_05b6850b,node,466,78,62,192,227,-1,-1
3342,6bba_05b6850b,node,467,78,50,81,62,-1,-1
3343,6bba_05b6850b,node,468,78,36,122,95,-1,-1
3344,6bba_05b6850b,node,469,78,46,198,178,-1,-1
3345,6bba_05b6850b,node,470,79,35,190,182,-1,-1
3346,6bba_05b6850b,node,471,79,60,12,38,-1,-1
3347,6bba_05b6850b,node,472,79,61,192,227,-1,-1
3348,6bba_05b6850b,node,473,79,51,81,62,-1,-1
3349,6bba_05b6850b,node,474,79,47,198,178,-1,-1
3350,6bba_05b6850b,node,475,79,36,120,95,-1,-1
3351,6bba_05b6850b,node,476,80,60,10,31,-1,-1
3352,6bba_05b6850b,node,477,80,37,188,177,-1,-1
3353,6bba_05b6850b,node,478,80,62,191,225,-1,-1
3354,6bba_05b6850b,node,479,80,47,197,184,-1,-1
3355,6bba_05b6850b,node,480,80,36,118,95,-1,-1
3356,6bba_05b6850b,node,481,80,50,81,62,-1,-1
3357,6bba_05b6850b,node,482,81,37,188,177,-1,-1
3358,6bba_05b6850b,node,483,81,62,190,220,-1,-1
3359,6bba_05b6850b,node,484,81,62,11,37,-1,-1
3360,6bba_05b6850b,node,486,81,47,197,177,-1,-1
3361,6bba_05b6850b,node,487,81,36,120,95,-1,-1
3362,6bba_05b6850b,node,488,82,37,188,176,-1,-1
3363,6bba_05b6850b,node,489,82,62,189,220,-1,-1
3364,6bba_05b6850b,node,490,82,62,12,37,-1,-1
3365,6bba_05b6850b,node,491,82,47,197,177,-1,-1
3366,6bba_05b6850b,node,492,82,36,118,91,-1,-1
3367,6bba_05b6850b,node,493,83,37,187,178,-1,-1
3368,6bba_05b6850b,node,494,83,62,192,225,-1,-1
3369,6bba_05b6850b,node,495,83,62,12,35,-1,-1
3370,6bba_05b6850b,node,496,83,18,46,186,-1,-1
3371,6bba_05b6850b,node,497,83,17,69,198,-1,-1
3372,6bba_05b6850b,node,498,83,17,67,179,-1,-1
3373,6bba_05b6850b,node,499,83,47,198,177,-1,-1
3374,6bba_05b6850b,node,500,83,36,120,94,-1,-1
3375,6bba_05b6850b,node,501,84,38,188,179,-1,-1
3376,6bba_05b6850b,node,502,84,62,193,227,-1,-1
3377,6bba_05b6850b,node,503,84,17,81,195,-1,-1
3378,6bba_05b6850b,node,504,84,17,68,187,-1,-1
3379,6bba_05b6850b,node,505,84,17,49,183,-1,-1
3380,6bba_05b6850b,node,506,84,47,197,177,-1,-1
3381,6bba_05b6850b,node,507,84,62,9,36,-1,-1
3382,6bba_05b6850b,node,508,85,38,188,178,-1,-1
3383,6bba_05b6850b,node,509,85,62,193,225,-1,-1
3384,6bba_05b6850b,node,510,85,17,65,195,-1,-1
3385,6bba_05b6850b,node,511,85,18,49,178,-1,-1
3386,6bba_05b6850b,node,512,85,17,76,179,-1,-1
3387,6bba_05b6850b,node,513,85,48,197,181,-1,-1
3388,6bba_05b6850b,node,514,86,38,184,178,-1,-1
3389,6bba_05b6850b,node,515,86,62,192,222,-1,-1
3390,6bba_05b6850b,node,516,86,17,66,201,-1,-1
3391,6bba_05b6850b,node,517,86,17,48,179,-1,-1
3392,6bba_05b6850b,node,518,86,18,65,174,-1,-1
3393,6bba_05b6850b,node,519,86,49,196,184,-1,-1
3394,6bba_05b6850b,node,520,87,38,184,177,-1,-1
3395,6bba_05b6850b,node,521,87,62,192,225,-1,-1
3396,6bba_05b6850b,node,522,87,17,76,186,-1,-1
3397,6bba_05b6850b,node,523,87,16,60,180,-1,-1
3398,6bba_05b6850b,node,524,87,17,81,203,-1,-1
3399,6bba_05b6850b,node,525,87,49,239,254,-1,-1
3400,6bba_05b6850b,node,526,87,49,196,184,-1,-1
3401,6bba_05b6850b,node,527,88,38,184,180,-1,-1
3402,6bba_05b6850b,node,528,88,62,191,221,-1,-1
3403,6bba_05b6850b,node,529,88,17,73,202,-1,-1
3404,6bba_05b6850b,node,530,88,17,60,186,-1,-1
3405,6bba_05b6850b,node,531,88,49,239,254,-1,-1
3406,6bba_05b6850b,node,532,88,49,197,184,-1,-1
3407,6bba_05b6850b,node,533,89,38,184,177,-1,-1
3408,6bba_05b6850b,node,534,89,62,192,226,-1,-1
3409,6bba_05b6850b,node,535,89,18,61,186,-1,-1
3410,6bba_05b6850b,node,536,89,17,76,195,-1,-1
3411,6bba_05b6850b,node,537,89,17,46,187,-1,-1
3412,6bba_05b6850b,node,538,89,48,198,188,-1,-1
3413,6bba_05b6850b,node,539,89,49,237,254,-1,-1
3414,6bba_05b6850b,node,540,90,38,183,178,-1,-1
3415,6bba_05b6850b,node,541,90,62,192,225,-1,-1
3416,6bba_05b6850b,node,542,90,17,52,189,-1,-1
3417,6bba_05b6850b,node,543,90,17,69,198,-1,-1
3418,6bba_05b6850b,node,544,91,38,184,181,-1,-1
3419,6bba_05b6850b,node,545,91,62,192,228,-1,-1
3420,6bba_05b6850b,node,546,92,39,184,184,-1,-1
3421,6bba_05b6850b,node,547,92,62,192,228,-1,-1
3422,6bba_05b6850b,node,548,92,5,189,167,-1,-1
3423,6bba_05b6850b,node,549,93,40,184,185,-1,-1
3424,6bba_05b6850b,node,550,93,63,193,231,-1,-1
3425,6bba_05b6850b,node,551,93,6,191,167,-1,-1
3426,6bba_05b6850b,node,552,94,40,183,184,-1,-1
3427,6bba_05b6850b,node,553,94,63,194,231,-1,-1
3428,6bba_05b6850b,node,554,95,40,184,184,-1,-1
3429,6bba_05b6850b,node,555,95,25,90,69,-1,-1
3430,6bba_05b6850b,node,556,95,39,78,52,-1,-1
3431,6bba_05b6850b,node,557,96,41,184,184,-1,-1
3432,6bba_05b6850b,node,558,96,25,93,74,-1,-1
3433,6bba_05b6850b,node,559,96,39,78,51,-1,-1
3434,6bba_05b6850b,node,560,97,40,186,179,-1,-1
3435,6bba_05b6850b,node,561,97,39,78,51,-1,-1
3436,6bba_05b6850b,node,562,97,25,94,74,-1,-1
3437,6bba_05b6850b,node,563,98,41,184,179,-1,-1
3438,6bba_05b6850b,node,564,98,25,93,73,-1,-1
3439,6bba_05b6850b,node,565,98,39,78,52,-1,-1
3440,6bba_05b6850b,node,566,99,40,185,184,-1,-1
3441,6bba_05b6850b,node,567,99,26,92,75,-1,-1
3442,6bba_05db0fb1,node,1,0,16,174,177,-1,-1
3443,6bba_05db0fb1,node,2,0,15,47,174,-1,-1
3444,6bba_05db0fb1,node,4,0,18,176,202,-1,-1
3445,6bba_05db0fb1,node,5,0,17,195,174,-1,-1
3446,6bba_05db0fb1,node,6,0,15,72,81,-1,-1
3447,6bba_05db0fb1,node,7,0,14,60,206,-1,-1
3448,6bba_05db0fb1,node,8,0,7,103,67,-1,-1
3449,6bba_05db0fb1,node,9,0,14,189,188,-1,-1
3450,6bba_05db0fb1,node,10,0,17,60,51,-1,-1
3451,6bba_05db0fb1,node,11,0,18,196,204,-1,-1
3452,6bba_05db0fb1,node,12,0,47,81,81,-1,-1
3453,6bba_05db0fb1,node,13,0,40,175,78,-1,-1
3454,6bba_05db0fb1,node,14,0,42,54,81,-1,-1
3455,6bba_05db0fb1,node,15,0,38,78,174,-1,-1
3456,6bba_05db0fb1,node,17,0,48,80,46,-1,-1
3457,6bba_05db0fb1,node,18,0,38,66,46,-1,-1
3458,6bba_05db0fb1,node,19,0,50,175,55,-1,-1
3459,6bba_05db0fb1,node,20,0,47,188,78,-1,-1
3460,6bba_05db0fb1,node,21,0,39,186,174,-1,-1
3461,6bba_05db0fb1,node,23,0,50,174,81,-1,-1
3462,6bba_05db0fb1,node,24,0,49,177,188,-1,-1
3463,6bba_05db0fb1,node,25,1,14,46,177,-1,-1
3464,6bba_05db0fb1,node,26,1,17,193,174,-1,-1
3465,6bba_05db0fb1,node,27,1,7,102,68,-1,-1
3466,6bba_05db0fb1,node,28,1,15,174,188,-1,-1
3467,6bba_05db0fb1,node,29,1,18,174,206,-1,-1
3468,6bba_05db0fb1,node,30,1,16,60,53,-1,-1
3469,6bba_05db0fb1,node,31,1,14,192,193,-1,-1
3470,6bba_05db0fb1,node,32,1,18,195,209,-1,-1
3471,6bba_05db0fb1,node,33,1,15,61,209,-1,-1
3472,6bba_05db0fb1,node,34,1,15,54,196,-1,-1
3473,6bba_05db0fb1,node,35,1,15,73,81,-1,-1
3474,6bba_05db0fb1,node,36,1,40,174,81,-1,-1
3475,6bba_05db0fb1,node,37,1,47,81,81,-1,-1
3476,6bba_05db0fb1,node,38,1,38,78,174,-1,-1
3477,6bba_05db0fb1,node,39,1,40,176,174,-1,-1
3478,6bba_05db0fb1,node,40,1,48,79,177,-1,-1
3479,6bba_05db0fb1,node,41,1,41,55,81,-1,-1
3480,6bba_05db0fb1,node,42,1,48,80,46,-1,-1
3481,6bba_05db0fb1,node,43,1,49,174,78,-1,-1
3482,6bba_05db0fb1,node,44,1,49,176,46,-1,-1
3483,6bba_05db0fb1,node,45,1,37,64,46,-1,-1
3484,6bba_05db0fb1,node,46,1,47,187,78,-1,-1
3485,6bba_05db0fb1,node,47,1,39,81,192,-1,-1
3486,6bba_05db0fb1,node,48,1,50,177,186,-1,-1
3487,6bba_05db0fb1,node,50,2,17,195,174,-1,-1
3488,6bba_05db0fb1,node,51,2,14,47,177,-1,-1
3489,6bba_05db0fb1,node,52,2,7,102,71,-1,-1
3490,6bba_05db0fb1,node,53,2,17,176,209,-1,-1
3491,6bba_05db0fb1,node,54,2,17,81,46,-1,-1
3492,6bba_05db0fb1,node,55,2,18,78,78,-1,-1
3493,6bba_05db0fb1,node,56,2,16,62,58,-1,-1
3494,6bba_05db0fb1,node,57,2,18,195,209,-1,-1
3495,6bba_05db0fb1,node,58,2,15,58,197,-1,-1
3496,6bba_05db0fb1,node,59,2,15,174,190,-1,-1
3497,6bba_05db0fb1,node,60,2,15,209,209,-1,-1
3498,6bba_05db0fb1,node,61,2,39,175,81,-1,-1
3499,6bba_05db0fb1,node,62,2,38,78,177,-1,-1
3500,6bba_05db0fb1,node,63,2,46,81,81,-1,-1
3501,6bba_05db0fb1,node,64,2,39,179,174,-1,-1
3502,6bba_05db0fb1,node,65,2,47,78,177,-1,-1
3503,6bba_05db0fb1,node,66,2,39,81,81,-1,-1
3504,6bba_05db0fb1,node,67,2,47,80,46,-1,-1
3505,6bba_05db0fb1,node,68,2,49,176,46,-1,-1
3506,6bba_05db0fb1,node,69,2,38,81,195,-1,-1
3507,6bba_05db0fb1,node,70,2,41,55,81,-1,-1
3508,6bba_05db0fb1,node,71,3,18,81,177,-1,-1
3509,6bba_05db0fb1,node,72,3,17,197,174,-1,-1
3510,6bba_05db0fb1,node,73,3,14,47,176,-1,-1
3511,6bba_05db0fb1,node,74,3,6,101,73,-1,-1
3512,6bba_05db0fb1,node,75,3,15,174,196,-1,-1
3513,6bba_05db0fb1,node,76,3,17,174,209,-1,-1
3514,6bba_05db0fb1,node,77,3,16,61,59,-1,-1
3515,6bba_05db0fb1,node,78,3,17,77,46,-1,-1
3516,6bba_05db0fb1,node,79,3,17,187,52,-1,-1
3517,6bba_05db0fb1,node,80,3,15,58,201,-1,-1
3518,6bba_05db0fb1,node,81,3,15,209,209,-1,-1
3519,6bba_05db0fb1,node,82,3,17,196,209,-1,-1
3520,6bba_05db0fb1,node,83,3,38,78,177,-1,-1
3521,6bba_05db0fb1,node,84,3,38,176,174,-1,-1
3522,6bba_05db0fb1,node,85,3,47,80,46,-1,-1
3523,6bba_05db0fb1,node,86,3,48,80,191,-1,-1
3524,6bba_05db0fb1,node,87,3,47,177,78,-1,-1
3525,6bba_05db0fb1,node,88,3,48,177,46,-1,-1
3526,6bba_05db0fb1,node,89,3,50,175,188,-1,-1
3527,6bba_05db0fb1,node,90,3,42,202,174,-1,-1
3528,6bba_05db0fb1,node,91,3,42,81,60,-1,-1
3529,6bba_05db0fb1,node,92,4,18,81,177,-1,-1
3530,6bba_05db0fb1,node,93,4,15,189,177,-1,-1
3531,6bba_05db0fb1,node,94,4,18,78,78,-1,-1
3532,6bba_05db0fb1,node,95,4,6,101,78,-1,-1
3533,6bba_05db0fb1,node,96,4,16,71,46,-1,-1
3534,6bba_05db0fb1,node,97,4,18,59,46,-1,-1
3535,6bba_05db0fb1,node,98,4,18,188,60,-1,-1
3536,6bba_05db0fb1,node,99,4,14,54,204,-1,-1
3537,6bba_05db0fb1,node,100,4,16,61,62,-1,-1
3538,6bba_05db0fb1,node,101,4,14,46,187,-1,-1
3539,6bba_05db0fb1,node,102,4,15,209,209,-1,-1
3540,6bba_05db0fb1,node,103,4,14,174,203,-1,-1
3541,6bba_05db0fb1,node,104,4,49,81,78,-1,-1
3542,6bba_05db0fb1,node,105,4,45,81,46,-1,-1
3543,6bba_05db0fb1,node,106,4,47,81,197,-1,-1
3544,6bba_05db0fb1,node,107,4,44,50,46,-1,-1
3545,6bba_05db0fb1,node,108,4,50,175,188,-1,-1
3546,6bba_05db0fb1,node,109,4,48,176,50,-1,-1
3547,6bba_05db0fb1,node,110,4,39,178,177,-1,-1
3548,6bba_05db0fb1,node,111,4,50,188,81,-1,-1
3549,6bba_05db0fb1,node,112,4,41,81,63,-1,-1
3550,6bba_05db0fb1,node,113,4,38,192,78,-1,-1
3551,6bba_05db0fb1,node,114,4,42,202,177,-1,-1
3552,6bba_05db0fb1,node,116,5,5,100,81,-1,-1
3553,6bba_05db0fb1,node,117,5,18,81,188,-1,-1
3554,6bba_05db0fb1,node,118,5,16,194,177,-1,-1
3555,6bba_05db0fb1,node,119,5,15,188,188,-1,-1
3556,6bba_05db0fb1,node,120,5,17,55,47,-1,-1
3557,6bba_05db0fb1,node,121,5,16,71,52,-1,-1
3558,6bba_05db0fb1,node,122,5,14,46,191,-1,-1
3559,6bba_05db0fb1,node,123,5,17,187,66,-1,-1
3560,6bba_05db0fb1,node,124,5,14,58,209,-1,-1
3561,6bba_05db0fb1,node,125,5,16,62,67,-1,-1
3562,6bba_05db0fb1,node,126,5,18,209,206,-1,-1
3563,6bba_05db0fb1,node,127,5,50,81,80,-1,-1
3564,6bba_05db0fb1,node,128,5,18,75,81,-1,-1
3565,6bba_05db0fb1,node,129,5,45,80,51,-1,-1
3566,6bba_05db0fb1,node,130,5,42,177,78,-1,-1
3567,6bba_05db0fb1,node,131,5,43,51,51,-1,-1
3568,6bba_05db0fb1,node,132,5,41,81,67,-1,-1
3569,6bba_05db0fb1,node,133,5,48,81,201,-1,-1
3570,6bba_05db0fb1,node,134,5,49,176,196,-1,-1
3571,6bba_05db0fb1,node,135,5,41,195,177,-1,-1
3572,6bba_05db0fb1,node,136,5,18,75,164,-1,-1
3573,6bba_05db0fb1,node,137,5,49,191,81,-1,-1
3574,6bba_05db0fb1,node,139,5,49,204,78,-1,-1
3575,6bba_05db0fb1,node,140,6,17,75,174,-1,-1
3576,6bba_05db0fb1,node,141,6,15,78,59,-1,-1
3577,6bba_05db0fb1,node,142,6,5,101,86,-1,-1
3578,6bba_05db0fb1,node,143,6,18,81,196,-1,-1
3579,6bba_05db0fb1,node,144,6,14,31,176,-1,-1
3580,6bba_05db0fb1,node,145,6,15,191,189,-1,-1
3581,6bba_05db0fb1,node,146,6,18,61,50,-1,-1
3582,6bba_05db0fb1,node,147,6,14,46,195,-1,-1
3583,6bba_05db0fb1,node,148,6,14,58,209,-1,-1
3584,6bba_05db0fb1,node,149,6,18,206,209,-1,-1
3585,6bba_05db0fb1,node,150,6,45,80,55,-1,-1
3586,6bba_05db0fb1,node,151,6,39,51,78,-1,-1
3587,6bba_05db0fb1,node,152,6,40,80,68,-1,-1
3588,6bba_05db0fb1,node,154,6,42,177,79,-1,-1
3589,6bba_05db0fb1,node,155,6,49,208,78,-1,-1
3590,6bba_05db0fb1,node,156,6,49,175,197,-1,-1
3591,6bba_05db0fb1,node,157,6,48,203,174,-1,-1
3592,6bba_05db0fb1,node,158,6,17,188,68,-1,-1
3593,6bba_05db0fb1,node,159,6,48,174,53,-1,-1
3594,6bba_05db0fb1,node,160,7,16,71,174,-1,-1
3595,6bba_05db0fb1,node,161,7,16,60,78,-1,-1
3596,6bba_05db0fb1,node,162,7,15,177,174,-1,-1
3597,6bba_05db0fb1,node,163,7,4,101,88,-1,-1
3598,6bba_05db0fb1,node,164,7,17,61,53,-1,-1
3599,6bba_05db0fb1,node,165,7,16,195,196,-1,-1
3600,6bba_05db0fb1,node,166,7,17,81,198,-1,-1
3601,6bba_05db0fb1,node,167,7,14,31,180,-1,-1
3602,6bba_05db0fb1,node,168,7,14,46,202,-1,-1
3603,6bba_05db0fb1,node,169,7,14,35,197,-1,-1
3604,6bba_05db0fb1,node,170,7,40,81,78,-1,-1
3605,6bba_05db0fb1,node,171,7,45,79,58,-1,-1
3606,6bba_05db0fb1,node,172,7,42,177,81,-1,-1
3607,6bba_05db0fb1,node,173,7,49,179,174,-1,-1
3608,6bba_05db0fb1,node,174,7,39,51,81,-1,-1
3609,6bba_05db0fb1,node,175,7,49,200,176,-1,-1
3610,6bba_05db0fb1,node,176,7,49,208,78,-1,-1
3611,6bba_05db0fb1,node,177,7,49,175,201,-1,-1
3612,6bba_05db0fb1,node,179,7,50,175,78,-1,-1
3613,6bba_05db0fb1,node,180,7,47,174,57,-1,-1
3614,6bba_05db0fb1,node,182,7,38,200,78,-1,-1
3615,6bba_05db0fb1,node,183,8,14,174,176,-1,-1
3616,6bba_05db0fb1,node,184,8,17,69,174,-1,-1
3617,6bba_05db0fb1,node,185,8,16,67,81,-1,-1
3618,6bba_05db0fb1,node,186,8,18,197,174,-1,-1
3619,6bba_05db0fb1,node,187,8,16,62,57,-1,-1
3620,6bba_05db0fb1,node,189,8,15,194,204,-1,-1
3621,6bba_05db0fb1,node,191,8,41,81,78,-1,-1
3622,6bba_05db0fb1,node,192,8,3,100,91,-1,-1
3623,6bba_05db0fb1,node,193,8,47,176,177,-1,-1
3624,6bba_05db0fb1,node,194,8,18,81,46,-1,-1
3625,6bba_05db0fb1,node,195,8,46,75,62,-1,-1
3626,6bba_05db0fb1,node,196,8,50,177,78,-1,-1
3627,6bba_05db0fb1,node,197,8,47,174,62,-1,-1
3628,6bba_05db0fb1,node,198,8,39,203,80,-1,-1
3629,6bba_05db0fb1,node,199,8,48,175,204,-1,-1
3630,6bba_05db0fb1,node,200,8,48,208,81,-1,-1
3631,6bba_05db0fb1,node,202,8,48,203,177,-1,-1
3632,6bba_05db0fb1,node,203,8,39,174,52,-1,-1
3633,6bba_05db0fb1,node,204,9,14,177,177,-1,-1
3634,6bba_05db0fb1,node,205,9,17,69,177,-1,-1
3635,6bba_05db0fb1,node,206,9,18,201,177,-1,-1
3636,6bba_05db0fb1,node,207,9,15,69,81,-1,-1
3637,6bba_05db0fb1,node,208,9,16,60,65,-1,-1
3638,6bba_05db0fb1,node,209,9,4,102,95,-1,-1
3639,6bba_05db0fb1,node,210,9,14,192,209,-1,-1
3640,6bba_05db0fb1,node,211,9,41,81,80,-1,-1
3641,6bba_05db0fb1,node,213,9,41,81,174,-1,-1
3642,6bba_05db0fb1,node,214,9,18,81,51,-1,-1
3643,6bba_05db0fb1,node,215,9,46,71,66,-1,-1
3644,6bba_05db0fb1,node,216,9,47,174,67,-1,-1
3645,6bba_05db0fb1,node,217,9,40,174,60,-1,-1
3646,6bba_05db0fb1,node,218,9,38,200,81,-1,-1
3647,6bba_05db0fb1,node,219,9,48,206,81,-1,-1
3648,6bba_05db0fb1,node,220,9,49,202,177,-1,-1
3649,6bba_05db0fb1,node,221,9,47,177,184,-1,-1
3650,6bba_05db0fb1,node,222,10,17,200,177,-1,-1
3651,6bba_05db0fb1,node,223,10,17,65,174,-1,-1
3652,6bba_05db0fb1,node,224,10,14,174,184,-1,-1
3653,6bba_05db0fb1,node,225,10,18,81,50,-1,-1
3654,6bba_05db0fb1,node,226,10,15,67,81,-1,-1
3655,6bba_05db0fb1,node,227,10,17,60,66,-1,-1
3656,6bba_05db0fb1,node,228,10,15,195,209,-1,-1
3657,6bba_05db0fb1,node,229,10,4,100,95,-1,-1
3658,6bba_05db0fb1,node,230,10,42,81,81,-1,-1
3659,6bba_05db0fb1,node,231,10,41,81,174,-1,-1
3660,6bba_05db0fb1,node,232,10,46,71,68,-1,-1
3661,6bba_05db0fb1,node,233,10,39,78,46,-1,-1
3662,6bba_05db0fb1,node,235,10,46,174,69,-1,-1
3663,6bba_05db0fb1,node,236,10,48,205,81,-1,-1
3664,6bba_05db0fb1,node,237,10,42,208,78,-1,-1
3665,6bba_05db0fb1,node,238,10,39,174,61,-1,-1
3666,6bba_05db0fb1,node,239,10,49,202,177,-1,-1
3667,6bba_05db0fb1,node,240,11,16,65,78,-1,-1
3668,6bba_05db0fb1,node,241,11,17,60,177,-1,-1
3669,6bba_05db0fb1,node,242,11,17,81,59,-1,-1
3670,6bba_05db0fb1,node,243,11,18,176,209,-1,-1
3671,6bba_05db0fb1,node,244,11,14,69,46,-1,-1
3672,6bba_05db0fb1,node,245,11,17,174,191,-1,-1
3673,6bba_05db0fb1,node,246,11,17,81,174,-1,-1
3674,6bba_05db0fb1,node,247,11,17,69,195,-1,-1
3675,6bba_05db0fb1,node,248,11,15,199,190,-1,-1
3676,6bba_05db0fb1,node,249,11,16,203,209,-1,-1
3677,6bba_05db0fb1,node,250,11,40,81,177,-1,-1
3678,6bba_05db0fb1,node,251,11,50,81,81,-1,-1
3679,6bba_05db0fb1,node,252,11,17,174,53,-1,-1
3680,6bba_05db0fb1,node,253,11,40,81,81,-1,-1
3681,6bba_05db0fb1,node,255,11,46,191,78,-1,-1
3682,6bba_05db0fb1,node,256,11,41,209,81,-1,-1
3683,6bba_05db0fb1,node,257,11,43,174,50,-1,-1
3684,6bba_05db0fb1,node,258,11,38,202,78,-1,-1
3685,6bba_05db0fb1,node,259,11,41,174,68,-1,-1
3686,6bba_05db0fb1,node,260,11,46,78,46,-1,-1
3687,6bba_05db0fb1,node,261,11,50,174,59,-1,-1
3688,6bba_05db0fb1,node,262,11,39,193,177,-1,-1
3689,6bba_05db0fb1,node,263,11,38,71,50,-1,-1
3690,6bba_05db0fb1,node,264,11,50,176,189,-1,-1
3691,6bba_05db0fb1,node,265,12,16,67,78,-1,-1
3692,6bba_05db0fb1,node,266,12,17,81,61,-1,-1
3693,6bba_05db0fb1,node,267,12,18,176,209,-1,-1
3694,6bba_05db0fb1,node,268,12,18,200,174,-1,-1
3695,6bba_05db0fb1,node,269,12,17,60,177,-1,-1
3696,6bba_05db0fb1,node,270,12,17,78,196,-1,-1
3697,6bba_05db0fb1,node,271,12,14,69,46,-1,-1
3698,6bba_05db0fb1,node,272,12,17,63,186,-1,-1
3699,6bba_05db0fb1,node,273,12,18,177,59,-1,-1
3700,6bba_05db0fb1,node,274,12,15,199,194,-1,-1
3701,6bba_05db0fb1,node,275,12,40,81,176,-1,-1
3702,6bba_05db0fb1,node,276,12,50,81,81,-1,-1
3703,6bba_05db0fb1,node,277,12,18,81,174,-1,-1
3704,6bba_05db0fb1,node,278,12,41,79,81,-1,-1
3705,6bba_05db0fb1,node,279,12,41,174,78,-1,-1
3706,6bba_05db0fb1,node,280,12,46,191,79,-1,-1
3707,6bba_05db0fb1,node,281,12,40,84,199,-1,-1
3708,6bba_05db0fb1,node,282,12,42,174,54,-1,-1
3709,6bba_05db0fb1,node,283,12,38,76,51,-1,-1
3710,6bba_05db0fb1,node,284,12,38,203,80,-1,-1
3711,6bba_05db0fb1,node,285,12,49,174,60,-1,-1
3712,6bba_05db0fb1,node,286,12,49,177,194,-1,-1
3713,6bba_05db0fb1,node,288,12,46,78,46,-1,-1
3714,6bba_05db0fb1,node,289,12,39,195,177,-1,-1
3715,6bba_05db0fb1,node,290,13,15,67,78,-1,-1
3716,6bba_05db0fb1,node,291,13,16,81,65,-1,-1
3717,6bba_05db0fb1,node,292,13,17,201,174,-1,-1
3718,6bba_05db0fb1,node,293,13,18,174,61,-1,-1
3719,6bba_05db0fb1,node,294,13,17,66,187,-1,-1
3720,6bba_05db0fb1,node,295,13,16,78,196,-1,-1
3721,6bba_05db0fb1,node,296,13,15,198,197,-1,-1
3722,6bba_05db0fb1,node,297,13,40,81,177,-1,-1
3723,6bba_05db0fb1,node,298,13,48,81,81,-1,-1
3724,6bba_05db0fb1,node,299,13,17,177,209,-1,-1
3725,6bba_05db0fb1,node,300,13,46,176,174,-1,-1
3726,6bba_05db0fb1,node,301,13,18,81,174,-1,-1
3727,6bba_05db0fb1,node,302,13,40,81,201,-1,-1
3728,6bba_05db0fb1,node,303,13,49,174,59,-1,-1
3729,6bba_05db0fb1,node,304,13,49,208,78,-1,-1
3730,6bba_05db0fb1,node,305,13,42,69,76,-1,-1
3731,6bba_05db0fb1,node,306,13,40,174,78,-1,-1
3732,6bba_05db0fb1,node,307,13,50,68,60,-1,-1
3733,6bba_05db0fb1,node,308,13,14,51,46,-1,-1
3734,6bba_05db0fb1,node,309,13,45,190,80,-1,-1
3735,6bba_05db0fb1,node,310,13,46,195,174,-1,-1
3736,6bba_05db0fb1,node,311,13,41,174,58,-1,-1
3737,6bba_05db0fb1,node,312,13,49,175,197,-1,-1
3738,6bba_05db0fb1,node,313,13,38,203,81,-1,-1
3739,6bba_05db0fb1,node,314,14,15,81,67,-1,-1
3740,6bba_05db0fb1,node,315,14,15,67,81,-1,-1
3741,6bba_05db0fb1,node,316,14,17,200,177,-1,-1
3742,6bba_05db0fb1,node,317,14,18,177,61,-1,-1
3743,6bba_05db0fb1,node,318,14,17,65,187,-1,-1
3744,6bba_05db0fb1,node,319,14,15,196,200,-1,-1
3745,6bba_05db0fb1,node,320,14,16,70,198,-1,-1
3746,6bba_05db0fb1,node,321,14,18,75,46,-1,-1
3747,6bba_05db0fb1,node,322,14,40,81,177,-1,-1
3748,6bba_05db0fb1,node,323,14,47,81,81,-1,-1
3749,6bba_05db0fb1,node,324,14,47,175,174,-1,-1
3750,6bba_05db0fb1,node,325,14,48,175,61,-1,-1
3751,6bba_05db0fb1,node,326,14,42,78,78,-1,-1
3752,6bba_05db0fb1,node,327,14,42,69,78,-1,-1
3753,6bba_05db0fb1,node,328,14,40,174,81,-1,-1
3754,6bba_05db0fb1,node,329,14,49,208,78,-1,-1
3755,6bba_05db0fb1,node,330,14,14,51,46,-1,-1
3756,6bba_05db0fb1,node,331,14,49,67,61,-1,-1
3757,6bba_05db0fb1,node,332,14,46,195,174,-1,-1
3758,6bba_05db0fb1,node,333,14,38,55,174,-1,-1
3759,6bba_05db0fb1,node,334,14,40,81,202,-1,-1
3760,6bba_05db0fb1,node,335,15,15,81,78,-1,-1
3761,6bba_05db0fb1,node,336,15,16,80,67,-1,-1
3762,6bba_05db0fb1,node,337,15,14,177,174,-1,-1
3763,6bba_05db0fb1,node,338,15,15,67,81,-1,-1
3764,6bba_05db0fb1,node,339,15,17,201,177,-1,-1
3765,6bba_05db0fb1,node,340,15,18,177,67,-1,-1
3766,6bba_05db0fb1,node,341,15,16,69,203,-1,-1
3767,6bba_05db0fb1,node,342,15,18,75,49,-1,-1
3768,6bba_05db0fb1,node,343,15,14,197,203,-1,-1
3769,6bba_05db0fb1,node,344,15,47,175,174,-1,-1
3770,6bba_05db0fb1,node,345,15,40,81,177,-1,-1
3771,6bba_05db0fb1,node,346,15,48,81,81,-1,-1
3772,6bba_05db0fb1,node,347,15,48,175,63,-1,-1
3773,6bba_05db0fb1,node,348,15,42,78,78,-1,-1
3774,6bba_05db0fb1,node,349,15,49,209,79,-1,-1
3775,6bba_05db0fb1,node,350,15,49,67,61,-1,-1
3776,6bba_05db0fb1,node,351,15,38,68,177,-1,-1
3777,6bba_05db0fb1,node,352,15,46,194,174,-1,-1
3778,6bba_05db0fb1,node,353,15,49,177,204,-1,-1
3779,6bba_05db0fb1,node,355,16,15,81,78,-1,-1
3780,6bba_05db0fb1,node,356,16,15,65,81,-1,-1
3781,6bba_05db0fb1,node,357,16,18,81,68,-1,-1
3782,6bba_05db0fb1,node,358,16,17,51,174,-1,-1
3783,6bba_05db0fb1,node,359,16,15,69,198,-1,-1
3784,6bba_05db0fb1,node,360,16,16,197,188,-1,-1
3785,6bba_05db0fb1,node,361,16,16,69,46,-1,-1
3786,6bba_05db0fb1,node,362,16,15,195,209,-1,-1
3787,6bba_05db0fb1,node,363,16,14,179,174,-1,-1
3788,6bba_05db0fb1,node,365,16,47,174,177,-1,-1
3789,6bba_05db0fb1,node,366,16,43,71,78,-1,-1
3790,6bba_05db0fb1,node,367,16,49,209,80,-1,-1
3791,6bba_05db0fb1,node,368,16,48,174,64,-1,-1
3792,6bba_05db0fb1,node,369,16,40,81,188,-1,-1
3793,6bba_05db0fb1,node,370,16,48,63,65,-1,-1
3794,6bba_05db0fb1,node,371,16,17,177,67,-1,-1
3795,6bba_05db0fb1,node,373,16,48,176,204,-1,-1
3796,6bba_05db0fb1,node,374,16,46,195,177,-1,-1
3797,6bba_05db0fb1,node,375,17,15,81,79,-1,-1
3798,6bba_05db0fb1,node,376,17,17,177,174,-1,-1
3799,6bba_05db0fb1,node,377,17,14,61,81,-1,-1
3800,6bba_05db0fb1,node,378,17,15,69,201,-1,-1
3801,6bba_05db0fb1,node,380,17,17,50,174,-1,-1
3802,6bba_05db0fb1,node,381,17,16,78,51,-1,-1
3803,6bba_05db0fb1,node,382,17,15,195,189,-1,-1
3804,6bba_05db0fb1,node,383,17,16,61,46,-1,-1
3805,6bba_05db0fb1,node,384,17,42,78,80,-1,-1
3806,6bba_05db0fb1,node,385,17,47,64,67,-1,-1
3807,6bba_05db0fb1,node,386,17,48,208,81,-1,-1
3808,6bba_05db0fb1,node,387,17,17,177,78,-1,-1
3809,6bba_05db0fb1,node,388,17,38,81,189,-1,-1
3810,6bba_05db0fb1,node,389,17,50,199,177,-1,-1
3811,6bba_05db0fb1,node,390,18,16,81,78,-1,-1
3812,6bba_05db0fb1,node,391,18,17,177,81,-1,-1
3813,6bba_05db0fb1,node,392,18,16,177,177,-1,-1
3814,6bba_05db0fb1,node,393,18,14,60,81,-1,-1
3815,6bba_05db0fb1,node,394,18,15,69,202,-1,-1
3816,6bba_05db0fb1,node,395,18,15,62,46,-1,-1
3817,6bba_05db0fb1,node,396,18,17,51,174,-1,-1
3818,6bba_05db0fb1,node,397,18,17,81,46,-1,-1
3819,6bba_05db0fb1,node,398,18,14,192,197,-1,-1
3820,6bba_05db0fb1,node,399,18,18,209,209,-1,-1
3821,6bba_05db0fb1,node,400,18,47,62,67,-1,-1
3822,6bba_05db0fb1,node,401,18,42,71,81,-1,-1
3823,6bba_05db0fb1,node,402,18,47,174,65,-1,-1
3824,6bba_05db0fb1,node,403,18,39,209,78,-1,-1
3825,6bba_05db0fb1,node,404,18,48,209,81,-1,-1
3826,6bba_05db0fb1,node,405,18,49,199,177,-1,-1
3827,6bba_05db0fb1,node,406,18,42,186,81,-1,-1
3828,6bba_05db0fb1,node,407,18,39,81,191,-1,-1
3829,6bba_05db0fb1,node,408,18,47,176,209,-1,-1
3830,6bba_05db0fb1,node,409,18,38,68,190,-1,-1
3831,6bba_05db0fb1,node,410,19,16,80,78,-1,-1
3832,6bba_05db0fb1,node,411,19,16,177,177,-1,-1
3833,6bba_05db0fb1,node,412,19,17,177,81,-1,-1
3834,6bba_05db0fb1,node,413,19,14,59,81,-1,-1
3835,6bba_05db0fb1,node,414,19,15,62,46,-1,-1
3836,6bba_05db0fb1,node,415,19,16,79,46,-1,-1
3837,6bba_05db0fb1,node,416,19,15,70,202,-1,-1
3838,6bba_05db0fb1,node,417,19,14,192,203,-1,-1
3839,6bba_05db0fb1,node,418,19,17,50,174,-1,-1
3840,6bba_05db0fb1,node,419,19,17,59,190,-1,-1
3841,6bba_05db0fb1,node,420,19,16,209,209,-1,-1
3842,6bba_05db0fb1,node,421,19,42,71,81,-1,-1
3843,6bba_05db0fb1,node,422,19,46,64,71,-1,-1
3844,6bba_05db0fb1,node,423,19,41,175,78,-1,-1
3845,6bba_05db0fb1,node,424,19,38,209,78,-1,-1
3846,6bba_05db0fb1,node,425,19,49,199,177,-1,-1
3847,6bba_05db0fb1,node,426,19,39,81,189,-1,-1
3848,6bba_05db0fb1,node,427,19,49,182,81,-1,-1
3849,6bba_05db0fb1,node,428,19,47,174,67,-1,-1
3850,6bba_05db0fb1,node,429,19,39,78,174,-1,-1
3851,6bba_05db0fb1,node,430,19,48,178,188,-1,-1
3852,6bba_05db0fb1,node,431,20,15,81,81,-1,-1
3853,6bba_05db0fb1,node,432,20,18,71,174,-1,-1
3854,6bba_05db0fb1,node,433,20,15,80,51,-1,-1
3855,6bba_05db0fb1,node,434,20,16,189,177,-1,-1
3856,6bba_05db0fb1,node,435,20,18,51,177,-1,-1
3857,6bba_05db0fb1,node,436,20,14,59,81,-1,-1
3858,6bba_05db0fb1,node,437,20,15,177,191,-1,-1
3859,6bba_05db0fb1,node,438,20,16,174,176,-1,-1
3860,6bba_05db0fb1,node,439,20,17,62,195,-1,-1
3861,6bba_05db0fb1,node,440,20,16,71,209,-1,-1
3862,6bba_05db0fb1,node,441,20,16,193,209,-1,-1
3863,6bba_05db0fb1,node,442,20,17,63,46,-1,-1
3864,6bba_05db0fb1,node,443,20,17,187,81,-1,-1
3865,6bba_05db0fb1,node,444,20,18,179,46,-1,-1
3866,6bba_05db0fb1,node,445,20,39,80,174,-1,-1
3867,6bba_05db0fb1,node,446,20,15,209,205,-1,-1
3868,6bba_05db0fb1,node,447,20,41,174,78,-1,-1
3869,6bba_05db0fb1,node,448,20,41,78,81,-1,-1
3870,6bba_05db0fb1,node,449,20,46,64,74,-1,-1
3871,6bba_05db0fb1,node,450,20,49,176,174,-1,-1
3872,6bba_05db0fb1,node,451,20,43,177,49,-1,-1
3873,6bba_05db0fb1,node,452,20,47,196,78,-1,-1
3874,6bba_05db0fb1,node,453,21,14,81,81,-1,-1
3875,6bba_05db0fb1,node,454,21,17,78,174,-1,-1
3876,6bba_05db0fb1,node,455,21,15,81,53,-1,-1
3877,6bba_05db0fb1,node,456,21,16,190,177,-1,-1
3878,6bba_05db0fb1,node,457,21,14,61,81,-1,-1
3879,6bba_05db0fb1,node,458,21,15,177,195,-1,-1
3880,6bba_05db0fb1,node,459,21,15,81,209,-1,-1
3881,6bba_05db0fb1,node,460,21,16,63,196,-1,-1
3882,6bba_05db0fb1,node,461,21,17,64,46,-1,-1
3883,6bba_05db0fb1,node,462,21,18,51,177,-1,-1
3884,6bba_05db0fb1,node,463,21,17,178,46,-1,-1
3885,6bba_05db0fb1,node,464,21,16,193,209,-1,-1
3886,6bba_05db0fb1,node,465,21,17,188,76,-1,-1
3887,6bba_05db0fb1,node,466,21,39,78,174,-1,-1
3888,6bba_05db0fb1,node,467,21,15,209,209,-1,-1
3889,6bba_05db0fb1,node,468,21,49,176,174,-1,-1
3890,6bba_05db0fb1,node,469,21,41,79,81,-1,-1
3891,6bba_05db0fb1,node,470,21,45,60,74,-1,-1
3892,6bba_05db0fb1,node,471,21,42,177,50,-1,-1
3893,6bba_05db0fb1,node,472,21,41,174,78,-1,-1
3894,6bba_05db0fb1,node,473,21,47,194,78,-1,-1
3895,6bba_05db0fb1,node,474,22,17,78,174,-1,-1
3896,6bba_05db0fb1,node,475,22,17,68,46,-1,-1
3897,6bba_05db0fb1,node,476,22,15,190,177,-1,-1
3898,6bba_05db0fb1,node,477,22,14,81,59,-1,-1
3899,6bba_05db0fb1,node,478,22,15,81,209,-1,-1
3900,6bba_05db0fb1,node,479,22,16,189,188,-1,-1
3901,6bba_05db0fb1,node,480,22,16,67,195,-1,-1
3902,6bba_05db0fb1,node,481,22,17,174,53,-1,-1
3903,6bba_05db0fb1,node,482,22,15,177,198,-1,-1
3904,6bba_05db0fb1,node,483,22,15,209,209,-1,-1
3905,6bba_05db0fb1,node,484,22,39,78,174,-1,-1
3906,6bba_05db0fb1,node,485,22,49,176,174,-1,-1
3907,6bba_05db0fb1,node,486,22,42,174,78,-1,-1
3908,6bba_05db0fb1,node,487,22,48,177,81,-1,-1
3909,6bba_05db0fb1,node,488,22,14,60,81,-1,-1
3910,6bba_05db0fb1,node,489,22,45,59,78,-1,-1
3911,6bba_05db0fb1,node,490,22,41,175,51,-1,-1
3912,6bba_05db0fb1,node,492,23,17,78,177,-1,-1
3913,6bba_05db0fb1,node,493,23,17,69,50,-1,-1
3914,6bba_05db0fb1,node,494,23,15,188,189,-1,-1
3915,6bba_05db0fb1,node,495,23,14,177,203,-1,-1
3916,6bba_05db0fb1,node,496,23,14,67,198,-1,-1
3917,6bba_05db0fb1,node,497,23,18,54,187,-1,-1
3918,6bba_05db0fb1,node,498,23,38,78,174,-1,-1
3919,6bba_05db0fb1,node,499,23,48,177,174,-1,-1
3920,6bba_05db0fb1,node,500,23,40,174,78,-1,-1
3921,6bba_05db0fb1,node,501,23,16,174,53,-1,-1
3922,6bba_05db0fb1,node,502,23,47,177,81,-1,-1
3923,6bba_05db0fb1,node,503,23,45,60,78,-1,-1
3924,6bba_05db0fb1,node,504,23,42,82,188,-1,-1
3925,6bba_05db0fb1,node,505,23,47,174,200,-1,-1
3926,6bba_05db0fb1,node,506,23,40,174,57,-1,-1
3927,6bba_05db0fb1,node,507,23,49,209,174,-1,-1
3928,6bba_05db0fb1,node,508,24,17,78,177,-1,-1
3929,6bba_05db0fb1,node,509,24,17,69,50,-1,-1
3930,6bba_05db0fb1,node,510,24,14,69,202,-1,-1
3931,6bba_05db0fb1,node,511,24,14,177,174,-1,-1
3932,6bba_05db0fb1,node,512,24,15,177,205,-1,-1
3933,6bba_05db0fb1,node,513,24,15,188,190,-1,-1
3934,6bba_05db0fb1,node,514,24,18,53,187,-1,-1
3935,6bba_05db0fb1,node,515,24,40,174,78,-1,-1
3936,6bba_05db0fb1,node,516,24,49,176,177,-1,-1
3937,6bba_05db0fb1,node,517,24,17,179,69,-1,-1
3938,6bba_05db0fb1,node,518,24,38,78,174,-1,-1
3939,6bba_05db0fb1,node,519,24,41,80,188,-1,-1
3940,6bba_05db0fb1,node,520,24,45,60,78,-1,-1
3941,6bba_05db0fb1,node,521,24,47,182,81,-1,-1
3942,6bba_05db0fb1,node,522,24,41,177,174,-1,-1
3943,6bba_05db0fb1,node,523,24,18,209,189,-1,-1
3944,6bba_05db0fb1,node,524,24,47,174,203,-1,-1
3945,6bba_05db0fb1,node,525,24,40,174,59,-1,-1
3946,6bba_05db0fb1,node,528,24,47,209,174,-1,-1
3947,6bba_05db0fb1,node,529,25,17,77,177,-1,-1
3948,6bba_05db0fb1,node,530,25,14,71,203,-1,-1
3949,6bba_05db0fb1,node,531,25,15,66,53,-1,-1
3950,6bba_05db0fb1,node,532,25,15,186,196,-1,-1
3951,6bba_05db0fb1,node,533,25,17,204,196,-1,-1
3952,6bba_05db0fb1,node,534,25,17,52,194,-1,-1
3953,6bba_05db0fb1,node,535,25,49,177,177,-1,-1
3954,6bba_05db0fb1,node,536,25,38,78,174,-1,-1
3955,6bba_05db0fb1,node,537,25,14,178,174,-1,-1
3956,6bba_05db0fb1,node,538,25,40,174,80,-1,-1
3957,6bba_05db0fb1,node,539,25,46,78,81,-1,-1
3958,6bba_05db0fb1,node,540,25,50,188,81,-1,-1
3959,6bba_05db0fb1,node,541,25,44,59,78,-1,-1
3960,6bba_05db0fb1,node,543,25,17,177,69,-1,-1
3961,6bba_05db0fb1,node,544,25,39,188,174,-1,-1
3962,6bba_05db0fb1,node,545,25,46,81,52,-1,-1
3963,6bba_05db0fb1,node,546,25,39,174,61,-1,-1
3964,6bba_05db0fb1,node,547,25,42,208,177,-1,-1
3965,6bba_05db0fb1,node,548,26,16,177,177,-1,-1
3966,6bba_05db0fb1,node,549,26,15,177,81,-1,-1
3967,6bba_05db0fb1,node,550,26,18,81,54,-1,-1
3968,6bba_05db0fb1,node,551,26,14,66,74,-1,-1
3969,6bba_05db0fb1,node,552,26,17,54,177,-1,-1
3970,6bba_05db0fb1,node,553,26,18,174,202,-1,-1
3971,6bba_05db0fb1,node,554,26,17,80,194,-1,-1
3972,6bba_05db0fb1,node,555,26,16,193,174,-1,-1
3973,6bba_05db0fb1,node,556,26,17,174,53,-1,-1
3974,6bba_05db0fb1,node,557,26,17,195,60,-1,-1
3975,6bba_05db0fb1,node,558,26,18,55,208,-1,-1
3976,6bba_05db0fb1,node,559,26,17,202,195,-1,-1
3977,6bba_05db0fb1,node,560,26,39,52,66,-1,-1
3978,6bba_05db0fb1,node,561,26,42,188,78,-1,-1
3979,6bba_05db0fb1,node,562,26,46,67,81,-1,-1
3980,6bba_05db0fb1,node,563,26,39,71,174,-1,-1
3981,6bba_05db0fb1,node,564,26,50,177,59,-1,-1
3982,6bba_05db0fb1,node,565,26,45,81,60,-1,-1
3983,6bba_05db0fb1,node,566,26,49,177,188,-1,-1
3984,6bba_05db0fb1,node,567,26,47,195,174,-1,-1
3985,6bba_05db0fb1,node,568,27,16,177,177,-1,-1
3986,6bba_05db0fb1,node,569,27,15,177,81,-1,-1
3987,6bba_05db0fb1,node,570,27,18,81,54,-1,-1
3988,6bba_05db0fb1,node,571,27,14,66,74,-1,-1
3989,6bba_05db0fb1,node,572,27,17,54,177,-1,-1
3990,6bba_05db0fb1,node,573,27,18,174,202,-1,-1
3991,6bba_05db0fb1,node,574,27,17,80,194,-1,-1
3992,6bba_05db0fb1,node,575,27,16,193,174,-1,-1
3993,6bba_05db0fb1,node,576,27,17,174,53,-1,-1
3994,6bba_05db0fb1,node,577,27,17,195,60,-1,-1
3995,6bba_05db0fb1,node,578,27,18,55,208,-1,-1
3996,6bba_05db0fb1,node,579,27,17,202,195,-1,-1
3997,6bba_05db0fb1,node,580,27,39,52,66,-1,-1
3998,6bba_05db0fb1,node,581,27,42,188,78,-1,-1
3999,6bba_05db0fb1,node,582,27,46,67,81,-1,-1
4000,6bba_05db0fb1,node,583,27,39,71,174,-1,-1
4001,6bba_05db0fb1,node,584,27,50,177,59,-1,-1
4002,6bba_05db0fb1,node,585,27,45,81,60,-1,-1
4003,6bba_05db0fb1,node,586,27,49,177,188,-1,-1
4004,6bba_05db0fb1,node,587,27,47,195,174,-1,-1
4005,6bba_05db0fb1,node,588,28,16,79,67,-1,-1
4006,6bba_05db0fb1,node,589,28,14,176,196,-1,-1
4007,6bba_05db0fb1,node,590,28,15,194,177,-1,-1
4008,6bba_05db0fb1,node,591,28,15,50,177,-1,-1
4009,6bba_05db0fb1,node,592,28,17,174,66,-1,-1
4010,6bba_05db0fb1,node,593,28,16,60,188,-1,-1
4011,6bba_05db0fb1,node,594,28,17,75,202,-1,-1
4012,6bba_05db0fb1,node,595,28,16,198,69,-1,-1
4013,6bba_05db0fb1,node,596,28,14,208,202,-1,-1
4014,6bba_05db0fb1,node,597,28,15,180,81,-1,-1
4015,6bba_05db0fb1,node,598,28,18,50,81,-1,-1
4016,6bba_05db0fb1,node,599,28,18,188,204,-1,-1
4017,6bba_05db0fb1,node,600,28,17,59,209,-1,-1
4018,6bba_05db0fb1,node,601,28,40,174,177,-1,-1
4019,6bba_05db0fb1,node,602,28,47,175,193,-1,-1
4020,6bba_05db0fb1,node,603,28,48,209,78,-1,-1
4021,6bba_05db0fb1,node,604,28,39,78,177,-1,-1
4022,6bba_05db0fb1,node,605,28,50,177,78,-1,-1
4023,6bba_05db0fb1,node,606,28,49,176,63,-1,-1
4024,6bba_05db0fb1,node,607,28,38,209,78,-1,-1
4025,6bba_05db0fb1,node,608,28,49,81,81,-1,-1
4026,6bba_05db0fb1,node,609,28,41,191,81,-1,-1
4027,6bba_05db0fb1,node,610,28,42,177,46,-1,-1
4028,6bba_05db0fb1,node,611,29,18,81,176,-1,-1
4029,6bba_05db0fb1,node,612,29,16,81,78,-1,-1
4030,6bba_05db0fb1,node,613,29,16,79,67,-1,-1
4031,6bba_05db0fb1,node,614,29,15,188,174,-1,-1
4032,6bba_05db0fb1,node,615,29,18,79,46,-1,-1
4033,6bba_05db0fb1,node,616,29,14,177,202,-1,-1
4034,6bba_05db0fb1,node,617,29,17,80,202,-1,-1
4035,6bba_05db0fb1,node,618,29,16,196,78,-1,-1
4036,6bba_05db0fb1,node,619,29,17,51,177,-1,-1
4037,6bba_05db0fb1,node,620,29,17,174,67,-1,-1
4038,6bba_05db0fb1,node,621,29,15,59,187,-1,-1
4039,6bba_05db0fb1,node,622,29,15,195,187,-1,-1
4040,6bba_05db0fb1,node,623,29,16,199,69,-1,-1
4041,6bba_05db0fb1,node,624,29,14,209,204,-1,-1
4042,6bba_05db0fb1,node,625,29,15,180,81,-1,-1
4043,6bba_05db0fb1,node,626,29,17,195,52,-1,-1
4044,6bba_05db0fb1,node,627,29,18,188,206,-1,-1
4045,6bba_05db0fb1,node,628,29,14,60,46,-1,-1
4046,6bba_05db0fb1,node,629,29,39,175,177,-1,-1
4047,6bba_05db0fb1,node,630,29,49,81,81,-1,-1
4048,6bba_05db0fb1,node,631,29,48,209,79,-1,-1
4049,6bba_05db0fb1,node,632,29,49,175,64,-1,-1
4050,6bba_05db0fb1,node,633,29,46,175,193,-1,-1
4051,6bba_05db0fb1,node,634,29,42,80,63,-1,-1
4052,6bba_05db0fb1,node,635,29,38,69,177,-1,-1
4053,6bba_05db0fb1,node,636,29,38,209,81,-1,-1
4054,6bba_05db0fb1,node,637,29,41,188,81,-1,-1
4055,6bba_05db0fb1,node,638,29,42,176,46,-1,-1
4056,6bba_05db0fb1,node,639,29,41,209,177,-1,-1
4057,6bba_05db0fb1,node,640,29,50,177,78,-1,-1
4058,6bba_05db0fb1,node,642,30,16,80,78,-1,-1
4059,6bba_05db0fb1,node,643,30,17,81,177,-1,-1
4060,6bba_05db0fb1,node,644,30,18,65,174,-1,-1
4061,6bba_05db0fb1,node,645,30,17,78,46,-1,-1
4062,6bba_05db0fb1,node,646,30,15,193,174,-1,-1
4063,6bba_05db0fb1,node,647,30,16,202,78,-1,-1
4064,6bba_05db0fb1,node,648,30,14,177,204,-1,-1
4065,6bba_05db0fb1,node,649,30,17,81,204,-1,-1
4066,6bba_05db0fb1,node,651,30,15,192,188,-1,-1
4067,6bba_05db0fb1,node,652,30,17,54,186,-1,-1
4068,6bba_05db0fb1,node,653,30,18,190,47,-1,-1
4069,6bba_05db0fb1,node,654,30,17,174,68,-1,-1
4070,6bba_05db0fb1,node,655,30,14,60,51,-1,-1
4071,6bba_05db0fb1,node,656,30,14,209,206,-1,-1
4072,6bba_05db0fb1,node,657,30,48,81,81,-1,-1
4073,6bba_05db0fb1,node,658,30,50,177,78,-1,-1
4074,6bba_05db0fb1,node,659,30,46,209,81,-1,-1
4075,6bba_05db0fb1,node,660,30,49,175,66,-1,-1
4076,6bba_05db0fb1,node,661,30,41,80,65,-1,-1
4077,6bba_05db0fb1,node,662,30,42,176,46,-1,-1
4078,6bba_05db0fb1,node,663,30,38,69,177,-1,-1
4079,6bba_05db0fb1,node,665,30,40,189,81,-1,-1
4080,6bba_05db0fb1,node,666,30,49,64,59,-1,-1
4081,6bba_05db0fb1,node,667,30,39,209,177,-1,-1
4082,6bba_05db0fb1,node,668,30,38,209,81,-1,-1
4083,6bba_05db0fb1,node,669,30,46,175,196,-1,-1
4084,6bba_05db0fb1,node,671,31,16,80,78,-1,-1
4085,6bba_05db0fb1,node,672,31,17,65,175,-1,-1
4086,6bba_05db0fb1,node,673,31,18,198,81,-1,-1
4087,6bba_05db0fb1,node,674,31,14,174,174,-1,-1
4088,6bba_05db0fb1,node,675,31,18,196,177,-1,-1
4089,6bba_05db0fb1,node,676,31,16,81,58,-1,-1
4090,6bba_05db0fb1,node,677,31,16,61,195,-1,-1
4091,6bba_05db0fb1,node,678,31,14,195,200,-1,-1
4092,6bba_05db0fb1,node,679,31,15,60,46,-1,-1
4093,6bba_05db0fb1,node,680,31,17,187,57,-1,-1
4094,6bba_05db0fb1,node,681,31,17,177,189,-1,-1
4095,6bba_05db0fb1,node,682,31,15,74,209,-1,-1
4096,6bba_05db0fb1,node,683,31,42,175,50,-1,-1
4097,6bba_05db0fb1,node,684,31,39,78,68,-1,-1
4098,6bba_05db0fb1,node,685,31,50,80,50,-1,-1
4099,6bba_05db0fb1,node,686,31,39,78,208,-1,-1
4100,6bba_05db0fb1,node,687,31,47,55,78,-1,-1
4101,6bba_05db0fb1,node,688,31,10,3,177,-1,-1
4102,6bba_05db0fb1,node,689,31,42,194,177,-1,-1
4103,6bba_05db0fb1,node,690,31,48,174,70,-1,-1
4104,6bba_05db0fb1,node,691,31,15,174,78,-1,-1
4105,6bba_05db0fb1,node,692,31,49,204,78,-1,-1
4106,6bba_05db0fb1,node,693,32,16,81,81,-1,-1
4107,6bba_05db0fb1,node,694,32,16,63,174,-1,-1
4108,6bba_05db0fb1,node,695,32,18,198,81,-1,-1
4109,6bba_05db0fb1,node,696,32,17,177,62,-1,-1
4110,6bba_05db0fb1,node,697,32,16,80,59,-1,-1
4111,6bba_05db0fb1,node,698,32,17,177,190,-1,-1
4112,6bba_05db0fb1,node,699,32,16,55,194,-1,-1
4113,6bba_05db0fb1,node,700,32,16,62,46,-1,-1
4114,6bba_05db0fb1,node,701,32,14,192,202,-1,-1
4115,6bba_05db0fb1,node,702,32,18,198,186,-1,-1
4116,6bba_05db0fb1,node,703,32,14,174,174,-1,-1
4117,6bba_05db0fb1,node,705,32,15,72,209,-1,-1
4118,6bba_05db0fb1,node,706,32,41,175,50,-1,-1
4119,6bba_05db0fb1,node,707,32,39,78,208,-1,-1
4120,6bba_05db0fb1,node,708,32,43,195,177,-1,-1
4121,6bba_05db0fb1,node,709,32,50,79,51,-1,-1
4122,6bba_05db0fb1,node,710,32,46,52,78,-1,-1
4123,6bba_05db0fb1,node,711,32,39,80,68,-1,-1
4124,6bba_05db0fb1,node,712,32,10,3,177,-1,-1
4125,6bba_05db0fb1,node,713,32,47,70,81,-1,-1
4126,6bba_05db0fb1,node,714,32,47,206,81,-1,-1
4127,6bba_05db0fb1,node,715,32,47,174,69,-1,-1
4128,6bba_05db0fb1,node,717,33,17,62,177,-1,-1
4129,6bba_05db0fb1,node,718,33,16,177,67,-1,-1
4130,6bba_05db0fb1,node,719,33,17,195,174,-1,-1
4131,6bba_05db0fb1,node,720,33,17,194,81,-1,-1
4132,6bba_05db0fb1,node,721,33,18,177,174,-1,-1
4133,6bba_05db0fb1,node,722,33,15,177,197,-1,-1
4134,6bba_05db0fb1,node,723,33,17,80,46,-1,-1
4135,6bba_05db0fb1,node,724,33,15,62,50,-1,-1
4136,6bba_05db0fb1,node,725,33,16,78,66,-1,-1
4137,6bba_05db0fb1,node,726,33,18,195,193,-1,-1
4138,6bba_05db0fb1,node,727,33,14,187,209,-1,-1
4139,6bba_05db0fb1,node,728,33,15,54,202,-1,-1
4140,6bba_05db0fb1,node,730,33,16,78,81,-1,-1
4141,6bba_05db0fb1,node,731,33,14,80,188,-1,-1
4142,6bba_05db0fb1,node,732,33,39,81,78,-1,-1
4143,6bba_05db0fb1,node,733,33,41,175,53,-1,-1
4144,6bba_05db0fb1,node,734,33,37,66,174,-1,-1
4145,6bba_05db0fb1,node,735,33,46,52,79,-1,-1
4146,6bba_05db0fb1,node,736,33,39,78,209,-1,-1
4147,6bba_05db0fb1,node,737,33,50,81,78,-1,-1
4148,6bba_05db0fb1,node,738,33,48,204,81,-1,-1
4149,6bba_05db0fb1,node,739,33,49,81,50,-1,-1
4150,6bba_05db0fb1,node,740,34,16,177,78,-1,-1
4151,6bba_05db0fb1,node,741,34,18,63,177,-1,-1
4152,6bba_05db0fb1,node,742,34,17,195,177,-1,-1
4153,6bba_05db0fb1,node,743,34,15,177,203,-1,-1
4154,6bba_05db0fb1,node,744,34,17,190,81,-1,-1
4155,6bba_05db0fb1,node,745,34,16,78,68,-1,-1
4156,6bba_05db0fb1,node,746,34,17,81,46,-1,-1
4157,6bba_05db0fb1,node,747,34,16,58,54,-1,-1
4158,6bba_05db0fb1,node,748,34,18,195,197,-1,-1
4159,6bba_05db0fb1,node,749,34,16,54,203,-1,-1
4160,6bba_05db0fb1,node,750,34,40,81,78,-1,-1
4161,6bba_05db0fb1,node,751,34,50,81,78,-1,-1
4162,6bba_05db0fb1,node,752,34,37,65,174,-1,-1
4163,6bba_05db0fb1,node,753,34,41,174,54,-1,-1
4164,6bba_05db0fb1,node,754,34,46,52,81,-1,-1
4165,6bba_05db0fb1,node,755,34,49,203,81,-1,-1
4166,6bba_05db0fb1,node,756,34,46,78,50,-1,-1
4167,6bba_05db0fb1,node,757,34,47,190,174,-1,-1
4168,6bba_05db0fb1,node,758,35,16,177,78,-1,-1
4169,6bba_05db0fb1,node,759,35,18,63,177,-1,-1
4170,6bba_05db0fb1,node,760,35,17,195,177,-1,-1
4171,6bba_05db0fb1,node,761,35,15,177,203,-1,-1
4172,6bba_05db0fb1,node,762,35,17,190,81,-1,-1
4173,6bba_05db0fb1,node,763,35,16,78,68,-1,-1
4174,6bba_05db0fb1,node,764,35,17,81,46,-1,-1
4175,6bba_05db0fb1,node,765,35,16,58,54,-1,-1
4176,6bba_05db0fb1,node,766,35,18,195,197,-1,-1
4177,6bba_05db0fb1,node,767,35,16,54,203,-1,-1
4178,6bba_05db0fb1,node,768,35,40,81,78,-1,-1
4179,6bba_05db0fb1,node,769,35,50,81,78,-1,-1
4180,6bba_05db0fb1,node,770,35,37,65,174,-1,-1
4181,6bba_05db0fb1,node,771,35,41,174,54,-1,-1
4182,6bba_05db0fb1,node,772,35,46,52,81,-1,-1
4183,6bba_05db0fb1,node,773,35,49,203,81,-1,-1
4184,6bba_05db0fb1,node,774,35,46,78,50,-1,-1
4185,6bba_05db0fb1,node,775,35,47,190,174,-1,-1
4186,6bba_05db0fb1,node,776,36,15,78,78,-1,-1
4187,6bba_05db0fb1,node,777,36,17,65,177,-1,-1
4188,6bba_05db0fb1,node,778,36,16,193,177,-1,-1
4189,6bba_05db0fb1,node,779,36,15,177,209,-1,-1
4190,6bba_05db0fb1,node,780,36,14,58,60,-1,-1
4191,6bba_05db0fb1,node,781,36,16,79,46,-1,-1
4192,6bba_05db0fb1,node,782,36,17,194,203,-1,-1
4193,6bba_05db0fb1,node,783,36,15,54,204,-1,-1
4194,6bba_05db0fb1,node,784,36,16,174,78,-1,-1
4195,6bba_05db0fb1,node,785,36,17,177,187,-1,-1
4196,6bba_05db0fb1,node,786,36,50,81,78,-1,-1
4197,6bba_05db0fb1,node,787,36,39,81,78,-1,-1
4198,6bba_05db0fb1,node,788,36,18,180,51,-1,-1
4199,6bba_05db0fb1,node,789,36,42,174,58,-1,-1
4200,6bba_05db0fb1,node,790,36,38,51,77,-1,-1
4201,6bba_05db0fb1,node,791,36,46,78,52,-1,-1
4202,6bba_05db0fb1,node,792,36,48,202,80,-1,-1
4203,6bba_05db0fb1,node,793,36,38,68,174,-1,-1
4204,6bba_05db0fb1,node,794,36,47,177,196,-1,-1
4205,6bba_05db0fb1,node,795,36,50,208,174,-1,-1
4206,6bba_05db0fb1,node,796,37,15,81,78,-1,-1
4207,6bba_05db0fb1,node,797,37,17,64,177,-1,-1
4208,6bba_05db0fb1,node,798,37,17,177,187,-1,-1
4209,6bba_05db0fb1,node,799,37,18,174,78,-1,-1
4210,6bba_05db0fb1,node,800,37,15,58,59,-1,-1
4211,6bba_05db0fb1,node,801,37,15,54,203,-1,-1
4212,6bba_05db0fb1,node,802,37,16,188,187,-1,-1
4213,6bba_05db0fb1,node,803,37,16,193,206,-1,-1
4214,6bba_05db0fb1,node,804,37,16,79,46,-1,-1
4215,6bba_05db0fb1,node,805,37,50,81,78,-1,-1
4216,6bba_05db0fb1,node,806,37,15,177,209,-1,-1
4217,6bba_05db0fb1,node,807,37,39,81,78,-1,-1
4218,6bba_05db0fb1,node,808,37,18,179,52,-1,-1
4219,6bba_05db0fb1,node,809,37,41,174,59,-1,-1
4220,6bba_05db0fb1,node,810,37,48,203,80,-1,-1
4221,6bba_05db0fb1,node,811,37,46,78,52,-1,-1
4222,6bba_05db0fb1,node,812,37,38,51,78,-1,-1
4223,6bba_05db0fb1,node,813,37,38,68,174,-1,-1
4224,6bba_05db0fb1,node,814,37,47,190,174,-1,-1
4225,6bba_05db0fb1,node,815,37,47,177,196,-1,-1
4226,6bba_05db0fb1,node,817,38,14,81,79,-1,-1
4227,6bba_05db0fb1,node,818,38,17,63,177,-1,-1
4228,6bba_05db0fb1,node,819,38,15,187,174,-1,-1
4229,6bba_05db0fb1,node,820,38,17,177,194,-1,-1
4230,6bba_05db0fb1,node,821,38,14,58,66,-1,-1
4231,6bba_05db0fb1,node,822,38,15,55,46,-1,-1
4232,6bba_05db0fb1,node,823,38,17,180,53,-1,-1
4233,6bba_05db0fb1,node,824,38,15,188,190,-1,-1
4234,6bba_05db0fb1,node,825,38,15,57,205,-1,-1
4235,6bba_05db0fb1,node,826,38,16,193,209,-1,-1
4236,6bba_05db0fb1,node,827,38,15,79,46,-1,-1
4237,6bba_05db0fb1,node,828,38,39,78,78,-1,-1
4238,6bba_05db0fb1,node,829,38,49,81,78,-1,-1
4239,6bba_05db0fb1,node,830,38,18,174,81,-1,-1
4240,6bba_05db0fb1,node,831,38,38,69,174,-1,-1
4241,6bba_05db0fb1,node,832,38,47,203,81,-1,-1
4242,6bba_05db0fb1,node,833,38,40,174,59,-1,-1
4243,6bba_05db0fb1,node,834,38,46,190,174,-1,-1
4244,6bba_05db0fb1,node,835,38,38,51,78,-1,-1
4245,6bba_05db0fb1,node,836,38,47,177,196,-1,-1
4246,6bba_05db0fb1,node,837,38,48,64,58,-1,-1
4247,6bba_05db0fb1,node,839,39,18,81,80,-1,-1
4248,6bba_05db0fb1,node,840,39,15,177,192,-1,-1
4249,6bba_05db0fb1,node,841,39,14,67,187,-1,-1
4250,6bba_05db0fb1,node,842,39,16,59,78,-1,-1
4251,6bba_05db0fb1,node,843,39,18,174,68,-1,-1
4252,6bba_05db0fb1,node,844,39,18,56,64,-1,-1
4253,6bba_05db0fb1,node,845,39,14,174,174,-1,-1
4254,6bba_05db0fb1,node,846,39,17,198,208,-1,-1
4255,6bba_05db0fb1,node,847,39,46,81,78,-1,-1
4256,6bba_05db0fb1,node,849,39,44,64,60,-1,-1
4257,6bba_05db0fb1,node,850,39,42,60,78,-1,-1
4258,6bba_05db0fb1,node,851,39,49,176,55,-1,-1
4259,6bba_05db0fb1,node,852,39,40,187,174,-1,-1
4260,6bba_05db0fb1,node,853,39,41,177,199,-1,-1
4261,6bba_05db0fb1,node,854,39,47,190,177,-1,-1
4262,6bba_05db0fb1,node,855,39,50,186,78,-1,-1
4263,6bba_05db0fb1,node,856,39,50,65,77,-1,-1
4264,6bba_05db0fb1,node,857,39,47,164,209,-1,-1
4265,6bba_05db0fb1,node,858,40,13,59,74,-1,-1
4266,6bba_05db0fb1,node,859,40,15,177,209,-1,-1
4267,6bba_05db0fb1,node,860,40,17,177,194,-1,-1
4268,6bba_05db0fb1,node,861,40,17,60,188,-1,-1
4269,6bba_05db0fb1,node,862,40,17,81,46,-1,-1
4270,6bba_05db0fb1,node,863,40,16,174,177,-1,-1
4271,6bba_05db0fb1,node,864,40,16,206,209,-1,-1
4272,6bba_05db0fb1,node,866,40,39,177,78,-1,-1
4273,6bba_05db0fb1,node,867,40,49,81,78,-1,-1
4274,6bba_05db0fb1,node,868,40,47,176,174,-1,-1
4275,6bba_05db0fb1,node,869,40,39,71,81,-1,-1
4276,6bba_05db0fb1,node,870,40,42,187,176,-1,-1
4277,6bba_05db0fb1,node,871,40,37,65,174,-1,-1
4278,6bba_05db0fb1,node,872,40,42,177,199,-1,-1
4279,6bba_05db0fb1,node,873,40,47,209,177,-1,-1
4280,6bba_05db0fb1,node,874,40,39,174,65,-1,-1
4281,6bba_05db0fb1,node,875,40,41,81,195,-1,-1
4282,6bba_05db0fb1,node,876,40,47,175,46,-1,-1
4283,6bba_05db0fb1,node,877,40,46,59,78,-1,-1
4284,6bba_05db0fb1,node,878,40,47,177,202,-1,-1
4285,6bba_05db0fb1,node,879,40,15,174,78,-1,-1
4286,6bba_05db0fb1,node,881,41,13,60,78,-1,-1
4287,6bba_05db0fb1,node,882,41,15,69,177,-1,-1
4288,6bba_05db0fb1,node,883,41,17,176,204,-1,-1
4289,6bba_05db0fb1,node,884,41,16,192,174,-1,-1
4290,6bba_05db0fb1,node,885,41,16,174,188,-1,-1
4291,6bba_05db0fb1,node,886,41,17,60,189,-1,-1
4292,6bba_05db0fb1,node,887,41,17,81,46,-1,-1
4293,6bba_05db0fb1,node,888,41,14,54,59,-1,-1
4294,6bba_05db0fb1,node,889,41,18,59,60,-1,-1
4295,6bba_05db0fb1,node,890,41,15,174,74,-1,-1
4296,6bba_05db0fb1,node,891,41,46,175,174,-1,-1
4297,6bba_05db0fb1,node,892,41,38,177,81,-1,-1
4298,6bba_05db0fb1,node,894,41,48,81,81,-1,-1
4299,6bba_05db0fb1,node,895,41,38,70,81,-1,-1
4300,6bba_05db0fb1,node,896,41,50,197,78,-1,-1
4301,6bba_05db0fb1,node,898,41,41,176,201,-1,-1
4302,6bba_05db0fb1,node,899,41,51,174,59,-1,-1
4303,6bba_05db0fb1,node,900,41,37,65,174,-1,-1
4304,6bba_05db0fb1,node,901,41,42,187,177,-1,-1
4305,6bba_05db0fb1,node,902,41,39,81,194,-1,-1
4306,6bba_05db0fb1,node,903,41,38,174,66,-1,-1
4307,6bba_05db0fb1,node,904,41,46,58,78,-1,-1
4308,6bba_05db0fb1,node,905,41,46,209,177,-1,-1
4309,6bba_05db0fb1,node,906,41,46,174,46,-1,-1
4310,6bba_05db0fb1,node,907,42,13,61,81,-1,-1
4311,6bba_05db0fb1,node,908,42,15,69,177,-1,-1
4312,6bba_05db0fb1,node,909,42,15,189,174,-1,-1
4313,6bba_05db0fb1,node,910,42,16,174,190,-1,-1
4314,6bba_05db0fb1,node,911,42,17,177,209,-1,-1
4315,6bba_05db0fb1,node,912,42,17,81,46,-1,-1
4316,6bba_05db0fb1,node,913,42,17,60,193,-1,-1
4317,6bba_05db0fb1,node,914,42,19,59,62,-1,-1
4318,6bba_05db0fb1,node,915,42,14,57,60,-1,-1
4319,6bba_05db0fb1,node,916,42,47,176,174,-1,-1
4320,6bba_05db0fb1,node,917,42,39,177,81,-1,-1
4321,6bba_05db0fb1,node,918,42,47,81,81,-1,-1
4322,6bba_05db0fb1,node,919,42,38,69,81,-1,-1
4323,6bba_05db0fb1,node,920,42,50,197,80,-1,-1
4324,6bba_05db0fb1,node,921,42,37,65,174,-1,-1
4325,6bba_05db0fb1,node,922,42,51,174,59,-1,-1
4326,6bba_05db0fb1,node,923,42,41,176,202,-1,-1
4327,6bba_05db0fb1,node,924,42,38,80,196,-1,-1
4328,6bba_05db0fb1,node,925,42,42,187,177,-1,-1
4329,6bba_05db0fb1,node,926,42,39,174,68,-1,-1
4330,6bba_05db0fb1,node,927,42,14,50,174,-1,-1
4331,6bba_05db0fb1,node,928,42,17,174,78,-1,-1
4332,6bba_05db0fb1,node,929,42,46,174,46,-1,-1
4333,6bba_05db0fb1,node,930,42,39,81,59,-1,-1
4334,6bba_05db0fb1,node,932,42,46,208,177,-1,-1
4335,6bba_05db0fb1,node,933,43,16,69,177,-1,-1
4336,6bba_05db0fb1,node,934,43,13,62,81,-1,-1
4337,6bba_05db0fb1,node,935,43,15,186,175,-1,-1
4338,6bba_05db0fb1,node,936,43,16,174,194,-1,-1
4339,6bba_05db0fb1,node,937,43,17,80,46,-1,-1
4340,6bba_05db0fb1,node,938,43,17,59,193,-1,-1
4341,6bba_05db0fb1,node,939,43,15,81,194,-1,-1
4342,6bba_05db0fb1,node,940,43,13,56,62,-1,-1
4343,6bba_05db0fb1,node,941,43,47,176,174,-1,-1
4344,6bba_05db0fb1,node,942,43,39,177,78,-1,-1
4345,6bba_05db0fb1,node,943,43,47,81,81,-1,-1
4346,6bba_05db0fb1,node,944,43,38,69,81,-1,-1
4347,6bba_05db0fb1,node,945,43,38,67,174,-1,-1
4348,6bba_05db0fb1,node,946,43,49,199,81,-1,-1
4349,6bba_05db0fb1,node,947,43,50,174,59,-1,-1
4350,6bba_05db0fb1,node,948,43,40,176,203,-1,-1
4351,6bba_05db0fb1,node,949,43,39,81,196,-1,-1
4352,6bba_05db0fb1,node,950,43,41,187,177,-1,-1
4353,6bba_05db0fb1,node,951,43,15,50,174,-1,-1
4354,6bba_05db0fb1,node,952,43,40,81,59,-1,-1
4355,6bba_05db0fb1,node,953,44,15,69,177,-1,-1
4356,6bba_05db0fb1,node,954,44,18,174,177,-1,-1
4357,6bba_05db0fb1,node,955,44,13,65,81,-1,-1
4358,6bba_05db0fb1,node,956,44,15,174,202,-1,-1
4359,6bba_05db0fb1,node,957,44,15,81,50,-1,-1
4360,6bba_05db0fb1,node,958,44,16,81,192,-1,-1
4361,6bba_05db0fb1,node,959,44,17,64,195,-1,-1
4362,6bba_05db0fb1,node,960,44,18,202,209,-1,-1
4363,6bba_05db0fb1,node,961,44,14,54,66,-1,-1
4364,6bba_05db0fb1,node,962,44,47,176,174,-1,-1
4365,6bba_05db0fb1,node,963,44,39,177,81,-1,-1
4366,6bba_05db0fb1,node,964,44,38,68,174,-1,-1
4367,6bba_05db0fb1,node,965,44,49,81,81,-1,-1
4368,6bba_05db0fb1,node,966,44,49,200,81,-1,-1
4369,6bba_05db0fb1,node,967,44,39,69,81,-1,-1
4370,6bba_05db0fb1,node,968,44,39,175,209,-1,-1
4371,6bba_05db0fb1,node,969,44,49,174,60,-1,-1
4372,6bba_05db0fb1,node,970,44,40,81,198,-1,-1
4373,6bba_05db0fb1,node,971,44,49,67,46,-1,-1
4374,6bba_05db0fb1,node,972,45,15,68,177,-1,-1
4375,6bba_05db0fb1,node,973,45,17,175,177,-1,-1
4376,6bba_05db0fb1,node,974,45,16,79,51,-1,-1
4377,6bba_05db0fb1,node,975,45,14,60,81,-1,-1
4378,6bba_05db0fb1,node,976,45,15,80,196,-1,-1
4379,6bba_05db0fb1,node,977,45,17,64,200,-1,-1
4380,6bba_05db0fb1,node,978,45,17,208,198,-1,-1
4381,6bba_05db0fb1,node,979,45,17,54,68,-1,-1
4382,6bba_05db0fb1,node,980,45,47,176,177,-1,-1
4383,6bba_05db0fb1,node,981,45,40,81,201,-1,-1
4384,6bba_05db0fb1,node,983,45,39,177,209,-1,-1
4385,6bba_05db0fb1,node,984,45,38,67,177,-1,-1
4386,6bba_05db0fb1,node,985,45,49,199,81,-1,-1
4387,6bba_05db0fb1,node,986,45,49,66,46,-1,-1
4388,6bba_05db0fb1,node,987,45,49,174,61,-1,-1
4389,6bba_05db0fb1,node,988,45,49,81,81,-1,-1
4390,6bba_05db0fb1,node,989,45,42,79,78,-1,-1
4391,6bba_05db0fb1,node,990,45,40,177,81,-1,-1
4392,6bba_05db0fb1,node,991,45,49,81,59,-1,-1
4393,6bba_05db0fb1,node,992,46,17,174,177,-1,-1
4394,6bba_05db0fb1,node,993,46,15,81,53,-1,-1
4395,6bba_05db0fb1,node,994,46,16,67,177,-1,-1
4396,6bba_05db0fb1,node,995,46,15,79,196,-1,-1
4397,6bba_05db0fb1,node,996,46,17,81,174,-1,-1
4398,6bba_05db0fb1,node,997,46,17,63,199,-1,-1
4399,6bba_05db0fb1,node,998,46,16,207,205,-1,-1
4400,6bba_05db0fb1,node,999,46,18,54,67,-1,-1
4401,6bba_05db0fb1,node,1000,46,48,176,177,-1,-1
4402,6bba_05db0fb1,node,1001,46,49,81,81,-1,-1
4403,6bba_05db0fb1,node,1002,46,40,81,201,-1,-1
4404,6bba_05db0fb1,node,1003,46,49,66,46,-1,-1
4405,6bba_05db0fb1,node,1004,46,38,67,177,-1,-1
4406,6bba_05db0fb1,node,1005,46,42,204,81,-1,-1
4407,6bba_05db0fb1,node,1006,46,48,174,62,-1,-1
4408,6bba_05db0fb1,node,1007,46,43,77,78,-1,-1
4409,6bba_05db0fb1,node,1008,46,49,81,59,-1,-1
4410,6bba_05db0fb1,node,1009,46,41,200,174,-1,-1
4411,6bba_05db0fb1,node,1010,46,41,177,81,-1,-1
4412,6bba_05db0fb1,node,1011,46,41,177,209,-1,-1
4413,6bba_05db0fb1,node,1013,46,43,71,69,-1,-1
4414,6bba_05db0fb1,node,1014,47,15,79,55,-1,-1
4415,6bba_05db0fb1,node,1015,47,16,174,186,-1,-1
4416,6bba_05db0fb1,node,1016,47,14,79,196,-1,-1
4417,6bba_05db0fb1,node,1017,47,15,67,184,-1,-1
4418,6bba_05db0fb1,node,1018,47,16,61,198,-1,-1
4419,6bba_05db0fb1,node,1019,47,15,204,208,-1,-1
4420,6bba_05db0fb1,node,1020,47,18,54,68,-1,-1
4421,6bba_05db0fb1,node,1021,47,47,176,177,-1,-1
4422,6bba_05db0fb1,node,1022,47,48,81,81,-1,-1
4423,6bba_05db0fb1,node,1023,47,39,81,202,-1,-1
4424,6bba_05db0fb1,node,1024,47,38,67,177,-1,-1
4425,6bba_05db0fb1,node,1025,47,48,81,60,-1,-1
4426,6bba_05db0fb1,node,1026,47,17,81,174,-1,-1
4427,6bba_05db0fb1,node,1027,47,42,175,209,-1,-1
4428,6bba_05db0fb1,node,1028,47,40,200,174,-1,-1
4429,6bba_05db0fb1,node,1029,47,41,204,81,-1,-1
4430,6bba_05db0fb1,node,1030,47,47,174,65,-1,-1
4431,6bba_05db0fb1,node,1031,47,42,77,78,-1,-1
4432,6bba_05db0fb1,node,1032,47,41,177,81,-1,-1
4433,6bba_05db0fb1,node,1033,47,43,70,68,-1,-1
4434,6bba_05db0fb1,node,1034,48,16,177,174,-1,-1
4435,6bba_05db0fb1,node,1035,48,16,81,174,-1,-1
4436,6bba_05db0fb1,node,1036,48,14,78,58,-1,-1
4437,6bba_05db0fb1,node,1037,48,18,177,203,-1,-1
4438,6bba_05db0fb1,node,1038,48,15,174,187,-1,-1
4439,6bba_05db0fb1,node,1039,48,15,63,188,-1,-1
4440,6bba_05db0fb1,node,1040,48,14,80,200,-1,-1
4441,6bba_05db0fb1,node,1041,48,15,60,199,-1,-1
4442,6bba_05db0fb1,node,1042,48,16,69,46,-1,-1
4443,6bba_05db0fb1,node,1043,48,15,203,209,-1,-1
4444,6bba_05db0fb1,node,1044,48,18,195,197,-1,-1
4445,6bba_05db0fb1,node,1045,48,47,176,177,-1,-1
4446,6bba_05db0fb1,node,1046,48,18,54,69,-1,-1
4447,6bba_05db0fb1,node,1047,48,41,177,81,-1,-1
4448,6bba_05db0fb1,node,1049,48,47,81,62,-1,-1
4449,6bba_05db0fb1,node,1050,48,48,81,81,-1,-1
4450,6bba_05db0fb1,node,1051,48,39,81,204,-1,-1
4451,6bba_05db0fb1,node,1052,48,38,63,177,-1,-1
4452,6bba_05db0fb1,node,1053,48,47,174,65,-1,-1
4453,6bba_05db0fb1,node,1054,48,41,199,174,-1,-1
4454,6bba_05db0fb1,node,1055,48,42,71,78,-1,-1
4455,6bba_05db0fb1,node,1056,48,40,174,58,-1,-1
4456,6bba_05db0fb1,node,1057,48,49,66,47,-1,-1
4457,6bba_05db0fb1,node,1059,48,39,81,61,-1,-1
4458,6bba_05db0fb1,node,1060,49,17,81,177,-1,-1
4459,6bba_05db0fb1,node,1061,49,16,177,175,-1,-1
4460,6bba_05db0fb1,node,1062,49,18,81,186,-1,-1
4461,6bba_05db0fb1,node,1063,49,15,81,51,-1,-1
4462,6bba_05db0fb1,node,1064,49,14,67,177,-1,-1
4463,6bba_05db0fb1,node,1065,49,17,177,204,-1,-1
4464,6bba_05db0fb1,node,1066,49,16,69,46,-1,-1
4465,6bba_05db0fb1,node,1067,49,15,55,202,-1,-1
4466,6bba_05db0fb1,node,1068,49,14,75,203,-1,-1
4467,6bba_05db0fb1,node,1069,49,17,195,205,-1,-1
4468,6bba_05db0fb1,node,1070,49,14,46,174,-1,-1
4469,6bba_05db0fb1,node,1071,49,18,50,74,-1,-1
4470,6bba_05db0fb1,node,1072,49,47,176,177,-1,-1
4471,6bba_05db0fb1,node,1073,49,41,177,81,-1,-1
4472,6bba_05db0fb1,node,1074,49,18,204,182,-1,-1
4473,6bba_05db0fb1,node,1075,49,47,79,67,-1,-1
4474,6bba_05db0fb1,node,1076,49,39,81,208,-1,-1
4475,6bba_05db0fb1,node,1077,49,42,68,74,-1,-1
4476,6bba_05db0fb1,node,1078,49,38,63,177,-1,-1
4477,6bba_05db0fb1,node,1079,49,41,196,174,-1,-1
4478,6bba_05db0fb1,node,1080,49,47,81,81,-1,-1
4479,6bba_05db0fb1,node,1081,49,47,177,68,-1,-1
4480,6bba_05db0fb1,node,1082,49,38,81,59,-1,-1
4481,6bba_05db0fb1,node,1083,49,41,174,58,-1,-1
4482,6bba_05db0fb1,node,1084,49,47,62,49,-1,-1
4483,6bba_05db0fb1,node,1085,50,17,81,177,-1,-1
4484,6bba_05db0fb1,node,1086,50,16,177,175,-1,-1
4485,6bba_05db0fb1,node,1087,50,18,81,186,-1,-1
4486,6bba_05db0fb1,node,1088,50,15,81,51,-1,-1
4487,6bba_05db0fb1,node,1089,50,14,67,177,-1,-1
4488,6bba_05db0fb1,node,1090,50,17,177,204,-1,-1
4489,6bba_05db0fb1,node,1091,50,16,69,46,-1,-1
4490,6bba_05db0fb1,node,1092,50,15,55,202,-1,-1
4491,6bba_05db0fb1,node,1093,50,14,75,203,-1,-1
4492,6bba_05db0fb1,node,1094,50,17,195,205,-1,-1
4493,6bba_05db0fb1,node,1095,50,14,46,174,-1,-1
4494,6bba_05db0fb1,node,1096,50,18,50,74,-1,-1
4495,6bba_05db0fb1,node,1097,50,47,176,177,-1,-1
4496,6bba_05db0fb1,node,1098,50,41,177,81,-1,-1
4497,6bba_05db0fb1,node,1099,50,18,204,182,-1,-1
4498,6bba_05db0fb1,node,1100,50,47,79,67,-1,-1
4499,6bba_05db0fb1,node,1101,50,39,81,208,-1,-1
4500,6bba_05db0fb1,node,1102,50,42,68,74,-1,-1
4501,6bba_05db0fb1,node,1103,50,38,63,177,-1,-1
4502,6bba_05db0fb1,node,1104,50,41,196,174,-1,-1
4503,6bba_05db0fb1,node,1105,50,47,81,81,-1,-1
4504,6bba_05db0fb1,node,1106,50,47,177,68,-1,-1
4505,6bba_05db0fb1,node,1107,50,38,81,59,-1,-1
4506,6bba_05db0fb1,node,1108,50,41,174,58,-1,-1
4507,6bba_05db0fb1,node,1109,50,47,62,49,-1,-1
4508,6bba_05db0fb1,node,1110,51,17,80,174,-1,-1
4509,6bba_05db0fb1,node,1111,51,15,175,188,-1,-1
4510,6bba_05db0fb1,node,1112,51,15,81,59,-1,-1
4511,6bba_05db0fb1,node,1113,51,15,48,203,-1,-1
4512,6bba_05db0fb1,node,1114,51,14,71,204,-1,-1
4513,6bba_05db0fb1,node,1115,51,18,204,208,-1,-1
4514,6bba_05db0fb1,node,1116,51,40,81,177,-1,-1
4515,6bba_05db0fb1,node,1117,51,41,66,74,-1,-1
4516,6bba_05db0fb1,node,1118,51,42,177,81,-1,-1
4517,6bba_05db0fb1,node,1119,51,40,65,163,-1,-1
4518,6bba_05db0fb1,node,1120,51,47,177,78,-1,-1
4519,6bba_05db0fb1,node,1121,51,39,81,63,-1,-1
4520,6bba_05db0fb1,node,1122,51,47,79,67,-1,-1
4521,6bba_05db0fb1,node,1123,51,41,195,177,-1,-1
4522,6bba_05db0fb1,node,1124,51,47,177,188,-1,-1
4523,6bba_05db0fb1,node,1125,51,39,81,209,-1,-1
4524,6bba_05db0fb1,node,1127,51,48,67,53,-1,-1
4525,6bba_05db0fb1,node,1128,52,15,81,78,-1,-1
4526,6bba_05db0fb1,node,1129,52,17,81,177,-1,-1
4527,6bba_05db0fb1,node,1130,52,14,174,189,-1,-1
4528,6bba_05db0fb1,node,1131,52,16,75,194,-1,-1
4529,6bba_05db0fb1,node,1132,52,19,192,194,-1,-1
4530,6bba_05db0fb1,node,1133,52,17,200,209,-1,-1
4531,6bba_05db0fb1,node,1134,52,43,177,79,-1,-1
4532,6bba_05db0fb1,node,1135,52,47,177,78,-1,-1
4533,6bba_05db0fb1,node,1136,52,15,50,209,-1,-1
4534,6bba_05db0fb1,node,1137,52,18,58,174,-1,-1
4535,6bba_05db0fb1,node,1138,52,47,78,78,-1,-1
4536,6bba_05db0fb1,node,1139,52,38,81,64,-1,-1
4537,6bba_05db0fb1,node,1140,52,42,69,81,-1,-1
4538,6bba_05db0fb1,node,1141,52,40,65,164,-1,-1
4539,6bba_05db0fb1,node,1142,52,40,81,177,-1,-1
4540,6bba_05db0fb1,node,1143,52,38,176,62,-1,-1
4541,6bba_05db0fb1,node,1144,52,50,177,201,-1,-1
4542,6bba_05db0fb1,node,1145,52,39,81,209,-1,-1
4543,6bba_05db0fb1,node,1146,52,41,192,177,-1,-1
4544,6bba_05db0fb1,node,1147,52,47,50,81,-1,-1
4545,6bba_05db0fb1,node,1148,52,48,67,58,-1,-1
4546,6bba_05db0fb1,node,1149,53,15,81,81,-1,-1
4547,6bba_05db0fb1,node,1150,53,16,79,177,-1,-1
4548,6bba_05db0fb1,node,1151,53,15,78,46,-1,-1
4549,6bba_05db0fb1,node,1152,53,18,57,174,-1,-1
4550,6bba_05db0fb1,node,1153,53,16,75,195,-1,-1
4551,6bba_05db0fb1,node,1154,53,18,186,196,-1,-1
4552,6bba_05db0fb1,node,1155,53,15,50,209,-1,-1
4553,6bba_05db0fb1,node,1156,53,14,174,190,-1,-1
4554,6bba_05db0fb1,node,1157,53,43,177,81,-1,-1
4555,6bba_05db0fb1,node,1158,53,46,175,78,-1,-1
4556,6bba_05db0fb1,node,1159,53,46,78,78,-1,-1
4557,6bba_05db0fb1,node,1160,53,39,81,177,-1,-1
4558,6bba_05db0fb1,node,1161,53,38,81,68,-1,-1
4559,6bba_05db0fb1,node,1162,53,50,177,174,-1,-1
4560,6bba_05db0fb1,node,1163,53,40,67,164,-1,-1
4561,6bba_05db0fb1,node,1164,53,49,177,204,-1,-1
4562,6bba_05db0fb1,node,1165,53,41,69,81,-1,-1
4563,6bba_05db0fb1,node,1166,53,38,177,66,-1,-1
4564,6bba_05db0fb1,node,1167,53,39,81,187,-1,-1
4565,6bba_05db0fb1,node,1168,53,39,81,209,-1,-1
4566,6bba_05db0fb1,node,1169,53,47,48,81,-1,-1
4567,6bba_05db0fb1,node,1171,53,50,78,46,-1,-1
4568,6bba_05db0fb1,node,1172,53,45,199,78,-1,-1
4569,6bba_05db0fb1,node,1173,54,15,81,80,-1,-1
4570,6bba_05db0fb1,node,1174,54,15,75,177,-1,-1
4571,6bba_05db0fb1,node,1175,54,14,81,68,-1,-1
4572,6bba_05db0fb1,node,1176,54,15,176,174,-1,-1
4573,6bba_05db0fb1,node,1177,54,15,78,46,-1,-1
4574,6bba_05db0fb1,node,1178,54,18,58,174,-1,-1
4575,6bba_05db0fb1,node,1179,54,15,72,196,-1,-1
4576,6bba_05db0fb1,node,1180,54,18,187,202,-1,-1
4577,6bba_05db0fb1,node,1182,54,43,176,81,-1,-1
4578,6bba_05db0fb1,node,1183,54,47,78,78,-1,-1
4579,6bba_05db0fb1,node,1184,54,50,177,174,-1,-1
4580,6bba_05db0fb1,node,1185,54,46,174,78,-1,-1
4581,6bba_05db0fb1,node,1186,54,44,198,81,-1,-1
4582,6bba_05db0fb1,node,1187,54,38,80,67,-1,-1
4583,6bba_05db0fb1,node,1188,54,17,60,78,-1,-1
4584,6bba_05db0fb1,node,1189,54,41,69,81,-1,-1
4585,6bba_05db0fb1,node,1190,54,50,176,204,-1,-1
4586,6bba_05db0fb1,node,1191,54,39,174,174,-1,-1
4587,6bba_05db0fb1,node,1192,54,38,175,66,-1,-1
4588,6bba_05db0fb1,node,1193,54,39,81,187,-1,-1
4589,6bba_05db0fb1,node,1194,54,39,81,177,-1,-1
4590,6bba_05db0fb1,node,1195,54,51,78,46,-1,-1
4591,6bba_05db0fb1,node,1196,54,39,64,174,-1,-1
4592,6bba_05db0fb1,node,1198,54,47,49,81,-1,-1
4593,6bba_05db0fb1,node,1199,54,40,66,163,-1,-1
4594,6bba_05db0fb1,node,1201,55,14,81,81,-1,-1
4595,6bba_05db0fb1,node,1202,55,15,80,177,-1,-1
4596,6bba_05db0fb1,node,1203,55,16,176,174,-1,-1
4597,6bba_05db0fb1,node,1204,55,15,79,46,-1,-1
4598,6bba_05db0fb1,node,1205,55,16,81,66,-1,-1
4599,6bba_05db0fb1,node,1206,55,17,187,204,-1,-1
4600,6bba_05db0fb1,node,1207,55,18,56,174,-1,-1
4601,6bba_05db0fb1,node,1208,55,15,71,204,-1,-1
4602,6bba_05db0fb1,node,1209,55,15,68,66,-1,-1
4603,6bba_05db0fb1,node,1210,55,50,177,177,-1,-1
4604,6bba_05db0fb1,node,1211,55,47,78,78,-1,-1
4605,6bba_05db0fb1,node,1212,55,39,174,174,-1,-1
4606,6bba_05db0fb1,node,1213,55,42,176,81,-1,-1
4607,6bba_05db0fb1,node,1214,55,38,80,68,-1,-1
4608,6bba_05db0fb1,node,1215,55,44,198,81,-1,-1
4609,6bba_05db0fb1,node,1216,55,46,186,46,-1,-1
4610,6bba_05db0fb1,node,1217,55,39,66,163,-1,-1
4611,6bba_05db0fb1,node,1218,55,51,78,48,-1,-1
4612,6bba_05db0fb1,node,1219,55,41,63,78,-1,-1
4613,6bba_05db0fb1,node,1220,55,39,81,204,-1,-1
4614,6bba_05db0fb1,node,1221,55,39,65,174,-1,-1
4615,6bba_05db0fb1,node,1222,55,49,176,208,-1,-1
4616,6bba_05db0fb1,node,1223,55,39,81,187,-1,-1
4617,6bba_05db0fb1,node,1225,56,15,172,177,-1,-1
4618,6bba_05db0fb1,node,1226,56,19,56,175,-1,-1
4619,6bba_05db0fb1,node,1227,56,17,68,52,-1,-1
4620,6bba_05db0fb1,node,1228,56,16,81,177,-1,-1
4621,6bba_05db0fb1,node,1229,56,14,78,50,-1,-1
4622,6bba_05db0fb1,node,1230,56,16,186,205,-1,-1
4623,6bba_05db0fb1,node,1231,56,17,72,202,-1,-1
4624,6bba_05db0fb1,node,1232,56,17,51,209,-1,-1
4625,6bba_05db0fb1,node,1233,56,39,174,174,-1,-1
4626,6bba_05db0fb1,node,1234,56,41,175,81,-1,-1
4627,6bba_05db0fb1,node,1235,56,47,78,78,-1,-1
4628,6bba_05db0fb1,node,1236,56,50,176,174,-1,-1
4629,6bba_05db0fb1,node,1237,56,16,69,74,-1,-1
4630,6bba_05db0fb1,node,1238,56,46,186,50,-1,-1
4631,6bba_05db0fb1,node,1239,56,40,63,78,-1,-1
4632,6bba_05db0fb1,node,1240,56,38,80,68,-1,-1
4633,6bba_05db0fb1,node,1241,56,42,196,94,-1,-1
4634,6bba_05db0fb1,node,1242,56,51,79,48,-1,-1
4635,6bba_05db0fb1,node,1243,56,49,81,67,-1,-1
4636,6bba_05db0fb1,node,1244,56,39,81,208,-1,-1
4637,6bba_05db0fb1,node,1245,56,41,80,187,-1,-1
4638,6bba_05db0fb1,node,1246,56,50,177,209,-1,-1
4639,6bba_05db0fb1,node,1247,56,40,64,174,-1,-1
4640,6bba_05db0fb1,node,1248,57,18,53,174,-1,-1
4641,6bba_05db0fb1,node,1249,57,14,174,177,-1,-1
4642,6bba_05db0fb1,node,1250,57,14,174,187,-1,-1
4643,6bba_05db0fb1,node,1251,57,17,69,58,-1,-1
4644,6bba_05db0fb1,node,1252,57,16,81,181,-1,-1
4645,6bba_05db0fb1,node,1253,57,16,187,209,-1,-1
4646,6bba_05db0fb1,node,1254,57,44,188,54,-1,-1
4647,6bba_05db0fb1,node,1255,57,16,71,202,-1,-1
4648,6bba_05db0fb1,node,1256,57,14,68,78,-1,-1
4649,6bba_05db0fb1,node,1257,57,50,174,81,-1,-1
4650,6bba_05db0fb1,node,1258,57,39,174,174,-1,-1
4651,6bba_05db0fb1,node,1259,57,41,174,81,-1,-1
4652,6bba_05db0fb1,node,1260,57,40,62,80,-1,-1
4653,6bba_05db0fb1,node,1261,57,16,47,209,-1,-1
4654,6bba_05db0fb1,node,1262,57,47,78,78,-1,-1
4655,6bba_05db0fb1,node,1263,57,50,176,177,-1,-1
4656,6bba_05db0fb1,node,1265,57,49,81,67,-1,-1
4657,6bba_05db0fb1,node,1267,57,49,177,209,-1,-1
4658,6bba_05db0fb1,node,1268,57,41,81,187,-1,-1
4659,6bba_05db0fb1,node,1269,57,39,81,208,-1,-1
4660,6bba_05db0fb1,node,1270,57,50,81,50,-1,-1
4661,6bba_05db0fb1,node,1271,58,16,55,174,-1,-1
4662,6bba_05db0fb1,node,1272,58,14,172,188,-1,-1
4663,6bba_05db0fb1,node,1273,58,15,180,174,-1,-1
4664,6bba_05db0fb1,node,1274,58,14,71,78,-1,-1
4665,6bba_05db0fb1,node,1275,58,17,81,186,-1,-1
4666,6bba_05db0fb1,node,1276,58,17,68,59,-1,-1
4667,6bba_05db0fb1,node,1277,58,15,186,209,-1,-1
4668,6bba_05db0fb1,node,1278,58,15,51,46,-1,-1
4669,6bba_05db0fb1,node,1279,58,16,67,202,-1,-1
4670,6bba_05db0fb1,node,1280,58,44,188,60,-1,-1
4671,6bba_05db0fb1,node,1281,58,51,172,81,-1,-1
4672,6bba_05db0fb1,node,1282,58,50,174,177,-1,-1
4673,6bba_05db0fb1,node,1283,58,38,174,174,-1,-1
4674,6bba_05db0fb1,node,1284,58,47,78,78,-1,-1
4675,6bba_05db0fb1,node,1285,58,39,60,78,-1,-1
4676,6bba_05db0fb1,node,1286,58,48,81,67,-1,-1
4677,6bba_05db0fb1,node,1287,58,49,174,209,-1,-1
4678,6bba_05db0fb1,node,1288,58,48,193,174,-1,-1
4679,6bba_05db0fb1,node,1289,58,40,81,181,-1,-1
4680,6bba_05db0fb1,node,1290,58,38,81,205,-1,-1
4681,6bba_05db0fb1,node,1291,59,15,81,81,-1,-1
4682,6bba_05db0fb1,node,1292,59,15,177,177,-1,-1
4683,6bba_05db0fb1,node,1293,59,16,55,177,-1,-1
4684,6bba_05db0fb1,node,1294,59,14,174,189,-1,-1
4685,6bba_05db0fb1,node,1295,59,15,69,78,-1,-1
4686,6bba_05db0fb1,node,1296,59,17,81,188,-1,-1
4687,6bba_05db0fb1,node,1297,59,16,68,60,-1,-1
4688,6bba_05db0fb1,node,1299,59,15,51,46,-1,-1
4689,6bba_05db0fb1,node,1300,59,16,66,204,-1,-1
4690,6bba_05db0fb1,node,1301,59,15,185,209,-1,-1
4691,6bba_05db0fb1,node,1302,59,50,167,78,-1,-1
4692,6bba_05db0fb1,node,1303,59,50,176,177,-1,-1
4693,6bba_05db0fb1,node,1304,59,39,60,80,-1,-1
4694,6bba_05db0fb1,node,1305,59,44,190,66,-1,-1
4695,6bba_05db0fb1,node,1306,59,38,174,177,-1,-1
4696,6bba_05db0fb1,node,1307,59,47,78,78,-1,-1
4697,6bba_05db0fb1,node,1308,59,48,81,67,-1,-1
4698,6bba_05db0fb1,node,1309,59,51,81,46,-1,-1
4699,6bba_05db0fb1,node,1310,59,48,175,209,-1,-1
4700,6bba_05db0fb1,node,1311,59,41,177,193,-1,-1
4701,6bba_05db0fb1,node,1312,59,41,188,174,-1,-1
4702,6bba_05db0fb1,node,1313,60,15,81,81,-1,-1
4703,6bba_05db0fb1,node,1314,60,16,177,177,-1,-1
4704,6bba_05db0fb1,node,1315,60,17,80,188,-1,-1
4705,6bba_05db0fb1,node,1316,60,14,174,195,-1,-1
4706,6bba_05db0fb1,node,1317,60,15,51,177,-1,-1
4707,6bba_05db0fb1,node,1318,60,16,69,65,-1,-1
4708,6bba_05db0fb1,node,1319,60,16,62,202,-1,-1
4709,6bba_05db0fb1,node,1320,60,14,51,46,-1,-1
4710,6bba_05db0fb1,node,1321,60,50,174,80,-1,-1
4711,6bba_05db0fb1,node,1322,60,50,174,177,-1,-1
4712,6bba_05db0fb1,node,1323,60,39,60,81,-1,-1
4713,6bba_05db0fb1,node,1324,60,48,81,67,-1,-1
4714,6bba_05db0fb1,node,1325,60,51,81,47,-1,-1
4715,6bba_05db0fb1,node,1326,60,42,188,78,-1,-1
4716,6bba_05db0fb1,node,1327,60,47,69,78,-1,-1
4717,6bba_05db0fb1,node,1328,60,41,177,194,-1,-1
4718,6bba_05db0fb1,node,1330,60,42,188,174,-1,-1
4719,6bba_05db0fb1,node,1331,60,47,174,209,-1,-1
4720,6bba_05db0fb1,node,1332,61,15,177,177,-1,-1
4721,6bba_05db0fb1,node,1333,61,14,81,81,-1,-1
4722,6bba_05db0fb1,node,1334,61,15,51,177,-1,-1
4723,6bba_05db0fb1,node,1335,61,16,81,188,-1,-1
4724,6bba_05db0fb1,node,1336,61,15,69,67,-1,-1
4725,6bba_05db0fb1,node,1337,61,17,67,202,-1,-1
4726,6bba_05db0fb1,node,1338,61,14,174,196,-1,-1
4727,6bba_05db0fb1,node,1339,61,49,174,79,-1,-1
4728,6bba_05db0fb1,node,1340,61,39,60,80,-1,-1
4729,6bba_05db0fb1,node,1341,61,49,177,177,-1,-1
4730,6bba_05db0fb1,node,1342,61,14,50,46,-1,-1
4731,6bba_05db0fb1,node,1343,61,42,189,78,-1,-1
4732,6bba_05db0fb1,node,1344,61,48,80,67,-1,-1
4733,6bba_05db0fb1,node,1345,61,40,177,191,-1,-1
4734,6bba_05db0fb1,node,1346,61,50,81,46,-1,-1
4735,6bba_05db0fb1,node,1347,61,47,174,209,-1,-1
4736,6bba_05db0fb1,node,1348,61,47,71,78,-1,-1
4737,6bba_05db0fb1,node,1349,62,15,177,177,-1,-1
4738,6bba_05db0fb1,node,1350,62,15,55,176,-1,-1
4739,6bba_05db0fb1,node,1351,62,14,79,81,-1,-1
4740,6bba_05db0fb1,node,1352,62,16,80,186,-1,-1
4741,6bba_05db0fb1,node,1353,62,14,69,67,-1,-1
4742,6bba_05db0fb1,node,1354,62,16,60,199,-1,-1
4743,6bba_05db0fb1,node,1355,62,19,184,203,-1,-1
4744,6bba_05db0fb1,node,1356,62,48,174,78,-1,-1
4745,6bba_05db0fb1,node,1357,62,39,60,80,-1,-1
4746,6bba_05db0fb1,node,1358,62,49,174,177,-1,-1
4747,6bba_05db0fb1,node,1359,62,14,51,51,-1,-1
4748,6bba_05db0fb1,node,1360,62,48,78,67,-1,-1
4749,6bba_05db0fb1,node,1361,62,42,189,78,-1,-1
4750,6bba_05db0fb1,node,1362,62,40,177,193,-1,-1
4751,6bba_05db0fb1,node,1363,62,48,188,174,-1,-1
4752,6bba_05db0fb1,node,1364,62,50,80,46,-1,-1
4753,6bba_05db0fb1,node,1365,62,42,187,174,-1,-1
4754,6bba_05db0fb1,node,1366,62,40,81,181,-1,-1
4755,6bba_05db0fb1,node,1367,62,50,177,55,-1,-1
4756,6bba_05db0fb1,node,1368,62,46,174,209,-1,-1
4757,6bba_05db0fb1,node,1369,63,15,177,177,-1,-1
4758,6bba_05db0fb1,node,1370,63,15,52,177,-1,-1
4759,6bba_05db0fb1,node,1371,63,16,80,186,-1,-1
4760,6bba_05db0fb1,node,1372,63,14,66,67,-1,-1
4761,6bba_05db0fb1,node,1373,63,16,60,202,-1,-1
4762,6bba_05db0fb1,node,1374,63,18,184,206,-1,-1
4763,6bba_05db0fb1,node,1375,63,49,174,81,-1,-1
4764,6bba_05db0fb1,node,1376,63,14,54,53,-1,-1
4765,6bba_05db0fb1,node,1377,63,39,59,80,-1,-1
4766,6bba_05db0fb1,node,1378,63,49,174,177,-1,-1
4767,6bba_05db0fb1,node,1379,63,48,78,67,-1,-1
4768,6bba_05db0fb1,node,1380,63,42,193,81,-1,-1
4769,6bba_05db0fb1,node,1381,63,14,73,46,-1,-1
4770,6bba_05db0fb1,node,1382,63,39,177,192,-1,-1
4771,6bba_05db0fb1,node,1383,63,41,186,175,-1,-1
4772,6bba_05db0fb1,node,1384,63,48,188,174,-1,-1
4773,6bba_05db0fb1,node,1385,63,50,79,47,-1,-1
4774,6bba_05db0fb1,node,1387,63,50,177,58,-1,-1
4775,6bba_05db0fb1,node,1388,63,41,80,188,-1,-1
4776,6bba_05db0fb1,node,1389,64,16,58,174,-1,-1
4777,6bba_05db0fb1,node,1390,64,18,177,209,-1,-1
4778,6bba_05db0fb1,node,1391,64,16,70,78,-1,-1
4779,6bba_05db0fb1,node,1392,64,17,78,69,-1,-1
4780,6bba_05db0fb1,node,1393,64,16,177,188,-1,-1
4781,6bba_05db0fb1,node,1394,64,17,81,188,-1,-1
4782,6bba_05db0fb1,node,1395,64,17,60,206,-1,-1
4783,6bba_05db0fb1,node,1396,64,48,174,81,-1,-1
4784,6bba_05db0fb1,node,1397,64,14,54,54,-1,-1
4785,6bba_05db0fb1,node,1398,64,15,72,46,-1,-1
4786,6bba_05db0fb1,node,1399,64,42,177,177,-1,-1
4787,6bba_05db0fb1,node,1400,64,40,57,80,-1,-1
4788,6bba_05db0fb1,node,1401,64,49,177,174,-1,-1
4789,6bba_05db0fb1,node,1402,64,48,78,67,-1,-1
4790,6bba_05db0fb1,node,1403,64,40,177,193,-1,-1
4791,6bba_05db0fb1,node,1404,64,41,71,174,-1,-1
4792,6bba_05db0fb1,node,1405,64,42,191,81,-1,-1
4793,6bba_05db0fb1,node,1406,64,50,78,49,-1,-1
4794,6bba_05db0fb1,node,1407,64,41,80,188,-1,-1
4795,6bba_05db0fb1,node,1408,65,16,58,174,-1,-1
4796,6bba_05db0fb1,node,1409,65,18,177,209,-1,-1
4797,6bba_05db0fb1,node,1410,65,16,70,78,-1,-1
4798,6bba_05db0fb1,node,1411,65,17,78,69,-1,-1
4799,6bba_05db0fb1,node,1412,65,16,177,188,-1,-1
4800,6bba_05db0fb1,node,1413,65,17,81,188,-1,-1
4801,6bba_05db0fb1,node,1414,65,17,60,206,-1,-1
4802,6bba_05db0fb1,node,1415,65,48,174,81,-1,-1
4803,6bba_05db0fb1,node,1416,65,14,54,54,-1,-1
4804,6bba_05db0fb1,node,1417,65,15,72,46,-1,-1
4805,6bba_05db0fb1,node,1418,65,42,177,177,-1,-1
4806,6bba_05db0fb1,node,1419,65,40,57,80,-1,-1
4807,6bba_05db0fb1,node,1420,65,49,177,174,-1,-1
4808,6bba_05db0fb1,node,1421,65,48,78,67,-1,-1
4809,6bba_05db0fb1,node,1422,65,40,177,193,-1,-1
4810,6bba_05db0fb1,node,1423,65,41,71,174,-1,-1
4811,6bba_05db0fb1,node,1424,65,42,191,81,-1,-1
4812,6bba_05db0fb1,node,1425,65,50,78,49,-1,-1
4813,6bba_05db0fb1,node,1426,65,41,80,188,-1,-1
4814,6bba_05db0fb1,node,1427,66,14,177,202,-1,-1
4815,6bba_05db0fb1,node,1428,66,14,77,81,-1,-1
4816,6bba_05db0fb1,node,1429,66,15,81,51,-1,-1
4817,6bba_05db0fb1,node,1430,66,15,75,188,-1,-1
4818,6bba_05db0fb1,node,1431,66,14,50,58,-1,-1
4819,6bba_05db0fb1,node,1432,66,16,71,206,-1,-1
4820,6bba_05db0fb1,node,1433,66,18,59,81,-1,-1
4821,6bba_05db0fb1,node,1434,66,18,194,174,-1,-1
4822,6bba_05db0fb1,node,1435,66,47,174,81,-1,-1
4823,6bba_05db0fb1,node,1436,66,41,78,174,-1,-1
4824,6bba_05db0fb1,node,1437,66,41,177,176,-1,-1
4825,6bba_05db0fb1,node,1438,66,38,176,78,-1,-1
4826,6bba_05db0fb1,node,1439,66,49,188,174,-1,-1
4827,6bba_05db0fb1,node,1440,66,39,56,81,-1,-1
4828,6bba_05db0fb1,node,1441,66,47,79,67,-1,-1
4829,6bba_05db0fb1,node,1442,66,40,81,187,-1,-1
4830,6bba_05db0fb1,node,1443,66,39,177,194,-1,-1
4831,6bba_05db0fb1,node,1444,66,47,68,78,-1,-1
4832,6bba_05db0fb1,node,1445,66,48,174,187,-1,-1
4833,6bba_05db0fb1,node,1447,66,50,177,66,-1,-1
4834,6bba_05db0fb1,node,1448,66,44,195,68,-1,-1
4835,6bba_05db0fb1,node,1449,67,16,174,174,-1,-1
4836,6bba_05db0fb1,node,1450,67,15,177,206,-1,-1
4837,6bba_05db0fb1,node,1451,67,15,81,54,-1,-1
4838,6bba_05db0fb1,node,1452,67,14,75,81,-1,-1
4839,6bba_05db0fb1,node,1453,67,16,79,188,-1,-1
4840,6bba_05db0fb1,node,1454,67,14,51,67,-1,-1
4841,6bba_05db0fb1,node,1455,67,17,72,206,-1,-1
4842,6bba_05db0fb1,node,1456,67,42,78,175,-1,-1
4843,6bba_05db0fb1,node,1457,67,47,174,81,-1,-1
4844,6bba_05db0fb1,node,1458,67,41,177,177,-1,-1
4845,6bba_05db0fb1,node,1459,67,38,176,78,-1,-1
4846,6bba_05db0fb1,node,1460,67,48,177,174,-1,-1
4847,6bba_05db0fb1,node,1461,67,49,188,174,-1,-1
4848,6bba_05db0fb1,node,1462,67,47,79,67,-1,-1
4849,6bba_05db0fb1,node,1463,67,40,55,81,-1,-1
4850,6bba_05db0fb1,node,1464,67,50,176,67,-1,-1
4851,6bba_05db0fb1,node,1465,67,39,177,194,-1,-1
4852,6bba_05db0fb1,node,1466,67,46,195,78,-1,-1
4853,6bba_05db0fb1,node,1467,67,48,69,78,-1,-1
4854,6bba_05db0fb1,node,1468,67,40,81,190,-1,-1
4855,6bba_05db0fb1,node,1469,67,17,194,181,-1,-1
4856,6bba_05db0fb1,node,1470,68,15,174,174,-1,-1
4857,6bba_05db0fb1,node,1471,68,14,77,81,-1,-1
4858,6bba_05db0fb1,node,1472,68,15,81,58,-1,-1
4859,6bba_05db0fb1,node,1473,68,14,177,206,-1,-1
4860,6bba_05db0fb1,node,1474,68,17,188,177,-1,-1
4861,6bba_05db0fb1,node,1475,68,15,75,188,-1,-1
4862,6bba_05db0fb1,node,1476,68,14,51,68,-1,-1
4863,6bba_05db0fb1,node,1477,68,15,71,206,-1,-1
4864,6bba_05db0fb1,node,1479,68,17,194,187,-1,-1
4865,6bba_05db0fb1,node,1480,68,41,78,174,-1,-1
4866,6bba_05db0fb1,node,1481,68,14,53,177,-1,-1
4867,6bba_05db0fb1,node,1482,68,47,174,81,-1,-1
4868,6bba_05db0fb1,node,1483,68,40,177,177,-1,-1
4869,6bba_05db0fb1,node,1484,68,38,176,79,-1,-1
4870,6bba_05db0fb1,node,1485,68,48,177,174,-1,-1
4871,6bba_05db0fb1,node,1486,68,44,195,78,-1,-1
4872,6bba_05db0fb1,node,1487,68,47,80,67,-1,-1
4873,6bba_05db0fb1,node,1488,68,48,188,174,-1,-1
4874,6bba_05db0fb1,node,1489,68,39,59,81,-1,-1
4875,6bba_05db0fb1,node,1490,68,50,176,67,-1,-1
4876,6bba_05db0fb1,node,1491,68,39,177,195,-1,-1
4877,6bba_05db0fb1,node,1492,68,49,204,174,-1,-1
4878,6bba_05db0fb1,node,1493,68,48,69,78,-1,-1
4879,6bba_05db0fb1,node,1494,68,40,81,190,-1,-1
4880,6bba_05db0fb1,node,1496,69,15,174,174,-1,-1
4881,6bba_05db0fb1,node,1497,69,14,78,78,-1,-1
4882,6bba_05db0fb1,node,1498,69,15,177,209,-1,-1
4883,6bba_05db0fb1,node,1499,69,14,81,58,-1,-1
4884,6bba_05db0fb1,node,1500,69,17,188,177,-1,-1
4885,6bba_05db0fb1,node,1501,69,16,79,188,-1,-1
4886,6bba_05db0fb1,node,1503,69,16,71,209,-1,-1
4887,6bba_05db0fb1,node,1504,69,14,58,58,-1,-1
4888,6bba_05db0fb1,node,1505,69,16,190,187,-1,-1
4889,6bba_05db0fb1,node,1506,69,44,196,79,-1,-1
4890,6bba_05db0fb1,node,1507,69,41,78,175,-1,-1
4891,6bba_05db0fb1,node,1508,69,40,177,177,-1,-1
4892,6bba_05db0fb1,node,1509,69,46,174,81,-1,-1
4893,6bba_05db0fb1,node,1510,69,38,176,78,-1,-1
4894,6bba_05db0fb1,node,1511,69,47,177,174,-1,-1
4895,6bba_05db0fb1,node,1512,69,39,59,81,-1,-1
4896,6bba_05db0fb1,node,1513,69,48,188,177,-1,-1
4897,6bba_05db0fb1,node,1514,69,47,80,67,-1,-1
4898,6bba_05db0fb1,node,1515,69,50,177,68,-1,-1
4899,6bba_05db0fb1,node,1516,69,38,177,196,-1,-1
4900,6bba_05db0fb1,node,1517,69,48,69,78,-1,-1
4901,6bba_05db0fb1,node,1518,69,14,54,177,-1,-1
4902,6bba_05db0fb1,node,1519,69,49,205,174,-1,-1
4903,6bba_05db0fb1,node,1520,69,42,54,60,-1,-1
4904,6bba_05db0fb1,node,1521,70,15,174,177,-1,-1
4905,6bba_05db0fb1,node,1522,70,14,78,78,-1,-1
4906,6bba_05db0fb1,node,1523,70,14,177,209,-1,-1
4907,6bba_05db0fb1,node,1524,70,15,81,59,-1,-1
4908,6bba_05db0fb1,node,1525,70,15,164,176,-1,-1
4909,6bba_05db0fb1,node,1526,70,14,72,194,-1,-1
4910,6bba_05db0fb1,node,1527,70,16,67,209,-1,-1
4911,6bba_05db0fb1,node,1528,70,14,54,70,-1,-1
4912,6bba_05db0fb1,node,1529,70,16,187,189,-1,-1
4913,6bba_05db0fb1,node,1530,70,41,78,177,-1,-1
4914,6bba_05db0fb1,node,1531,70,40,177,177,-1,-1
4915,6bba_05db0fb1,node,1532,70,47,177,174,-1,-1
4916,6bba_05db0fb1,node,1533,70,17,69,174,-1,-1
4917,6bba_05db0fb1,node,1534,70,38,176,81,-1,-1
4918,6bba_05db0fb1,node,1535,70,47,79,67,-1,-1
4919,6bba_05db0fb1,node,1536,70,45,196,79,-1,-1
4920,6bba_05db0fb1,node,1537,70,48,69,78,-1,-1
4921,6bba_05db0fb1,node,1538,70,47,188,177,-1,-1
4922,6bba_05db0fb1,node,1539,70,50,176,69,-1,-1
4923,6bba_05db0fb1,node,1540,70,38,175,198,-1,-1
4924,6bba_05db0fb1,node,1541,70,49,203,177,-1,-1
4925,6bba_05db0fb1,node,1542,70,43,52,63,-1,-1
4926,6bba_05db0fb1,node,1544,71,15,174,177,-1,-1
4927,6bba_05db0fb1,node,1545,71,14,81,78,-1,-1
4928,6bba_05db0fb1,node,1546,71,14,55,78,-1,-1
4929,6bba_05db0fb1,node,1547,71,14,164,177,-1,-1
4930,6bba_05db0fb1,node,1548,71,15,81,60,-1,-1
4931,6bba_05db0fb1,node,1549,71,14,177,209,-1,-1
4932,6bba_05db0fb1,node,1550,71,16,78,46,-1,-1
4933,6bba_05db0fb1,node,1551,71,17,71,174,-1,-1
4934,6bba_05db0fb1,node,1553,71,17,68,209,-1,-1
4935,6bba_05db0fb1,node,1554,71,16,75,193,-1,-1
4936,6bba_05db0fb1,node,1555,71,17,188,196,-1,-1
4937,6bba_05db0fb1,node,1556,71,41,78,177,-1,-1
4938,6bba_05db0fb1,node,1557,71,47,177,176,-1,-1
4939,6bba_05db0fb1,node,1558,71,39,177,177,-1,-1
4940,6bba_05db0fb1,node,1559,71,38,176,81,-1,-1
4941,6bba_05db0fb1,node,1560,71,47,79,67,-1,-1
4942,6bba_05db0fb1,node,1561,71,50,176,67,-1,-1
4943,6bba_05db0fb1,node,1562,71,38,175,200,-1,-1
4944,6bba_05db0fb1,node,1563,71,48,69,78,-1,-1
4945,6bba_05db0fb1,node,1564,71,45,196,81,-1,-1
4946,6bba_05db0fb1,node,1565,71,49,203,177,-1,-1
4947,6bba_05db0fb1,node,1567,71,43,51,63,-1,-1
4948,6bba_05db0fb1,node,1568,71,40,58,81,-1,-1
4949,6bba_05db0fb1,node,1569,72,14,81,78,-1,-1
4950,6bba_05db0fb1,node,1570,72,14,54,79,-1,-1
4951,6bba_05db0fb1,node,1571,72,16,78,46,-1,-1
4952,6bba_05db0fb1,node,1572,72,17,71,174,-1,-1
4953,6bba_05db0fb1,node,1573,72,15,177,209,-1,-1
4954,6bba_05db0fb1,node,1574,72,15,54,177,-1,-1
4955,6bba_05db0fb1,node,1575,72,14,164,181,-1,-1
4956,6bba_05db0fb1,node,1576,72,14,71,195,-1,-1
4957,6bba_05db0fb1,node,1577,72,17,68,209,-1,-1
4958,6bba_05db0fb1,node,1578,72,16,187,197,-1,-1
4959,6bba_05db0fb1,node,1579,72,41,78,177,-1,-1
4960,6bba_05db0fb1,node,1580,72,47,177,174,-1,-1
4961,6bba_05db0fb1,node,1581,72,39,177,177,-1,-1
4962,6bba_05db0fb1,node,1582,72,46,187,174,-1,-1
4963,6bba_05db0fb1,node,1583,72,47,79,67,-1,-1
4964,6bba_05db0fb1,node,1584,72,49,69,78,-1,-1
4965,6bba_05db0fb1,node,1585,72,38,175,200,-1,-1
4966,6bba_05db0fb1,node,1586,72,49,203,177,-1,-1
4967,6bba_05db0fb1,node,1587,72,40,58,81,-1,-1
4968,6bba_05db0fb1,node,1588,72,45,195,81,-1,-1
4969,6bba_05db0fb1,node,1589,72,43,52,64,-1,-1
4970,6bba_05db0fb1,node,1590,72,50,174,67,-1,-1
4971,6bba_05db0fb1,node,1591,73,17,167,177,-1,-1
4972,6bba_05db0fb1,node,1592,73,13,58,80,-1,-1
4973,6bba_05db0fb1,node,1593,73,15,81,46,-1,-1
4974,6bba_05db0fb1,node,1594,73,15,174,195,-1,-1
4975,6bba_05db0fb1,node,1595,73,17,71,174,-1,-1
4976,6bba_05db0fb1,node,1596,73,15,53,177,-1,-1
4977,6bba_05db0fb1,node,1597,73,16,75,195,-1,-1
4978,6bba_05db0fb1,node,1598,73,17,69,209,-1,-1
4979,6bba_05db0fb1,node,1599,73,14,46,51,-1,-1
4980,6bba_05db0fb1,node,1600,73,16,188,209,-1,-1
4981,6bba_05db0fb1,node,1601,73,47,177,174,-1,-1
4982,6bba_05db0fb1,node,1602,73,41,78,177,-1,-1
4983,6bba_05db0fb1,node,1603,73,14,81,81,-1,-1
4984,6bba_05db0fb1,node,1604,73,49,69,81,-1,-1
4985,6bba_05db0fb1,node,1605,73,39,177,188,-1,-1
4986,6bba_05db0fb1,node,1606,73,38,176,204,-1,-1
4987,6bba_05db0fb1,node,1607,73,46,188,177,-1,-1
4988,6bba_05db0fb1,node,1608,73,49,193,66,-1,-1
4989,6bba_05db0fb1,node,1609,73,49,80,67,-1,-1
4990,6bba_05db0fb1,node,1610,73,39,67,204,-1,-1
4991,6bba_05db0fb1,node,1612,74,17,167,184,-1,-1
4992,6bba_05db0fb1,node,1613,74,13,60,81,-1,-1
4993,6bba_05db0fb1,node,1614,74,15,81,47,-1,-1
4994,6bba_05db0fb1,node,1615,74,17,73,174,-1,-1
4995,6bba_05db0fb1,node,1616,74,15,52,177,-1,-1
4996,6bba_05db0fb1,node,1617,74,16,75,195,-1,-1
4997,6bba_05db0fb1,node,1618,74,17,73,209,-1,-1
4998,6bba_05db0fb1,node,1619,74,14,50,52,-1,-1
4999,6bba_05db0fb1,node,1620,74,16,188,209,-1,-1
5000,6bba_05db0fb1,node,1621,74,47,177,174,-1,-1
5001,6bba_05db0fb1,node,1622,74,41,78,177,-1,-1
5002,6bba_05db0fb1,node,1623,74,49,69,81,-1,-1
5003,6bba_05db0fb1,node,1624,74,40,176,188,-1,-1
5004,6bba_05db0fb1,node,1625,74,46,188,177,-1,-1
5005,6bba_05db0fb1,node,1626,74,38,176,204,-1,-1
5006,6bba_05db0fb1,node,1627,74,49,195,67,-1,-1
5007,6bba_05db0fb1,node,1628,74,49,80,67,-1,-1
5008,6bba_05db0fb1,node,1629,74,39,68,204,-1,-1
5009,6bba_05db0fb1,node,1630,75,17,167,184,-1,-1
5010,6bba_05db0fb1,node,1631,75,13,60,81,-1,-1
5011,6bba_05db0fb1,node,1632,75,15,81,47,-1,-1
5012,6bba_05db0fb1,node,1633,75,17,73,174,-1,-1
5013,6bba_05db0fb1,node,1634,75,15,52,177,-1,-1
5014,6bba_05db0fb1,node,1635,75,16,75,195,-1,-1
5015,6bba_05db0fb1,node,1636,75,17,73,209,-1,-1
5016,6bba_05db0fb1,node,1637,75,14,50,52,-1,-1
5017,6bba_05db0fb1,node,1638,75,16,188,209,-1,-1
5018,6bba_05db0fb1,node,1639,75,47,177,174,-1,-1
5019,6bba_05db0fb1,node,1640,75,41,78,177,-1,-1
5020,6bba_05db0fb1,node,1641,75,49,69,81,-1,-1
5021,6bba_05db0fb1,node,1642,75,40,176,188,-1,-1
5022,6bba_05db0fb1,node,1643,75,46,188,177,-1,-1
5023,6bba_05db0fb1,node,1644,75,38,176,204,-1,-1
5024,6bba_05db0fb1,node,1645,75,49,195,67,-1,-1
5025,6bba_05db0fb1,node,1646,75,49,80,67,-1,-1
5026,6bba_05db0fb1,node,1647,75,39,68,204,-1,-1
5027,6bba_05db0fb1,node,1648,76,16,173,188,-1,-1
5028,6bba_05db0fb1,node,1649,76,14,61,81,-1,-1
5029,6bba_05db0fb1,node,1650,76,15,80,194,-1,-1
5030,6bba_05db0fb1,node,1651,76,14,78,46,-1,-1
5031,6bba_05db0fb1,node,1652,76,15,59,177,-1,-1
5032,6bba_05db0fb1,node,1653,76,14,46,60,-1,-1
5033,6bba_05db0fb1,node,1654,76,17,75,209,-1,-1
5034,6bba_05db0fb1,node,1655,76,17,75,174,-1,-1
5035,6bba_05db0fb1,node,1656,76,41,79,177,-1,-1
5036,6bba_05db0fb1,node,1657,76,47,177,177,-1,-1
5037,6bba_05db0fb1,node,1658,76,39,175,188,-1,-1
5038,6bba_05db0fb1,node,1659,76,46,187,177,-1,-1
5039,6bba_05db0fb1,node,1660,76,48,197,78,-1,-1
5040,6bba_05db0fb1,node,1661,76,49,69,81,-1,-1
5041,6bba_05db0fb1,node,1662,76,41,59,81,-1,-1
5042,6bba_05db0fb1,node,1663,76,38,175,204,-1,-1
5043,6bba_05db0fb1,node,1664,76,48,81,67,-1,-1
5044,6bba_05db0fb1,node,1665,76,42,172,53,-1,-1
5045,6bba_05db0fb1,node,1666,76,50,81,51,-1,-1
5046,6bba_05db0fb1,node,1667,76,39,68,204,-1,-1
5047,6bba_05db0fb1,node,1668,77,16,172,191,-1,-1
5048,6bba_05db0fb1,node,1669,77,13,64,81,-1,-1
5049,6bba_05db0fb1,node,1670,77,15,58,174,-1,-1
5050,6bba_05db0fb1,node,1671,77,15,80,194,-1,-1
5051,6bba_05db0fb1,node,1672,77,14,78,46,-1,-1
5052,6bba_05db0fb1,node,1673,77,14,48,59,-1,-1
5053,6bba_05db0fb1,node,1674,77,16,76,209,-1,-1
5054,6bba_05db0fb1,node,1676,77,41,81,177,-1,-1
5055,6bba_05db0fb1,node,1677,77,47,177,177,-1,-1
5056,6bba_05db0fb1,node,1678,77,39,175,189,-1,-1
5057,6bba_05db0fb1,node,1679,77,47,198,80,-1,-1
5058,6bba_05db0fb1,node,1680,77,42,59,81,-1,-1
5059,6bba_05db0fb1,node,1681,77,46,188,177,-1,-1
5060,6bba_05db0fb1,node,1682,77,49,69,81,-1,-1
5061,6bba_05db0fb1,node,1683,77,38,175,205,-1,-1
5062,6bba_05db0fb1,node,1684,77,48,81,67,-1,-1
5063,6bba_05db0fb1,node,1685,77,50,80,50,-1,-1
5064,6bba_05db0fb1,node,1686,77,39,68,204,-1,-1
5065,6bba_05db0fb1,node,1687,77,42,174,58,-1,-1
5066,6bba_05db0fb1,node,1688,78,16,175,194,-1,-1
5067,6bba_05db0fb1,node,1689,78,15,58,175,-1,-1
5068,6bba_05db0fb1,node,1690,78,14,78,46,-1,-1
5069,6bba_05db0fb1,node,1691,78,16,81,192,-1,-1
5070,6bba_05db0fb1,node,1692,78,16,76,209,-1,-1
5071,6bba_05db0fb1,node,1693,78,14,50,81,-1,-1
5072,6bba_05db0fb1,node,1694,78,17,177,174,-1,-1
5073,6bba_05db0fb1,node,1695,78,41,81,177,-1,-1
5074,6bba_05db0fb1,node,1696,78,47,177,174,-1,-1
5075,6bba_05db0fb1,node,1697,78,42,59,81,-1,-1
5076,6bba_05db0fb1,node,1698,78,14,50,67,-1,-1
5077,6bba_05db0fb1,node,1699,78,39,175,188,-1,-1
5078,6bba_05db0fb1,node,1700,78,48,78,78,-1,-1
5079,6bba_05db0fb1,node,1701,78,47,198,81,-1,-1
5080,6bba_05db0fb1,node,1702,78,48,81,65,-1,-1
5081,6bba_05db0fb1,node,1703,78,47,188,177,-1,-1
5082,6bba_05db0fb1,node,1704,78,48,69,78,-1,-1
5083,6bba_05db0fb1,node,1705,78,50,80,48,-1,-1
5084,6bba_05db0fb1,node,1706,78,13,62,81,-1,-1
5085,6bba_05db0fb1,node,1707,78,17,46,193,-1,-1
5086,6bba_05db0fb1,node,1708,78,39,68,204,-1,-1
5087,6bba_05db0fb1,node,1709,78,42,175,58,-1,-1
5088,6bba_05db0fb1,node,1712,79,18,172,174,-1,-1
5089,6bba_05db0fb1,node,1713,79,16,177,205,-1,-1
5090,6bba_05db0fb1,node,1714,79,14,67,81,-1,-1
5091,6bba_05db0fb1,node,1715,79,15,60,177,-1,-1
5092,6bba_05db0fb1,node,1716,79,15,81,50,-1,-1
5093,6bba_05db0fb1,node,1717,79,17,81,188,-1,-1
5094,6bba_05db0fb1,node,1718,79,14,50,81,-1,-1
5095,6bba_05db0fb1,node,1719,79,18,75,204,-1,-1
5096,6bba_05db0fb1,node,1720,79,14,50,68,-1,-1
5097,6bba_05db0fb1,node,1721,79,14,65,60,-1,-1
5098,6bba_05db0fb1,node,1722,79,16,81,74,-1,-1
5099,6bba_05db0fb1,node,1723,79,16,90,74,-1,-1
5100,6bba_05db0fb1,node,1724,79,47,177,174,-1,-1
5101,6bba_05db0fb1,node,1725,79,42,177,66,-1,-1
5102,6bba_05db0fb1,node,1726,79,41,79,177,-1,-1
5103,6bba_05db0fb1,node,1727,79,17,46,195,-1,-1
5104,6bba_05db0fb1,node,1728,79,48,78,78,-1,-1
5105,6bba_05db0fb1,node,1729,79,39,174,188,-1,-1
5106,6bba_05db0fb1,node,1730,79,42,60,81,-1,-1
5107,6bba_05db0fb1,node,1731,79,38,81,66,-1,-1
5108,6bba_05db0fb1,node,1732,79,48,81,65,-1,-1
5109,6bba_05db0fb1,node,1733,79,51,80,46,-1,-1
5110,6bba_05db0fb1,node,1734,79,38,174,205,-1,-1
5111,6bba_05db0fb1,node,1735,79,47,196,81,-1,-1
5112,6bba_05db0fb1,node,1736,79,40,194,78,-1,-1
5113,6bba_05db0fb1,node,1737,80,18,172,174,-1,-1
5114,6bba_05db0fb1,node,1738,80,16,177,205,-1,-1
5115,6bba_05db0fb1,node,1739,80,14,67,81,-1,-1
5116,6bba_05db0fb1,node,1740,80,15,60,177,-1,-1
5117,6bba_05db0fb1,node,1741,80,15,81,50,-1,-1
5118,6bba_05db0fb1,node,1742,80,17,81,188,-1,-1
5119,6bba_05db0fb1,node,1743,80,14,50,81,-1,-1
5120,6bba_05db0fb1,node,1744,80,18,75,204,-1,-1
5121,6bba_05db0fb1,node,1745,80,14,50,68,-1,-1
5122,6bba_05db0fb1,node,1746,80,14,65,60,-1,-1
5123,6bba_05db0fb1,node,1747,80,16,81,74,-1,-1
5124,6bba_05db0fb1,node,1748,80,16,90,74,-1,-1
5125,6bba_05db0fb1,node,1749,80,47,177,174,-1,-1
5126,6bba_05db0fb1,node,1750,80,42,177,66,-1,-1
5127,6bba_05db0fb1,node,1751,80,41,79,177,-1,-1
5128,6bba_05db0fb1,node,1752,80,17,46,195,-1,-1
5129,6bba_05db0fb1,node,1753,80,48,78,78,-1,-1
5130,6bba_05db0fb1,node,1754,80,39,174,188,-1,-1
5131,6bba_05db0fb1,node,1755,80,42,60,81,-1,-1
5132,6bba_05db0fb1,node,1756,80,38,81,66,-1,-1
5133,6bba_05db0fb1,node,1757,80,48,81,65,-1,-1
5134,6bba_05db0fb1,node,1758,80,51,80,46,-1,-1
5135,6bba_05db0fb1,node,1759,80,38,174,205,-1,-1
5136,6bba_05db0fb1,node,1760,80,47,196,81,-1,-1
5137,6bba_05db0fb1,node,1761,80,40,194,78,-1,-1
5138,6bba_05db0fb1,node,1762,81,17,176,201,-1,-1
5139,6bba_05db0fb1,node,1763,81,14,59,78,-1,-1
5140,6bba_05db0fb1,node,1764,81,14,81,46,-1,-1
5141,6bba_05db0fb1,node,1765,81,17,79,174,-1,-1
5142,6bba_05db0fb1,node,1766,81,17,81,205,-1,-1
5143,6bba_05db0fb1,node,1767,81,17,81,188,-1,-1
5144,6bba_05db0fb1,node,1768,81,16,57,50,-1,-1
5145,6bba_05db0fb1,node,1769,81,16,50,199,-1,-1
5146,6bba_05db0fb1,node,1770,81,48,78,78,-1,-1
5147,6bba_05db0fb1,node,1771,81,46,177,174,-1,-1
5148,6bba_05db0fb1,node,1772,81,39,177,78,-1,-1
5149,6bba_05db0fb1,node,1773,81,38,81,70,-1,-1
5150,6bba_05db0fb1,node,1774,81,40,68,177,-1,-1
5151,6bba_05db0fb1,node,1775,81,38,177,192,-1,-1
5152,6bba_05db0fb1,node,1776,81,39,46,78,-1,-1
5153,6bba_05db0fb1,node,1777,81,46,177,58,-1,-1
5154,6bba_05db0fb1,node,1778,81,51,81,47,-1,-1
5155,6bba_05db0fb1,node,1779,81,15,59,177,-1,-1
5156,6bba_05db0fb1,node,1780,81,42,61,52,-1,-1
5157,6bba_05db0fb1,node,1781,81,48,81,67,-1,-1
5158,6bba_05db0fb1,node,1782,81,47,46,78,-1,-1
5159,6bba_05db0fb1,node,1783,81,39,69,205,-1,-1
5160,6bba_05db0fb1,node,1784,81,41,63,81,-1,-1
5161,6bba_05db0fb1,node,1785,82,17,176,201,-1,-1
5162,6bba_05db0fb1,node,1786,82,14,59,78,-1,-1
5163,6bba_05db0fb1,node,1787,82,14,81,46,-1,-1
5164,6bba_05db0fb1,node,1788,82,17,79,174,-1,-1
5165,6bba_05db0fb1,node,1789,82,17,81,205,-1,-1
5166,6bba_05db0fb1,node,1790,82,17,81,188,-1,-1
5167,6bba_05db0fb1,node,1791,82,16,57,50,-1,-1
5168,6bba_05db0fb1,node,1792,82,16,50,199,-1,-1
5169,6bba_05db0fb1,node,1793,82,48,78,78,-1,-1
5170,6bba_05db0fb1,node,1794,82,46,177,174,-1,-1
5171,6bba_05db0fb1,node,1795,82,39,177,78,-1,-1
5172,6bba_05db0fb1,node,1796,82,38,81,70,-1,-1
5173,6bba_05db0fb1,node,1797,82,40,68,177,-1,-1
5174,6bba_05db0fb1,node,1798,82,38,177,192,-1,-1
5175,6bba_05db0fb1,node,1799,82,39,46,78,-1,-1
5176,6bba_05db0fb1,node,1800,82,46,177,58,-1,-1
5177,6bba_05db0fb1,node,1801,82,51,81,47,-1,-1
5178,6bba_05db0fb1,node,1802,82,15,59,177,-1,-1
5179,6bba_05db0fb1,node,1803,82,42,61,52,-1,-1
5180,6bba_05db0fb1,node,1804,82,48,81,67,-1,-1
5181,6bba_05db0fb1,node,1805,82,47,46,78,-1,-1
5182,6bba_05db0fb1,node,1806,82,39,69,205,-1,-1
5183,6bba_05db0fb1,node,1807,82,41,63,81,-1,-1
5184,6bba_05db0fb1,node,1808,83,16,176,203,-1,-1
5185,6bba_05db0fb1,node,1809,83,15,59,174,-1,-1
5186,6bba_05db0fb1,node,1810,83,17,81,204,-1,-1
5187,6bba_05db0fb1,node,1811,83,14,59,50,-1,-1
5188,6bba_05db0fb1,node,1812,83,18,51,78,-1,-1
5189,6bba_05db0fb1,node,1813,83,15,51,195,-1,-1
5190,6bba_05db0fb1,node,1814,83,17,76,189,-1,-1
5191,6bba_05db0fb1,node,1815,83,47,78,78,-1,-1
5192,6bba_05db0fb1,node,1816,83,46,174,174,-1,-1
5193,6bba_05db0fb1,node,1817,83,44,180,59,-1,-1
5194,6bba_05db0fb1,node,1818,83,38,81,69,-1,-1
5195,6bba_05db0fb1,node,1819,83,38,176,196,-1,-1
5196,6bba_05db0fb1,node,1820,83,39,69,177,-1,-1
5197,6bba_05db0fb1,node,1821,83,42,63,53,-1,-1
5198,6bba_05db0fb1,node,1822,83,50,81,47,-1,-1
5199,6bba_05db0fb1,node,1823,83,48,201,174,-1,-1
5200,6bba_05db0fb1,node,1824,83,39,195,81,-1,-1
5201,6bba_05db0fb1,node,1825,83,50,205,81,-1,-1
5202,6bba_05db0fb1,node,1826,83,41,63,81,-1,-1
5203,6bba_05db0fb1,node,1827,84,15,176,206,-1,-1
5204,6bba_05db0fb1,node,1828,84,16,80,209,-1,-1
5205,6bba_05db0fb1,node,1829,84,16,81,188,-1,-1
5206,6bba_05db0fb1,node,1830,84,17,174,174,-1,-1
5207,6bba_05db0fb1,node,1831,84,14,61,57,-1,-1
5208,6bba_05db0fb1,node,1832,84,18,54,78,-1,-1
5209,6bba_05db0fb1,node,1833,84,15,51,196,-1,-1
5210,6bba_05db0fb1,node,1834,84,47,78,78,-1,-1
5211,6bba_05db0fb1,node,1835,84,46,174,177,-1,-1
5212,6bba_05db0fb1,node,1836,84,38,81,69,-1,-1
5213,6bba_05db0fb1,node,1837,84,38,177,196,-1,-1
5214,6bba_05db0fb1,node,1838,84,38,46,71,-1,-1
5215,6bba_05db0fb1,node,1839,84,41,64,53,-1,-1
5216,6bba_05db0fb1,node,1840,84,41,63,81,-1,-1
5217,6bba_05db0fb1,node,1841,84,47,201,174,-1,-1
5218,6bba_05db0fb1,node,1842,84,44,180,61,-1,-1
5219,6bba_05db0fb1,node,1843,84,50,81,47,-1,-1
5220,6bba_05db0fb1,node,1844,84,40,70,177,-1,-1
5221,6bba_05db0fb1,node,1845,84,15,59,174,-1,-1
5222,6bba_05db0fb1,node,1846,84,50,205,81,-1,-1
5223,6bba_05db0fb1,node,1847,85,15,176,206,-1,-1
5224,6bba_05db0fb1,node,1848,85,16,80,209,-1,-1
5225,6bba_05db0fb1,node,1849,85,16,81,188,-1,-1
5226,6bba_05db0fb1,node,1850,85,17,174,174,-1,-1
5227,6bba_05db0fb1,node,1851,85,14,61,57,-1,-1
5228,6bba_05db0fb1,node,1852,85,18,54,78,-1,-1
5229,6bba_05db0fb1,node,1853,85,15,51,196,-1,-1
5230,6bba_05db0fb1,node,1854,85,47,78,78,-1,-1
5231,6bba_05db0fb1,node,1855,85,46,174,177,-1,-1
5232,6bba_05db0fb1,node,1856,85,38,81,69,-1,-1
5233,6bba_05db0fb1,node,1857,85,38,177,196,-1,-1
5234,6bba_05db0fb1,node,1858,85,38,46,71,-1,-1
5235,6bba_05db0fb1,node,1859,85,41,64,53,-1,-1
5236,6bba_05db0fb1,node,1860,85,41,63,81,-1,-1
5237,6bba_05db0fb1,node,1861,85,47,201,174,-1,-1
5238,6bba_05db0fb1,node,1862,85,44,180,61,-1,-1
5239,6bba_05db0fb1,node,1863,85,50,81,47,-1,-1
5240,6bba_05db0fb1,node,1864,85,40,70,177,-1,-1
5241,6bba_05db0fb1,node,1865,85,15,59,174,-1,-1
5242,6bba_05db0fb1,node,1866,85,50,205,81,-1,-1
5243,6bba_05db0fb1,node,1867,86,17,172,174,-1,-1
5244,6bba_05db0fb1,node,1868,86,14,177,209,-1,-1
5245,6bba_05db0fb1,node,1869,86,14,65,60,-1,-1
5246,6bba_05db0fb1,node,1870,86,17,57,177,-1,-1
5247,6bba_05db0fb1,node,1871,86,15,81,188,-1,-1
5248,6bba_05db0fb1,node,1873,86,16,75,209,-1,-1
5249,6bba_05db0fb1,node,1874,86,15,51,196,-1,-1
5250,6bba_05db0fb1,node,1875,86,48,78,174,-1,-1
5251,6bba_05db0fb1,node,1876,86,47,78,78,-1,-1
5252,6bba_05db0fb1,node,1877,86,41,177,65,-1,-1
5253,6bba_05db0fb1,node,1878,86,17,52,78,-1,-1
5254,6bba_05db0fb1,node,1879,86,38,48,71,-1,-1
5255,6bba_05db0fb1,node,1880,86,40,63,81,-1,-1
5256,6bba_05db0fb1,node,1881,86,47,203,174,-1,-1
5257,6bba_05db0fb1,node,1882,86,50,81,49,-1,-1
5258,6bba_05db0fb1,node,1883,86,41,65,53,-1,-1
5259,6bba_05db0fb1,node,1884,86,38,81,69,-1,-1
5260,6bba_05db0fb1,node,1885,86,39,78,182,-1,-1
5261,6bba_05db0fb1,node,1886,86,46,48,71,-1,-1
5262,6bba_05db0fb1,node,1887,87,16,172,177,-1,-1
5263,6bba_05db0fb1,node,1888,87,14,177,209,-1,-1
5264,6bba_05db0fb1,node,1889,87,15,80,205,-1,-1
5265,6bba_05db0fb1,node,1890,87,15,81,186,-1,-1
5266,6bba_05db0fb1,node,1891,87,17,59,177,-1,-1
5267,6bba_05db0fb1,node,1892,87,14,67,60,-1,-1
5268,6bba_05db0fb1,node,1893,87,15,51,196,-1,-1
5269,6bba_05db0fb1,node,1894,87,48,79,174,-1,-1
5270,6bba_05db0fb1,node,1897,87,14,81,46,-1,-1
5271,6bba_05db0fb1,node,1898,87,48,78,78,-1,-1
5272,6bba_05db0fb1,node,1899,87,41,187,74,-1,-1
5273,6bba_05db0fb1,node,1900,87,41,64,81,-1,-1
5274,6bba_05db0fb1,node,1901,87,40,66,53,-1,-1
5275,6bba_05db0fb1,node,1903,87,38,51,71,-1,-1
5276,6bba_05db0fb1,node,1904,87,40,78,184,-1,-1
5277,6bba_05db0fb1,node,1905,87,42,186,177,-1,-1
5278,6bba_05db0fb1,node,1906,87,47,201,174,-1,-1
5279,6bba_05db0fb1,node,1907,87,47,48,67,-1,-1
5280,6bba_05db0fb1,node,1908,87,47,69,65,-1,-1
5281,6bba_05db0fb1,node,1909,88,17,177,174,-1,-1
5282,6bba_05db0fb1,node,1910,88,18,69,78,-1,-1
5283,6bba_05db0fb1,node,1911,88,14,177,209,-1,-1
5284,6bba_05db0fb1,node,1912,88,15,80,205,-1,-1
5285,6bba_05db0fb1,node,1913,88,14,81,46,-1,-1
5286,6bba_05db0fb1,node,1914,88,16,60,174,-1,-1
5287,6bba_05db0fb1,node,1915,88,15,81,186,-1,-1
5288,6bba_05db0fb1,node,1916,88,18,65,59,-1,-1
5289,6bba_05db0fb1,node,1917,88,42,177,174,-1,-1
5290,6bba_05db0fb1,node,1918,88,47,81,181,-1,-1
5291,6bba_05db0fb1,node,1919,88,47,81,78,-1,-1
5292,6bba_05db0fb1,node,1920,88,49,187,174,-1,-1
5293,6bba_05db0fb1,node,1921,88,50,176,67,-1,-1
5294,6bba_05db0fb1,node,1922,88,38,188,81,-1,-1
5295,6bba_05db0fb1,node,1923,88,39,71,81,-1,-1
5296,6bba_05db0fb1,node,1924,88,39,172,50,-1,-1
5297,6bba_05db0fb1,node,1925,88,47,78,68,-1,-1
5298,6bba_05db0fb1,node,1926,88,38,69,177,-1,-1
5299,6bba_05db0fb1,node,1927,88,47,59,174,-1,-1
5300,6bba_05db0fb1,node,1928,88,39,46,78,-1,-1
5301,6bba_05db0fb1,node,1929,88,39,67,57,-1,-1
5302,6bba_05db0fb1,node,1930,89,17,177,174,-1,-1
5303,6bba_05db0fb1,node,1931,89,18,69,78,-1,-1
5304,6bba_05db0fb1,node,1932,89,14,177,209,-1,-1
5305,6bba_05db0fb1,node,1933,89,15,80,205,-1,-1
5306,6bba_05db0fb1,node,1934,89,14,81,46,-1,-1
5307,6bba_05db0fb1,node,1935,89,16,60,174,-1,-1
5308,6bba_05db0fb1,node,1936,89,15,81,186,-1,-1
5309,6bba_05db0fb1,node,1937,89,18,65,59,-1,-1
5310,6bba_05db0fb1,node,1938,89,42,177,174,-1,-1
5311,6bba_05db0fb1,node,1939,89,47,81,181,-1,-1
5312,6bba_05db0fb1,node,1940,89,47,81,78,-1,-1
5313,6bba_05db0fb1,node,1941,89,49,187,174,-1,-1
5314,6bba_05db0fb1,node,1942,89,50,176,67,-1,-1
5315,6bba_05db0fb1,node,1943,89,38,188,81,-1,-1
5316,6bba_05db0fb1,node,1944,89,39,71,81,-1,-1
5317,6bba_05db0fb1,node,1945,89,39,172,50,-1,-1
5318,6bba_05db0fb1,node,1946,89,47,78,68,-1,-1
5319,6bba_05db0fb1,node,1947,89,38,69,177,-1,-1
5320,6bba_05db0fb1,node,1948,89,47,59,174,-1,-1
5321,6bba_05db0fb1,node,1949,89,39,46,78,-1,-1
5322,6bba_05db0fb1,node,1950,89,39,67,57,-1,-1
5323,6bba_05db0fb1,node,1951,90,17,78,78,-1,-1
5324,6bba_05db0fb1,node,1952,90,15,177,174,-1,-1
5325,6bba_05db0fb1,node,1953,90,18,69,78,-1,-1
5326,6bba_05db0fb1,node,1954,90,14,81,46,-1,-1
5327,6bba_05db0fb1,node,1955,90,14,177,209,-1,-1
5328,6bba_05db0fb1,node,1956,90,15,61,174,-1,-1
5329,6bba_05db0fb1,node,1957,90,14,80,205,-1,-1
5330,6bba_05db0fb1,node,1958,90,15,81,188,-1,-1
5331,6bba_05db0fb1,node,1959,90,18,81,60,-1,-1
5332,6bba_05db0fb1,node,1960,90,42,177,174,-1,-1
5333,6bba_05db0fb1,node,1961,90,50,175,67,-1,-1
5334,6bba_05db0fb1,node,1962,90,11,5,243,-1,-1
5335,6bba_05db0fb1,node,1963,90,39,47,78,-1,-1
5336,6bba_05db0fb1,node,1964,90,38,175,53,-1,-1
5337,6bba_05db0fb1,node,1965,90,40,66,57,-1,-1
5338,6bba_05db0fb1,node,1966,90,47,81,78,-1,-1
5339,6bba_05db0fb1,node,1967,90,40,75,81,-1,-1
5340,6bba_05db0fb1,node,1968,90,48,67,174,-1,-1
5341,6bba_05db0fb1,node,1969,90,46,197,175,-1,-1
5342,6bba_05db0fb1,node,1970,90,38,71,177,-1,-1
5343,6bba_05db0fb1,node,1971,90,47,55,67,-1,-1
5344,6bba_05db0fb1,node,1972,91,17,78,78,-1,-1
5345,6bba_05db0fb1,node,1973,91,13,81,46,-1,-1
5346,6bba_05db0fb1,node,1974,91,16,180,174,-1,-1
5347,6bba_05db0fb1,node,1975,91,15,81,186,-1,-1
5348,6bba_05db0fb1,node,1976,91,16,61,174,-1,-1
5349,6bba_05db0fb1,node,1977,91,14,80,205,-1,-1
5350,6bba_05db0fb1,node,1978,91,11,6,243,-1,-1
5351,6bba_05db0fb1,node,1979,91,18,187,187,-1,-1
5352,6bba_05db0fb1,node,1980,91,18,67,58,-1,-1
5353,6bba_05db0fb1,node,1981,91,14,182,209,-1,-1
5354,6bba_05db0fb1,node,1982,91,16,52,209,-1,-1
5355,6bba_05db0fb1,node,1983,91,48,78,174,-1,-1
5356,6bba_05db0fb1,node,1985,91,42,177,174,-1,-1
5357,6bba_05db0fb1,node,1986,91,38,175,54,-1,-1
5358,6bba_05db0fb1,node,1987,91,40,75,81,-1,-1
5359,6bba_05db0fb1,node,1988,91,50,174,68,-1,-1
5360,6bba_05db0fb1,node,1989,91,48,81,78,-1,-1
5361,6bba_05db0fb1,node,1990,91,39,47,78,-1,-1
5362,6bba_05db0fb1,node,1991,91,38,70,177,-1,-1
5363,6bba_05db0fb1,node,1992,91,48,67,174,-1,-1
5364,6bba_05db0fb1,node,1994,91,46,196,174,-1,-1
5365,6bba_05db0fb1,node,1995,91,47,81,187,-1,-1
5366,6bba_05db0fb1,node,1996,91,47,53,67,-1,-1
5367,6bba_05db0fb1,node,1997,91,40,67,58,-1,-1
5368,6bba_05db0fb1,node,1998,91,46,179,26,-1,-1
5369,6bba_05db0fb1,node,1999,92,17,81,81,-1,-1
5370,6bba_05db0fb1,node,2000,92,16,177,174,-1,-1
5371,6bba_05db0fb1,node,2001,92,16,65,174,-1,-1
5372,6bba_05db0fb1,node,2002,92,14,81,46,-1,-1
5373,6bba_05db0fb1,node,2003,92,15,81,186,-1,-1
5374,6bba_05db0fb1,node,2004,92,15,80,205,-1,-1
5375,6bba_05db0fb1,node,2005,92,15,51,78,-1,-1
5376,6bba_05db0fb1,node,2006,92,18,59,46,-1,-1
5377,6bba_05db0fb1,node,2007,92,18,187,188,-1,-1
5378,6bba_05db0fb1,node,2008,92,18,81,60,-1,-1
5379,6bba_05db0fb1,node,2009,92,46,176,28,-1,-1
5380,6bba_05db0fb1,node,2010,92,11,7,242,-1,-1
5381,6bba_05db0fb1,node,2011,92,15,51,209,-1,-1
5382,6bba_05db0fb1,node,2012,92,40,78,177,-1,-1
5383,6bba_05db0fb1,node,2013,92,49,174,78,-1,-1
5384,6bba_05db0fb1,node,2014,92,40,79,81,-1,-1
5385,6bba_05db0fb1,node,2015,92,39,50,78,-1,-1
5386,6bba_05db0fb1,node,2016,92,50,174,68,-1,-1
5387,6bba_05db0fb1,node,2017,92,49,78,177,-1,-1
5388,6bba_05db0fb1,node,2018,92,38,175,54,-1,-1
5389,6bba_05db0fb1,node,2019,92,41,79,188,-1,-1
5390,6bba_05db0fb1,node,2020,92,48,81,78,-1,-1
5391,6bba_05db0fb1,node,2021,92,47,53,74,-1,-1
5392,6bba_05db0fb1,node,2022,92,41,67,59,-1,-1
5393,6bba_05db0fb1,node,2023,93,17,61,174,-1,-1
5394,6bba_05db0fb1,node,2024,93,18,78,202,-1,-1
5395,6bba_05db0fb1,node,2025,93,15,80,61,-1,-1
5396,6bba_05db0fb1,node,2026,93,14,81,81,-1,-1
5397,6bba_05db0fb1,node,2027,93,17,51,78,-1,-1
5398,6bba_05db0fb1,node,2028,93,15,174,174,-1,-1
5399,6bba_05db0fb1,node,2029,93,15,188,202,-1,-1
5400,6bba_05db0fb1,node,2030,93,16,52,68,-1,-1
5401,6bba_05db0fb1,node,2031,93,15,77,174,-1,-1
5402,6bba_05db0fb1,node,2032,93,15,69,52,-1,-1
5403,6bba_05db0fb1,node,2033,93,14,50,188,-1,-1
5404,6bba_05db0fb1,node,2034,93,46,174,78,-1,-1
5405,6bba_05db0fb1,node,2035,93,46,174,68,-1,-1
5406,6bba_05db0fb1,node,2038,93,45,81,75,-1,-1
5407,6bba_05db0fb1,node,2039,93,41,50,177,-1,-1
5408,6bba_05db0fb1,node,2040,93,50,197,174,-1,-1
5409,6bba_05db0fb1,node,2041,93,40,179,31,-1,-1
5410,6bba_05db0fb1,node,2042,93,46,68,54,-1,-1
5411,6bba_05db0fb1,node,2043,94,17,81,81,-1,-1
5412,6bba_05db0fb1,node,2044,94,15,176,174,-1,-1
5413,6bba_05db0fb1,node,2045,94,15,68,174,-1,-1
5414,6bba_05db0fb1,node,2046,94,16,54,78,-1,-1
5415,6bba_05db0fb1,node,2047,94,18,71,50,-1,-1
5416,6bba_05db0fb1,node,2048,94,16,51,188,-1,-1
5417,6bba_05db0fb1,node,2049,94,15,57,209,-1,-1
5418,6bba_05db0fb1,node,2050,94,17,190,202,-1,-1
5419,6bba_05db0fb1,node,2051,94,49,81,78,-1,-1
5420,6bba_05db0fb1,node,2052,94,50,176,72,-1,-1
5421,6bba_05db0fb1,node,2053,94,40,59,78,-1,-1
5422,6bba_05db0fb1,node,2054,94,40,81,81,-1,-1
5423,6bba_05db0fb1,node,2056,94,49,81,174,-1,-1
5424,6bba_05db0fb1,node,2057,94,41,81,188,-1,-1
5425,6bba_05db0fb1,node,2059,94,40,67,58,-1,-1
5426,6bba_05db0fb1,node,2060,94,47,197,174,-1,-1
5427,6bba_05db0fb1,node,2061,94,42,179,35,-1,-1
5428,6bba_05db0fb1,node,2062,95,15,69,174,-1,-1
5429,6bba_05db0fb1,node,2063,95,16,81,81,-1,-1
5430,6bba_05db0fb1,node,2064,95,15,176,174,-1,-1
5431,6bba_05db0fb1,node,2065,95,16,54,78,-1,-1
5432,6bba_05db0fb1,node,2066,95,18,69,46,-1,-1
5433,6bba_05db0fb1,node,2067,95,16,52,188,-1,-1
5434,6bba_05db0fb1,node,2068,95,17,190,202,-1,-1
5435,6bba_05db0fb1,node,2069,95,16,59,209,-1,-1
5436,6bba_05db0fb1,node,2070,95,50,176,78,-1,-1
5437,6bba_05db0fb1,node,2071,95,49,81,174,-1,-1
5438,6bba_05db0fb1,node,2072,95,48,81,78,-1,-1
5439,6bba_05db0fb1,node,2073,95,40,58,78,-1,-1
5440,6bba_05db0fb1,node,2074,95,39,81,81,-1,-1
5441,6bba_05db0fb1,node,2075,95,47,58,71,-1,-1
5442,6bba_05db0fb1,node,2076,95,40,81,187,-1,-1
5443,6bba_05db0fb1,node,2077,95,42,177,203,-1,-1
5444,6bba_05db0fb1,node,2078,95,47,194,174,-1,-1
5445,6bba_05db0fb1,node,2079,95,40,67,59,-1,-1
5446,6bba_05db0fb1,node,2080,96,17,80,81,-1,-1
5447,6bba_05db0fb1,node,2081,96,15,69,174,-1,-1
5448,6bba_05db0fb1,node,2082,96,15,176,174,-1,-1
5449,6bba_05db0fb1,node,2083,96,16,51,78,-1,-1
5450,6bba_05db0fb1,node,2084,96,17,81,59,-1,-1
5451,6bba_05db0fb1,node,2085,96,18,71,53,-1,-1
5452,6bba_05db0fb1,node,2086,96,15,59,188,-1,-1
5453,6bba_05db0fb1,node,2087,96,15,57,209,-1,-1
5454,6bba_05db0fb1,node,2088,96,17,190,188,-1,-1
5455,6bba_05db0fb1,node,2089,96,17,192,205,-1,-1
5456,6bba_05db0fb1,node,2090,96,50,177,78,-1,-1
5457,6bba_05db0fb1,node,2091,96,49,81,174,-1,-1
5458,6bba_05db0fb1,node,2092,96,40,59,78,-1,-1
5459,6bba_05db0fb1,node,2093,96,40,81,81,-1,-1
5460,6bba_05db0fb1,node,2094,96,47,59,74,-1,-1
5461,6bba_05db0fb1,node,2095,96,48,187,174,-1,-1
5462,6bba_05db0fb1,node,2096,96,41,81,188,-1,-1
5463,6bba_05db0fb1,node,2097,96,42,177,203,-1,-1
5464,6bba_05db0fb1,node,2098,96,40,68,60,-1,-1
5465,6bba_05db0fb1,node,2100,97,17,80,78,-1,-1
5466,6bba_05db0fb1,node,2101,97,14,177,174,-1,-1
5467,6bba_05db0fb1,node,2102,97,15,69,174,-1,-1
5468,6bba_05db0fb1,node,2103,97,16,57,78,-1,-1
5469,6bba_05db0fb1,node,2104,97,17,79,53,-1,-1
5470,6bba_05db0fb1,node,2105,97,15,59,206,-1,-1
5471,6bba_05db0fb1,node,2106,97,17,50,177,-1,-1
5472,6bba_05db0fb1,node,2107,97,17,194,206,-1,-1
5473,6bba_05db0fb1,node,2108,97,15,61,188,-1,-1
5474,6bba_05db0fb1,node,2109,97,17,192,188,-1,-1
5475,6bba_05db0fb1,node,2110,97,50,177,78,-1,-1
5476,6bba_05db0fb1,node,2111,97,39,81,81,-1,-1
5477,6bba_05db0fb1,node,2112,97,40,81,177,-1,-1
5478,6bba_05db0fb1,node,2113,97,40,55,78,-1,-1
5479,6bba_05db0fb1,node,2115,97,48,60,67,-1,-1
5480,6bba_05db0fb1,node,2116,97,42,177,203,-1,-1
5481,6bba_05db0fb1,node,2117,97,40,68,57,-1,-1
5482,6bba_05db0fb1,node,2118,97,41,81,188,-1,-1
5483,6bba_05db0fb1,node,2119,97,47,188,174,-1,-1
5484,6bba_05db0fb1,node,2120,97,48,81,68,-1,-1
5485,6bba_05db0fb1,node,2121,97,48,81,174,-1,-1
5486,6bba_05db0fb1,node,2122,98,16,80,78,-1,-1
5487,6bba_05db0fb1,node,2123,98,15,177,177,-1,-1
5488,6bba_05db0fb1,node,2124,98,16,56,78,-1,-1
5489,6bba_05db0fb1,node,2125,98,15,68,174,-1,-1
5490,6bba_05db0fb1,node,2126,98,17,79,53,-1,-1
5491,6bba_05db0fb1,node,2127,98,17,51,177,-1,-1
5492,6bba_05db0fb1,node,2128,98,16,55,68,-1,-1
5493,6bba_05db0fb1,node,2129,98,15,59,205,-1,-1
5494,6bba_05db0fb1,node,2130,98,17,194,209,-1,-1
5495,6bba_05db0fb1,node,2131,98,16,193,188,-1,-1
5496,6bba_05db0fb1,node,2132,98,15,59,188,-1,-1
5497,6bba_05db0fb1,node,2133,98,50,177,78,-1,-1
5498,6bba_05db0fb1,node,2134,98,39,81,81,-1,-1
5499,6bba_05db0fb1,node,2135,98,40,80,177,-1,-1
5500,6bba_05db0fb1,node,2136,98,40,59,78,-1,-1
5501,6bba_05db0fb1,node,2137,98,47,60,74,-1,-1
5502,6bba_05db0fb1,node,2138,98,42,177,202,-1,-1
5503,6bba_05db0fb1,node,2139,98,39,71,57,-1,-1
5504,6bba_05db0fb1,node,2140,98,47,194,174,-1,-1
5505,6bba_05db0fb1,node,2141,98,39,188,177,-1,-1
5506,6bba_05db0fb1,node,2142,98,48,81,67,-1,-1
5507,6bba_05db0fb1,node,2143,99,16,80,78,-1,-1
5508,6bba_05db0fb1,node,2144,99,15,177,177,-1,-1
5509,6bba_05db0fb1,node,2145,99,16,56,78,-1,-1
5510,6bba_05db0fb1,node,2146,99,15,68,174,-1,-1
5511,6bba_05db0fb1,node,2147,99,17,79,53,-1,-1
5512,6bba_05db0fb1,node,2148,99,17,51,177,-1,-1
5513,6bba_05db0fb1,node,2149,99,16,55,68,-1,-1
5514,6bba_05db0fb1,node,2150,99,15,59,205,-1,-1
5515,6bba_05db0fb1,node,2151,99,17,194,209,-1,-1
5516,6bba_05db0fb1,node,2152,99,16,193,188,-1,-1
5517,6bba_05db0fb1,node,2153,99,15,59,188,-1,-1
5518,6bba_05db0fb1,node,2154,99,50,177,78,-1,-1
5519,6bba_05db0fb1,node,2155,99,39,81,81,-1,-1
5520,6bba_05db0fb1,node,2156,99,40,80,177,-1,-1
5521,6bba_05db0fb1,node,2157,99,40,59,78,-1,-1
5522,6bba_05db0fb1,node,2158,99,47,60,74,-1,-1
5523,6bba_05db0fb1,node,2159,99,42,177,202,-1,-1
5524,6bba_05db0fb1,node,2160,99,39,71,57,-1,-1
5525,6bba_05db0fb1,node,2161,99,47,194,174,-1,-1
5526,6bba_05db0fb1,node,2162,99,39,188,177,-1,-1
5527,6bba_05db0fb1,node,2163,99,48,81,67,-1,-1
5528,44b6_0113de3b,edge,-1,-1,-1,-1,-1,1,45
5529,44b6_0113de3b,edge,-1,-1,-1,-1,-1,2,29
5530,44b6_0113de3b,edge,-1,-1,-1,-1,-1,3,33
5531,44b6_0113de3b,edge,-1,-1,-1,-1,-1,4,31
5532,44b6_0113de3b,edge,-1,-1,-1,-1,-1,5,30
5533,44b6_0113de3b,edge,-1,-1,-1,-1,-1,6,38
5534,44b6_0113de3b,edge,-1,-1,-1,-1,-1,7,35
5535,44b6_0113de3b,edge,-1,-1,-1,-1,-1,8,37
5536,44b6_0113de3b,edge,-1,-1,-1,-1,-1,9,34
5537,44b6_0113de3b,edge,-1,-1,-1,-1,-1,10,41
5538,44b6_0113de3b,edge,-1,-1,-1,-1,-1,11,47
5539,44b6_0113de3b,edge,-1,-1,-1,-1,-1,12,39
5540,44b6_0113de3b,edge,-1,-1,-1,-1,-1,13,44
5541,44b6_0113de3b,edge,-1,-1,-1,-1,-1,14,42
5542,44b6_0113de3b,edge,-1,-1,-1,-1,-1,15,51
5543,44b6_0113de3b,edge,-1,-1,-1,-1,-1,16,36
5544,44b6_0113de3b,edge,-1,-1,-1,-1,-1,17,48
5545,44b6_0113de3b,edge,-1,-1,-1,-1,-1,19,50
5546,44b6_0113de3b,edge,-1,-1,-1,-1,-1,20,40
5547,44b6_0113de3b,edge,-1,-1,-1,-1,-1,21,43
5548,44b6_0113de3b,edge,-1,-1,-1,-1,-1,22,32
5549,44b6_0113de3b,edge,-1,-1,-1,-1,-1,24,46
5550,44b6_0113de3b,edge,-1,-1,-1,-1,-1,28,49
5551,44b6_0113de3b,edge,-1,-1,-1,-1,-1,29,56
5552,44b6_0113de3b,edge,-1,-1,-1,-1,-1,31,57
5553,44b6_0113de3b,edge,-1,-1,-1,-1,-1,32,60
5554,44b6_0113de3b,edge,-1,-1,-1,-1,-1,34,63
5555,44b6_0113de3b,edge,-1,-1,-1,-1,-1,35,77
5556,44b6_0113de3b,edge,-1,-1,-1,-1,-1,36,62
5557,44b6_0113de3b,edge,-1,-1,-1,-1,-1,39,75
5558,44b6_0113de3b,edge,-1,-1,-1,-1,-1,40,66
5559,44b6_0113de3b,edge,-1,-1,-1,-1,-1,41,72
5560,44b6_0113de3b,edge,-1,-1,-1,-1,-1,42,59
5561,44b6_0113de3b,edge,-1,-1,-1,-1,-1,43,67
5562,44b6_0113de3b,edge,-1,-1,-1,-1,-1,44,61
5563,44b6_0113de3b,edge,-1,-1,-1,-1,-1,45,58
5564,44b6_0113de3b,edge,-1,-1,-1,-1,-1,47,74
5565,44b6_0113de3b,edge,-1,-1,-1,-1,-1,48,65
5566,44b6_0113de3b,edge,-1,-1,-1,-1,-1,49,79
5567,44b6_0113de3b,edge,-1,-1,-1,-1,-1,50,69
5568,44b6_0113de3b,edge,-1,-1,-1,-1,-1,51,78
5569,44b6_0113de3b,edge,-1,-1,-1,-1,-1,52,71
5570,44b6_0113de3b,edge,-1,-1,-1,-1,-1,54,68
5571,44b6_0113de3b,edge,-1,-1,-1,-1,-1,56,80
5572,44b6_0113de3b,edge,-1,-1,-1,-1,-1,57,83
5573,44b6_0113de3b,edge,-1,-1,-1,-1,-1,58,82
5574,44b6_0113de3b,edge,-1,-1,-1,-1,-1,59,81
5575,44b6_0113de3b,edge,-1,-1,-1,-1,-1,60,84
5576,44b6_0113de3b,edge,-1,-1,-1,-1,-1,61,91
5577,44b6_0113de3b,edge,-1,-1,-1,-1,-1,63,98
5578,44b6_0113de3b,edge,-1,-1,-1,-1,-1,64,85
5579,44b6_0113de3b,edge,-1,-1,-1,-1,-1,66,90
5580,44b6_0113de3b,edge,-1,-1,-1,-1,-1,67,87
5581,44b6_0113de3b,edge,-1,-1,-1,-1,-1,68,94
5582,44b6_0113de3b,edge,-1,-1,-1,-1,-1,71,92
5583,44b6_0113de3b,edge,-1,-1,-1,-1,-1,72,97
5584,44b6_0113de3b,edge,-1,-1,-1,-1,-1,73,88
5585,44b6_0113de3b,edge,-1,-1,-1,-1,-1,74,86
5586,44b6_0113de3b,edge,-1,-1,-1,-1,-1,75,89
5587,44b6_0113de3b,edge,-1,-1,-1,-1,-1,80,100
5588,44b6_0113de3b,edge,-1,-1,-1,-1,-1,82,101
5589,44b6_0113de3b,edge,-1,-1,-1,-1,-1,83,102
5590,44b6_0113de3b,edge,-1,-1,-1,-1,-1,84,106
5591,44b6_0113de3b,edge,-1,-1,-1,-1,-1,86,107
5592,44b6_0113de3b,edge,-1,-1,-1,-1,-1,87,111
5593,44b6_0113de3b,edge,-1,-1,-1,-1,-1,88,103
5594,44b6_0113de3b,edge,-1,-1,-1,-1,-1,89,104
5595,44b6_0113de3b,edge,-1,-1,-1,-1,-1,90,110
5596,44b6_0113de3b,edge,-1,-1,-1,-1,-1,91,115
5597,44b6_0113de3b,edge,-1,-1,-1,-1,-1,92,112
5598,44b6_0113de3b,edge,-1,-1,-1,-1,-1,93,105
5599,44b6_0113de3b,edge,-1,-1,-1,-1,-1,94,114
5600,44b6_0113de3b,edge,-1,-1,-1,-1,-1,100,118
5601,44b6_0113de3b,edge,-1,-1,-1,-1,-1,102,120
5602,44b6_0113de3b,edge,-1,-1,-1,-1,-1,103,123
5603,44b6_0113de3b,edge,-1,-1,-1,-1,-1,104,122
5604,44b6_0113de3b,edge,-1,-1,-1,-1,-1,105,121
5605,44b6_0113de3b,edge,-1,-1,-1,-1,-1,106,131
5606,44b6_0113de3b,edge,-1,-1,-1,-1,-1,107,126
5607,44b6_0113de3b,edge,-1,-1,-1,-1,-1,108,130
5608,44b6_0113de3b,edge,-1,-1,-1,-1,-1,109,125
5609,44b6_0113de3b,edge,-1,-1,-1,-1,-1,110,139
5610,44b6_0113de3b,edge,-1,-1,-1,-1,-1,111,128
5611,44b6_0113de3b,edge,-1,-1,-1,-1,-1,112,129
5612,44b6_0113de3b,edge,-1,-1,-1,-1,-1,113,133
5613,44b6_0113de3b,edge,-1,-1,-1,-1,-1,114,127
5614,44b6_0113de3b,edge,-1,-1,-1,-1,-1,115,137
5615,44b6_0113de3b,edge,-1,-1,-1,-1,-1,116,136
5616,44b6_0113de3b,edge,-1,-1,-1,-1,-1,118,140
5617,44b6_0113de3b,edge,-1,-1,-1,-1,-1,119,152
5618,44b6_0113de3b,edge,-1,-1,-1,-1,-1,120,142
5619,44b6_0113de3b,edge,-1,-1,-1,-1,-1,121,144
5620,44b6_0113de3b,edge,-1,-1,-1,-1,-1,122,146
5621,44b6_0113de3b,edge,-1,-1,-1,-1,-1,123,145
5622,44b6_0113de3b,edge,-1,-1,-1,-1,-1,124,150
5623,44b6_0113de3b,edge,-1,-1,-1,-1,-1,126,149
5624,44b6_0113de3b,edge,-1,-1,-1,-1,-1,127,147
5625,44b6_0113de3b,edge,-1,-1,-1,-1,-1,129,151
5626,44b6_0113de3b,edge,-1,-1,-1,-1,-1,130,156
5627,44b6_0113de3b,edge,-1,-1,-1,-1,-1,131,163
5628,44b6_0113de3b,edge,-1,-1,-1,-1,-1,132,155
5629,44b6_0113de3b,edge,-1,-1,-1,-1,-1,133,160
5630,44b6_0113de3b,edge,-1,-1,-1,-1,-1,134,162
5631,44b6_0113de3b,edge,-1,-1,-1,-1,-1,135,161
5632,44b6_0113de3b,edge,-1,-1,-1,-1,-1,137,157
5633,44b6_0113de3b,edge,-1,-1,-1,-1,-1,139,153
5634,44b6_0113de3b,edge,-1,-1,-1,-1,-1,140,164
5635,44b6_0113de3b,edge,-1,-1,-1,-1,-1,141,166
5636,44b6_0113de3b,edge,-1,-1,-1,-1,-1,142,172
5637,44b6_0113de3b,edge,-1,-1,-1,-1,-1,143,168
5638,44b6_0113de3b,edge,-1,-1,-1,-1,-1,144,170
5639,44b6_0113de3b,edge,-1,-1,-1,-1,-1,145,173
5640,44b6_0113de3b,edge,-1,-1,-1,-1,-1,146,182
5641,44b6_0113de3b,edge,-1,-1,-1,-1,-1,147,169
5642,44b6_0113de3b,edge,-1,-1,-1,-1,-1,149,175
5643,44b6_0113de3b,edge,-1,-1,-1,-1,-1,151,177
5644,44b6_0113de3b,edge,-1,-1,-1,-1,-1,152,165
5645,44b6_0113de3b,edge,-1,-1,-1,-1,-1,153,174
5646,44b6_0113de3b,edge,-1,-1,-1,-1,-1,154,178
5647,44b6_0113de3b,edge,-1,-1,-1,-1,-1,155,183
5648,44b6_0113de3b,edge,-1,-1,-1,-1,-1,156,179
5649,44b6_0113de3b,edge,-1,-1,-1,-1,-1,157,188
5650,44b6_0113de3b,edge,-1,-1,-1,-1,-1,159,181
5651,44b6_0113de3b,edge,-1,-1,-1,-1,-1,160,180
5652,44b6_0113de3b,edge,-1,-1,-1,-1,-1,163,187
5653,44b6_0113de3b,edge,-1,-1,-1,-1,-1,164,190
5654,44b6_0113de3b,edge,-1,-1,-1,-1,-1,166,191
5655,44b6_0113de3b,edge,-1,-1,-1,-1,-1,167,202
5656,44b6_0113de3b,edge,-1,-1,-1,-1,-1,168,192
5657,44b6_0113de3b,edge,-1,-1,-1,-1,-1,169,195
5658,44b6_0113de3b,edge,-1,-1,-1,-1,-1,170,201
5659,44b6_0113de3b,edge,-1,-1,-1,-1,-1,171,200
5660,44b6_0113de3b,edge,-1,-1,-1,-1,-1,173,194
5661,44b6_0113de3b,edge,-1,-1,-1,-1,-1,175,198
5662,44b6_0113de3b,edge,-1,-1,-1,-1,-1,178,199
5663,44b6_0113de3b,edge,-1,-1,-1,-1,-1,179,203
5664,44b6_0113de3b,edge,-1,-1,-1,-1,-1,180,205
5665,44b6_0113de3b,edge,-1,-1,-1,-1,-1,181,210
5666,44b6_0113de3b,edge,-1,-1,-1,-1,-1,183,197
5667,44b6_0113de3b,edge,-1,-1,-1,-1,-1,187,209
5668,44b6_0113de3b,edge,-1,-1,-1,-1,-1,189,207
5669,44b6_0113de3b,edge,-1,-1,-1,-1,-1,190,211
5670,44b6_0113de3b,edge,-1,-1,-1,-1,-1,191,212
5671,44b6_0113de3b,edge,-1,-1,-1,-1,-1,192,224
5672,44b6_0113de3b,edge,-1,-1,-1,-1,-1,193,215
5673,44b6_0113de3b,edge,-1,-1,-1,-1,-1,194,214
5674,44b6_0113de3b,edge,-1,-1,-1,-1,-1,195,219
5675,44b6_0113de3b,edge,-1,-1,-1,-1,-1,197,213
5676,44b6_0113de3b,edge,-1,-1,-1,-1,-1,198,226
5677,44b6_0113de3b,edge,-1,-1,-1,-1,-1,199,220
5678,44b6_0113de3b,edge,-1,-1,-1,-1,-1,201,218
5679,44b6_0113de3b,edge,-1,-1,-1,-1,-1,204,217
5680,44b6_0113de3b,edge,-1,-1,-1,-1,-1,205,222
5681,44b6_0113de3b,edge,-1,-1,-1,-1,-1,207,223
5682,44b6_0113de3b,edge,-1,-1,-1,-1,-1,208,227
5683,44b6_0113de3b,edge,-1,-1,-1,-1,-1,211,229
5684,44b6_0113de3b,edge,-1,-1,-1,-1,-1,212,230
5685,44b6_0113de3b,edge,-1,-1,-1,-1,-1,213,231
5686,44b6_0113de3b,edge,-1,-1,-1,-1,-1,214,233
5687,44b6_0113de3b,edge,-1,-1,-1,-1,-1,215,232
5688,44b6_0113de3b,edge,-1,-1,-1,-1,-1,216,235
5689,44b6_0113de3b,edge,-1,-1,-1,-1,-1,217,234
5690,44b6_0113de3b,edge,-1,-1,-1,-1,-1,219,242
5691,44b6_0113de3b,edge,-1,-1,-1,-1,-1,220,236
5692,44b6_0113de3b,edge,-1,-1,-1,-1,-1,221,243
5693,44b6_0113de3b,edge,-1,-1,-1,-1,-1,222,238
5694,44b6_0113de3b,edge,-1,-1,-1,-1,-1,224,240
5695,44b6_0113de3b,edge,-1,-1,-1,-1,-1,227,241
5696,44b6_0113de3b,edge,-1,-1,-1,-1,-1,230,244
5697,44b6_0113de3b,edge,-1,-1,-1,-1,-1,231,245
5698,44b6_0113de3b,edge,-1,-1,-1,-1,-1,232,248
5699,44b6_0113de3b,edge,-1,-1,-1,-1,-1,233,246
5700,44b6_0113de3b,edge,-1,-1,-1,-1,-1,234,250
5701,44b6_0113de3b,edge,-1,-1,-1,-1,-1,235,251
5702,44b6_0113de3b,edge,-1,-1,-1,-1,-1,236,252
5703,44b6_0113de3b,edge,-1,-1,-1,-1,-1,237,255
5704,44b6_0113de3b,edge,-1,-1,-1,-1,-1,238,261
5705,44b6_0113de3b,edge,-1,-1,-1,-1,-1,241,257
5706,44b6_0113de3b,edge,-1,-1,-1,-1,-1,242,264
5707,44b6_0113de3b,edge,-1,-1,-1,-1,-1,243,253
5708,44b6_0113de3b,edge,-1,-1,-1,-1,-1,244,266
5709,44b6_0113de3b,edge,-1,-1,-1,-1,-1,245,267
5710,44b6_0113de3b,edge,-1,-1,-1,-1,-1,246,269
5711,44b6_0113de3b,edge,-1,-1,-1,-1,-1,247,268
5712,44b6_0113de3b,edge,-1,-1,-1,-1,-1,248,265
5713,44b6_0113de3b,edge,-1,-1,-1,-1,-1,249,274
5714,44b6_0113de3b,edge,-1,-1,-1,-1,-1,250,271
5715,44b6_0113de3b,edge,-1,-1,-1,-1,-1,253,270
5716,44b6_0113de3b,edge,-1,-1,-1,-1,-1,254,282
5717,44b6_0113de3b,edge,-1,-1,-1,-1,-1,255,273
5718,44b6_0113de3b,edge,-1,-1,-1,-1,-1,257,284
5719,44b6_0113de3b,edge,-1,-1,-1,-1,-1,258,281
5720,44b6_0113de3b,edge,-1,-1,-1,-1,-1,260,278
5721,44b6_0113de3b,edge,-1,-1,-1,-1,-1,263,275
5722,44b6_0113de3b,edge,-1,-1,-1,-1,-1,265,293
5723,44b6_0113de3b,edge,-1,-1,-1,-1,-1,266,292
5724,44b6_0113de3b,edge,-1,-1,-1,-1,-1,267,290
5725,44b6_0113de3b,edge,-1,-1,-1,-1,-1,269,298
5726,44b6_0113de3b,edge,-1,-1,-1,-1,-1,270,296
5727,44b6_0113de3b,edge,-1,-1,-1,-1,-1,271,295
5728,44b6_0113de3b,edge,-1,-1,-1,-1,-1,273,308
5729,44b6_0113de3b,edge,-1,-1,-1,-1,-1,274,299
5730,44b6_0113de3b,edge,-1,-1,-1,-1,-1,276,301
5731,44b6_0113de3b,edge,-1,-1,-1,-1,-1,278,302
5732,44b6_0113de3b,edge,-1,-1,-1,-1,-1,279,303
5733,44b6_0113de3b,edge,-1,-1,-1,-1,-1,280,306
5734,44b6_0113de3b,edge,-1,-1,-1,-1,-1,281,291
5735,44b6_0113de3b,edge,-1,-1,-1,-1,-1,282,305
5736,44b6_0113de3b,edge,-1,-1,-1,-1,-1,283,294
5737,44b6_0113de3b,edge,-1,-1,-1,-1,-1,286,297
5738,44b6_0113de3b,edge,-1,-1,-1,-1,-1,290,317
5739,44b6_0113de3b,edge,-1,-1,-1,-1,-1,291,312
5740,44b6_0113de3b,edge,-1,-1,-1,-1,-1,292,313
5741,44b6_0113de3b,edge,-1,-1,-1,-1,-1,293,314
5742,44b6_0113de3b,edge,-1,-1,-1,-1,-1,295,319
5743,44b6_0113de3b,edge,-1,-1,-1,-1,-1,296,330
5744,44b6_0113de3b,edge,-1,-1,-1,-1,-1,297,315
5745,44b6_0113de3b,edge,-1,-1,-1,-1,-1,299,318
5746,44b6_0113de3b,edge,-1,-1,-1,-1,-1,301,322
5747,44b6_0113de3b,edge,-1,-1,-1,-1,-1,303,329
5748,44b6_0113de3b,edge,-1,-1,-1,-1,-1,304,331
5749,44b6_0113de3b,edge,-1,-1,-1,-1,-1,306,320
5750,44b6_0113de3b,edge,-1,-1,-1,-1,-1,308,326
5751,44b6_0113de3b,edge,-1,-1,-1,-1,-1,311,341
5752,44b6_0113de3b,edge,-1,-1,-1,-1,-1,312,337
5753,44b6_0113de3b,edge,-1,-1,-1,-1,-1,313,336
5754,44b6_0113de3b,edge,-1,-1,-1,-1,-1,314,343
5755,44b6_0113de3b,edge,-1,-1,-1,-1,-1,315,340
5756,44b6_0113de3b,edge,-1,-1,-1,-1,-1,317,339
5757,44b6_0113de3b,edge,-1,-1,-1,-1,-1,318,334
5758,44b6_0113de3b,edge,-1,-1,-1,-1,-1,320,338
5759,44b6_0113de3b,edge,-1,-1,-1,-1,-1,322,344
5760,44b6_0113de3b,edge,-1,-1,-1,-1,-1,323,342
5761,44b6_0113de3b,edge,-1,-1,-1,-1,-1,325,335
5762,44b6_0113de3b,edge,-1,-1,-1,-1,-1,328,347
5763,44b6_0113de3b,edge,-1,-1,-1,-1,-1,329,350
5764,44b6_0113de3b,edge,-1,-1,-1,-1,-1,331,351
5765,44b6_0113de3b,edge,-1,-1,-1,-1,-1,332,348
5766,44b6_0113de3b,edge,-1,-1,-1,-1,-1,333,346
5767,44b6_0113de3b,edge,-1,-1,-1,-1,-1,336,352
5768,44b6_0113de3b,edge,-1,-1,-1,-1,-1,338,353
5769,44b6_0113de3b,edge,-1,-1,-1,-1,-1,339,359
5770,44b6_0113de3b,edge,-1,-1,-1,-1,-1,342,367
5771,44b6_0113de3b,edge,-1,-1,-1,-1,-1,344,366
5772,44b6_0113de3b,edge,-1,-1,-1,-1,-1,345,362
5773,44b6_0113de3b,edge,-1,-1,-1,-1,-1,348,365
5774,44b6_0113de3b,edge,-1,-1,-1,-1,-1,350,360
5775,44b6_0113de3b,edge,-1,-1,-1,-1,-1,352,370
5776,44b6_0113de3b,edge,-1,-1,-1,-1,-1,353,371
5777,44b6_0113de3b,edge,-1,-1,-1,-1,-1,354,372
5778,44b6_0113de3b,edge,-1,-1,-1,-1,-1,355,385
5779,44b6_0113de3b,edge,-1,-1,-1,-1,-1,356,375
5780,44b6_0113de3b,edge,-1,-1,-1,-1,-1,357,380
5781,44b6_0113de3b,edge,-1,-1,-1,-1,-1,358,373
5782,44b6_0113de3b,edge,-1,-1,-1,-1,-1,359,374
5783,44b6_0113de3b,edge,-1,-1,-1,-1,-1,362,382
5784,44b6_0113de3b,edge,-1,-1,-1,-1,-1,363,383
5785,44b6_0113de3b,edge,-1,-1,-1,-1,-1,364,387
5786,44b6_0113de3b,edge,-1,-1,-1,-1,-1,366,388
5787,44b6_0113de3b,edge,-1,-1,-1,-1,-1,367,379
5788,44b6_0113de3b,edge,-1,-1,-1,-1,-1,369,391
5789,44b6_0113de3b,edge,-1,-1,-1,-1,-1,370,393
5790,44b6_0113de3b,edge,-1,-1,-1,-1,-1,371,398
5791,44b6_0113de3b,edge,-1,-1,-1,-1,-1,372,395
5792,44b6_0113de3b,edge,-1,-1,-1,-1,-1,373,401
5793,44b6_0113de3b,edge,-1,-1,-1,-1,-1,374,402
5794,44b6_0113de3b,edge,-1,-1,-1,-1,-1,375,397
5795,44b6_0113de3b,edge,-1,-1,-1,-1,-1,377,400
5796,44b6_0113de3b,edge,-1,-1,-1,-1,-1,378,405
5797,44b6_0113de3b,edge,-1,-1,-1,-1,-1,379,396
5798,44b6_0113de3b,edge,-1,-1,-1,-1,-1,382,403
5799,44b6_0113de3b,edge,-1,-1,-1,-1,-1,384,394
5800,44b6_0113de3b,edge,-1,-1,-1,-1,-1,385,407
5801,44b6_0113de3b,edge,-1,-1,-1,-1,-1,388,409
5802,44b6_0113de3b,edge,-1,-1,-1,-1,-1,391,410
5803,44b6_0113de3b,edge,-1,-1,-1,-1,-1,392,411
5804,44b6_0113de3b,edge,-1,-1,-1,-1,-1,394,412
5805,44b6_0113de3b,edge,-1,-1,-1,-1,-1,395,415
5806,44b6_0113de3b,edge,-1,-1,-1,-1,-1,396,417
5807,44b6_0113de3b,edge,-1,-1,-1,-1,-1,397,414
5808,44b6_0113de3b,edge,-1,-1,-1,-1,-1,398,419
5809,44b6_0113de3b,edge,-1,-1,-1,-1,-1,399,413
5810,44b6_0113de3b,edge,-1,-1,-1,-1,-1,400,420
5811,44b6_0113de3b,edge,-1,-1,-1,-1,-1,401,418
5812,44b6_0113de3b,edge,-1,-1,-1,-1,-1,402,431
5813,44b6_0113de3b,edge,-1,-1,-1,-1,-1,403,429
5814,44b6_0113de3b,edge,-1,-1,-1,-1,-1,404,430
5815,44b6_0113de3b,edge,-1,-1,-1,-1,-1,405,416
5816,44b6_0113de3b,edge,-1,-1,-1,-1,-1,407,422
5817,44b6_0113de3b,edge,-1,-1,-1,-1,-1,408,424
5818,44b6_0113de3b,edge,-1,-1,-1,-1,-1,409,428
5819,44b6_0113de3b,edge,-1,-1,-1,-1,-1,410,438
5820,44b6_0113de3b,edge,-1,-1,-1,-1,-1,411,432
5821,44b6_0113de3b,edge,-1,-1,-1,-1,-1,412,447
5822,44b6_0113de3b,edge,-1,-1,-1,-1,-1,413,433
5823,44b6_0113de3b,edge,-1,-1,-1,-1,-1,414,435
5824,44b6_0113de3b,edge,-1,-1,-1,-1,-1,415,436
5825,44b6_0113de3b,edge,-1,-1,-1,-1,-1,416,440
5826,44b6_0113de3b,edge,-1,-1,-1,-1,-1,419,449
5827,44b6_0113de3b,edge,-1,-1,-1,-1,-1,420,445
5828,44b6_0113de3b,edge,-1,-1,-1,-1,-1,421,450
5829,44b6_0113de3b,edge,-1,-1,-1,-1,-1,423,437
5830,44b6_0113de3b,edge,-1,-1,-1,-1,-1,424,441
5831,44b6_0113de3b,edge,-1,-1,-1,-1,-1,426,434
5832,44b6_0113de3b,edge,-1,-1,-1,-1,-1,428,446
5833,44b6_0113de3b,edge,-1,-1,-1,-1,-1,429,451
5834,44b6_0113de3b,edge,-1,-1,-1,-1,-1,430,442
5835,44b6_0113de3b,edge,-1,-1,-1,-1,-1,431,448
5836,44b6_0113de3b,edge,-1,-1,-1,-1,-1,432,453
5837,44b6_0113de3b,edge,-1,-1,-1,-1,-1,434,454
5838,44b6_0113de3b,edge,-1,-1,-1,-1,-1,435,456
5839,44b6_0113de3b,edge,-1,-1,-1,-1,-1,436,457
5840,44b6_0113de3b,edge,-1,-1,-1,-1,-1,437,460
5841,44b6_0113de3b,edge,-1,-1,-1,-1,-1,438,455
5842,44b6_0113de3b,edge,-1,-1,-1,-1,-1,439,458
5843,44b6_0113de3b,edge,-1,-1,-1,-1,-1,440,459
5844,44b6_0113de3b,edge,-1,-1,-1,-1,-1,442,462
5845,44b6_0113de3b,edge,-1,-1,-1,-1,-1,444,463
5846,44b6_0113de3b,edge,-1,-1,-1,-1,-1,445,464
5847,44b6_0113de3b,edge,-1,-1,-1,-1,-1,453,468
5848,44b6_0113de3b,edge,-1,-1,-1,-1,-1,454,469
5849,44b6_0113de3b,edge,-1,-1,-1,-1,-1,455,467
5850,44b6_0113de3b,edge,-1,-1,-1,-1,-1,456,470
5851,44b6_0113de3b,edge,-1,-1,-1,-1,-1,457,471
5852,44b6_0113de3b,edge,-1,-1,-1,-1,-1,458,473
5853,44b6_0113de3b,edge,-1,-1,-1,-1,-1,459,474
5854,44b6_0113de3b,edge,-1,-1,-1,-1,-1,460,472
5855,44b6_0113de3b,edge,-1,-1,-1,-1,-1,461,483
5856,44b6_0113de3b,edge,-1,-1,-1,-1,-1,462,477
5857,44b6_0113de3b,edge,-1,-1,-1,-1,-1,463,478
5858,44b6_0113de3b,edge,-1,-1,-1,-1,-1,464,481
5859,44b6_0113de3b,edge,-1,-1,-1,-1,-1,466,480
5860,44b6_0113de3b,edge,-1,-1,-1,-1,-1,467,484
5861,44b6_0113de3b,edge,-1,-1,-1,-1,-1,469,488
5862,44b6_0113de3b,edge,-1,-1,-1,-1,-1,470,485
5863,44b6_0113de3b,edge,-1,-1,-1,-1,-1,471,487
5864,44b6_0113de3b,edge,-1,-1,-1,-1,-1,472,486
5865,44b6_0113de3b,edge,-1,-1,-1,-1,-1,473,489
5866,44b6_0113de3b,edge,-1,-1,-1,-1,-1,474,490
5867,44b6_0113de3b,edge,-1,-1,-1,-1,-1,478,492
5868,44b6_0113de3b,edge,-1,-1,-1,-1,-1,481,491
5869,44b6_0113de3b,edge,-1,-1,-1,-1,-1,484,495
5870,44b6_0113de3b,edge,-1,-1,-1,-1,-1,485,496
5871,44b6_0113de3b,edge,-1,-1,-1,-1,-1,486,499
5872,44b6_0113de3b,edge,-1,-1,-1,-1,-1,487,501
5873,44b6_0113de3b,edge,-1,-1,-1,-1,-1,488,505
5874,44b6_0113de3b,edge,-1,-1,-1,-1,-1,489,498
5875,44b6_0113de3b,edge,-1,-1,-1,-1,-1,490,504
5876,44b6_0113de3b,edge,-1,-1,-1,-1,-1,491,502
5877,44b6_0113de3b,edge,-1,-1,-1,-1,-1,493,507
5878,44b6_0113de3b,edge,-1,-1,-1,-1,-1,495,508
5879,44b6_0113de3b,edge,-1,-1,-1,-1,-1,496,511
5880,44b6_0113de3b,edge,-1,-1,-1,-1,-1,497,512
5881,44b6_0113de3b,edge,-1,-1,-1,-1,-1,498,510
5882,44b6_0113de3b,edge,-1,-1,-1,-1,-1,499,513
5883,44b6_0113de3b,edge,-1,-1,-1,-1,-1,500,518
5884,44b6_0113de3b,edge,-1,-1,-1,-1,-1,501,519
5885,44b6_0113de3b,edge,-1,-1,-1,-1,-1,504,516
5886,44b6_0113de3b,edge,-1,-1,-1,-1,-1,506,517
5887,44b6_0113de3b,edge,-1,-1,-1,-1,-1,508,521
5888,44b6_0113de3b,edge,-1,-1,-1,-1,-1,509,522
5889,44b6_0113de3b,edge,-1,-1,-1,-1,-1,510,524
5890,44b6_0113de3b,edge,-1,-1,-1,-1,-1,511,526
5891,44b6_0113de3b,edge,-1,-1,-1,-1,-1,512,525
5892,44b6_0113de3b,edge,-1,-1,-1,-1,-1,513,532
5893,44b6_0113de3b,edge,-1,-1,-1,-1,-1,514,530
5894,44b6_0113de3b,edge,-1,-1,-1,-1,-1,515,529
5895,44b6_0113de3b,edge,-1,-1,-1,-1,-1,516,527
5896,44b6_0113de3b,edge,-1,-1,-1,-1,-1,517,533
5897,44b6_0113de3b,edge,-1,-1,-1,-1,-1,520,535
5898,44b6_0113de3b,edge,-1,-1,-1,-1,-1,521,538
5899,44b6_0113de3b,edge,-1,-1,-1,-1,-1,522,539
5900,44b6_0113de3b,edge,-1,-1,-1,-1,-1,523,537
5901,44b6_0113de3b,edge,-1,-1,-1,-1,-1,524,541
5902,44b6_0113de3b,edge,-1,-1,-1,-1,-1,526,544
5903,44b6_0113de3b,edge,-1,-1,-1,-1,-1,527,543
5904,44b6_0113de3b,edge,-1,-1,-1,-1,-1,528,540
5905,44b6_0113de3b,edge,-1,-1,-1,-1,-1,529,555
5906,44b6_0113de3b,edge,-1,-1,-1,-1,-1,530,556
5907,44b6_0113de3b,edge,-1,-1,-1,-1,-1,531,547
5908,44b6_0113de3b,edge,-1,-1,-1,-1,-1,532,558
5909,44b6_0113de3b,edge,-1,-1,-1,-1,-1,533,552
5910,44b6_0113de3b,edge,-1,-1,-1,-1,-1,534,557
5911,44b6_0113de3b,edge,-1,-1,-1,-1,-1,535,546
5912,44b6_0113de3b,edge,-1,-1,-1,-1,-1,536,548
5913,44b6_0113de3b,edge,-1,-1,-1,-1,-1,537,559
5914,44b6_0113de3b,edge,-1,-1,-1,-1,-1,538,561
5915,44b6_0113de3b,edge,-1,-1,-1,-1,-1,539,560
5916,44b6_0113de3b,edge,-1,-1,-1,-1,-1,540,562
5917,44b6_0113de3b,edge,-1,-1,-1,-1,-1,541,564
5918,44b6_0113de3b,edge,-1,-1,-1,-1,-1,543,571
5919,44b6_0113de3b,edge,-1,-1,-1,-1,-1,544,568
5920,44b6_0113de3b,edge,-1,-1,-1,-1,-1,545,565
5921,44b6_0113de3b,edge,-1,-1,-1,-1,-1,546,574
5922,44b6_0113de3b,edge,-1,-1,-1,-1,-1,547,569
5923,44b6_0113de3b,edge,-1,-1,-1,-1,-1,548,570
5924,44b6_0113de3b,edge,-1,-1,-1,-1,-1,550,573
5925,44b6_0113de3b,edge,-1,-1,-1,-1,-1,551,563
5926,44b6_0113de3b,edge,-1,-1,-1,-1,-1,552,576
5927,44b6_0113de3b,edge,-1,-1,-1,-1,-1,553,581
5928,44b6_0113de3b,edge,-1,-1,-1,-1,-1,554,572
5929,44b6_0113de3b,edge,-1,-1,-1,-1,-1,556,578
5930,44b6_0113de3b,edge,-1,-1,-1,-1,-1,558,567
5931,44b6_0113de3b,edge,-1,-1,-1,-1,-1,559,586
5932,44b6_0113de3b,edge,-1,-1,-1,-1,-1,560,584
5933,44b6_0113de3b,edge,-1,-1,-1,-1,-1,561,585
5934,44b6_0113de3b,edge,-1,-1,-1,-1,-1,563,583
5935,44b6_0113de3b,edge,-1,-1,-1,-1,-1,564,594
5936,44b6_0113de3b,edge,-1,-1,-1,-1,-1,565,589
5937,44b6_0113de3b,edge,-1,-1,-1,-1,-1,567,596
5938,44b6_0113de3b,edge,-1,-1,-1,-1,-1,568,600
5939,44b6_0113de3b,edge,-1,-1,-1,-1,-1,569,587
5940,44b6_0113de3b,edge,-1,-1,-1,-1,-1,570,602
5941,44b6_0113de3b,edge,-1,-1,-1,-1,-1,571,591
5942,44b6_0113de3b,edge,-1,-1,-1,-1,-1,573,588
5943,44b6_0113de3b,edge,-1,-1,-1,-1,-1,575,597
5944,44b6_0113de3b,edge,-1,-1,-1,-1,-1,576,593
5945,44b6_0113de3b,edge,-1,-1,-1,-1,-1,577,590
5946,44b6_0113de3b,edge,-1,-1,-1,-1,-1,578,603
5947,44b6_0113de3b,edge,-1,-1,-1,-1,-1,579,601
5948,44b6_0113de3b,edge,-1,-1,-1,-1,-1,580,598
5949,44b6_0113de3b,edge,-1,-1,-1,-1,-1,583,607
5950,44b6_0113de3b,edge,-1,-1,-1,-1,-1,584,606
5951,44b6_0113de3b,edge,-1,-1,-1,-1,-1,586,608
5952,44b6_0113de3b,edge,-1,-1,-1,-1,-1,587,609
5953,44b6_0113de3b,edge,-1,-1,-1,-1,-1,589,610
5954,44b6_0113de3b,edge,-1,-1,-1,-1,-1,590,613
5955,44b6_0113de3b,edge,-1,-1,-1,-1,-1,591,620
5956,44b6_0113de3b,edge,-1,-1,-1,-1,-1,592,617
5957,44b6_0113de3b,edge,-1,-1,-1,-1,-1,593,618
5958,44b6_0113de3b,edge,-1,-1,-1,-1,-1,595,612
5959,44b6_0113de3b,edge,-1,-1,-1,-1,-1,596,614
5960,44b6_0113de3b,edge,-1,-1,-1,-1,-1,598,619
5961,44b6_0113de3b,edge,-1,-1,-1,-1,-1,599,616
5962,44b6_0113de3b,edge,-1,-1,-1,-1,-1,600,615
5963,44b6_0113de3b,edge,-1,-1,-1,-1,-1,602,625
5964,44b6_0113de3b,edge,-1,-1,-1,-1,-1,603,624
5965,44b6_0113de3b,edge,-1,-1,-1,-1,-1,604,622
5966,44b6_0113de3b,edge,-1,-1,-1,-1,-1,606,626
5967,44b6_0113de3b,edge,-1,-1,-1,-1,-1,607,634
5968,44b6_0113de3b,edge,-1,-1,-1,-1,-1,608,628
5969,44b6_0113de3b,edge,-1,-1,-1,-1,-1,609,637
5970,44b6_0113de3b,edge,-1,-1,-1,-1,-1,610,630
5971,44b6_0113de3b,edge,-1,-1,-1,-1,-1,611,629
5972,44b6_0113de3b,edge,-1,-1,-1,-1,-1,612,635
5973,44b6_0113de3b,edge,-1,-1,-1,-1,-1,613,631
5974,44b6_0113de3b,edge,-1,-1,-1,-1,-1,614,633
5975,44b6_0113de3b,edge,-1,-1,-1,-1,-1,615,632
5976,44b6_0113de3b,edge,-1,-1,-1,-1,-1,619,642
5977,44b6_0113de3b,edge,-1,-1,-1,-1,-1,620,638
5978,44b6_0113de3b,edge,-1,-1,-1,-1,-1,621,639
5979,44b6_0113de3b,edge,-1,-1,-1,-1,-1,622,640
5980,44b6_0113de3b,edge,-1,-1,-1,-1,-1,623,644
5981,44b6_0113de3b,edge,-1,-1,-1,-1,-1,625,643
5982,44b6_0113de3b,edge,-1,-1,-1,-1,-1,626,646
5983,44b6_0113de3b,edge,-1,-1,-1,-1,-1,628,648
5984,44b6_0113de3b,edge,-1,-1,-1,-1,-1,629,651
5985,44b6_0113de3b,edge,-1,-1,-1,-1,-1,630,654
5986,44b6_0113de3b,edge,-1,-1,-1,-1,-1,631,650
5987,44b6_0113de3b,edge,-1,-1,-1,-1,-1,632,653
5988,44b6_0113de3b,edge,-1,-1,-1,-1,-1,635,649
5989,44b6_0113de3b,edge,-1,-1,-1,-1,-1,636,661
5990,44b6_0113de3b,edge,-1,-1,-1,-1,-1,637,663
5991,44b6_0113de3b,edge,-1,-1,-1,-1,-1,639,660
5992,44b6_0113de3b,edge,-1,-1,-1,-1,-1,642,652
5993,44b6_0113de3b,edge,-1,-1,-1,-1,-1,643,662
5994,44b6_0113de3b,edge,-1,-1,-1,-1,-1,645,664
5995,44b6_0113de3b,edge,-1,-1,-1,-1,-1,646,665
5996,44b6_0113de3b,edge,-1,-1,-1,-1,-1,647,666
5997,44b6_0113de3b,edge,-1,-1,-1,-1,-1,648,681
5998,44b6_0113de3b,edge,-1,-1,-1,-1,-1,649,669
5999,44b6_0113de3b,edge,-1,-1,-1,-1,-1,650,668
6000,44b6_0113de3b,edge,-1,-1,-1,-1,-1,651,667
6001,44b6_0113de3b,edge,-1,-1,-1,-1,-1,652,671
6002,44b6_0113de3b,edge,-1,-1,-1,-1,-1,653,672
6003,44b6_0113de3b,edge,-1,-1,-1,-1,-1,654,674
6004,44b6_0113de3b,edge,-1,-1,-1,-1,-1,657,677
6005,44b6_0113de3b,edge,-1,-1,-1,-1,-1,658,673
6006,44b6_0113de3b,edge,-1,-1,-1,-1,-1,659,675
6007,44b6_0113de3b,edge,-1,-1,-1,-1,-1,660,682
6008,44b6_0113de3b,edge,-1,-1,-1,-1,-1,661,670
6009,44b6_0113de3b,edge,-1,-1,-1,-1,-1,662,680
6010,44b6_0113de3b,edge,-1,-1,-1,-1,-1,663,679
6011,44b6_0113de3b,edge,-1,-1,-1,-1,-1,664,692
6012,44b6_0113de3b,edge,-1,-1,-1,-1,-1,665,685
6013,44b6_0113de3b,edge,-1,-1,-1,-1,-1,666,686
6014,44b6_0113de3b,edge,-1,-1,-1,-1,-1,667,694
6015,44b6_0113de3b,edge,-1,-1,-1,-1,-1,669,695
6016,44b6_0113de3b,edge,-1,-1,-1,-1,-1,671,687
6017,44b6_0113de3b,edge,-1,-1,-1,-1,-1,674,693
6018,44b6_0113de3b,edge,-1,-1,-1,-1,-1,675,696
6019,44b6_0113de3b,edge,-1,-1,-1,-1,-1,676,701
6020,44b6_0113de3b,edge,-1,-1,-1,-1,-1,678,707
6021,44b6_0113de3b,edge,-1,-1,-1,-1,-1,680,697
6022,44b6_0113de3b,edge,-1,-1,-1,-1,-1,683,705
6023,44b6_0113de3b,edge,-1,-1,-1,-1,-1,684,698
6024,44b6_0113de3b,edge,-1,-1,-1,-1,-1,685,713
6025,44b6_0113de3b,edge,-1,-1,-1,-1,-1,686,712
6026,44b6_0113de3b,edge,-1,-1,-1,-1,-1,687,716
6027,44b6_0113de3b,edge,-1,-1,-1,-1,-1,688,721
6028,44b6_0113de3b,edge,-1,-1,-1,-1,-1,689,710
6029,44b6_0113de3b,edge,-1,-1,-1,-1,-1,690,729
6030,44b6_0113de3b,edge,-1,-1,-1,-1,-1,693,717
6031,44b6_0113de3b,edge,-1,-1,-1,-1,-1,694,715
6032,44b6_0113de3b,edge,-1,-1,-1,-1,-1,696,719
6033,44b6_0113de3b,edge,-1,-1,-1,-1,-1,700,718
6034,44b6_0113de3b,edge,-1,-1,-1,-1,-1,701,724
6035,44b6_0113de3b,edge,-1,-1,-1,-1,-1,702,733
6036,44b6_0113de3b,edge,-1,-1,-1,-1,-1,703,714
6037,44b6_0113de3b,edge,-1,-1,-1,-1,-1,708,734
6038,44b6_0113de3b,edge,-1,-1,-1,-1,-1,710,736
6039,44b6_0113de3b,edge,-1,-1,-1,-1,-1,711,735
6040,44b6_0113de3b,edge,-1,-1,-1,-1,-1,712,738
6041,44b6_0113de3b,edge,-1,-1,-1,-1,-1,714,737
6042,44b6_0113de3b,edge,-1,-1,-1,-1,-1,716,740
6043,44b6_0113de3b,edge,-1,-1,-1,-1,-1,717,748
6044,44b6_0113de3b,edge,-1,-1,-1,-1,-1,719,744
6045,44b6_0113de3b,edge,-1,-1,-1,-1,-1,720,742
6046,44b6_0113de3b,edge,-1,-1,-1,-1,-1,721,745
6047,44b6_0113de3b,edge,-1,-1,-1,-1,-1,725,746
6048,44b6_0113de3b,edge,-1,-1,-1,-1,-1,726,753
6049,44b6_0113de3b,edge,-1,-1,-1,-1,-1,727,749
6050,44b6_0113de3b,edge,-1,-1,-1,-1,-1,729,739
6051,44b6_0113de3b,edge,-1,-1,-1,-1,-1,730,743
6052,44b6_0113de3b,edge,-1,-1,-1,-1,-1,731,747
6053,44b6_0113de3b,edge,-1,-1,-1,-1,-1,732,741
6054,44b6_0113de3b,edge,-1,-1,-1,-1,-1,734,754
6055,44b6_0113de3b,edge,-1,-1,-1,-1,-1,735,756
6056,44b6_0113de3b,edge,-1,-1,-1,-1,-1,736,755
6057,44b6_0113de3b,edge,-1,-1,-1,-1,-1,737,772
6058,44b6_0113de3b,edge,-1,-1,-1,-1,-1,738,762
6059,44b6_0113de3b,edge,-1,-1,-1,-1,-1,739,757
6060,44b6_0113de3b,edge,-1,-1,-1,-1,-1,740,759
6061,44b6_0113de3b,edge,-1,-1,-1,-1,-1,741,761
6062,44b6_0113de3b,edge,-1,-1,-1,-1,-1,744,768
6063,44b6_0113de3b,edge,-1,-1,-1,-1,-1,745,774
6064,44b6_0113de3b,edge,-1,-1,-1,-1,-1,747,760
6065,44b6_0113de3b,edge,-1,-1,-1,-1,-1,748,773
6066,44b6_0113de3b,edge,-1,-1,-1,-1,-1,749,775
6067,44b6_0113de3b,edge,-1,-1,-1,-1,-1,752,763
6068,44b6_0113de3b,edge,-1,-1,-1,-1,-1,753,766
6069,44b6_0113de3b,edge,-1,-1,-1,-1,-1,754,776
6070,44b6_0113de3b,edge,-1,-1,-1,-1,-1,755,777
6071,44b6_0113de3b,edge,-1,-1,-1,-1,-1,756,779
6072,44b6_0113de3b,edge,-1,-1,-1,-1,-1,757,780
6073,44b6_0113de3b,edge,-1,-1,-1,-1,-1,758,781
6074,44b6_0113de3b,edge,-1,-1,-1,-1,-1,759,783
6075,44b6_0113de3b,edge,-1,-1,-1,-1,-1,760,782
6076,44b6_0113de3b,edge,-1,-1,-1,-1,-1,761,786
6077,44b6_0113de3b,edge,-1,-1,-1,-1,-1,762,778
6078,44b6_0113de3b,edge,-1,-1,-1,-1,-1,764,784
6079,44b6_0113de3b,edge,-1,-1,-1,-1,-1,765,792
6080,44b6_0113de3b,edge,-1,-1,-1,-1,-1,766,787
6081,44b6_0113de3b,edge,-1,-1,-1,-1,-1,768,788
6082,44b6_0113de3b,edge,-1,-1,-1,-1,-1,770,790
6083,44b6_0113de3b,edge,-1,-1,-1,-1,-1,772,785
6084,44b6_0113de3b,edge,-1,-1,-1,-1,-1,773,791
6085,44b6_0113de3b,edge,-1,-1,-1,-1,-1,774,794
6086,44b6_0113de3b,edge,-1,-1,-1,-1,-1,775,793
6087,44b6_0113de3b,edge,-1,-1,-1,-1,-1,776,796
6088,44b6_0113de3b,edge,-1,-1,-1,-1,-1,777,797
6089,44b6_0113de3b,edge,-1,-1,-1,-1,-1,778,799
6090,44b6_0113de3b,edge,-1,-1,-1,-1,-1,780,802
6091,44b6_0113de3b,edge,-1,-1,-1,-1,-1,781,804
6092,44b6_0113de3b,edge,-1,-1,-1,-1,-1,782,800
6093,44b6_0113de3b,edge,-1,-1,-1,-1,-1,783,803
6094,44b6_0113de3b,edge,-1,-1,-1,-1,-1,784,812
6095,44b6_0113de3b,edge,-1,-1,-1,-1,-1,785,810
6096,44b6_0113de3b,edge,-1,-1,-1,-1,-1,786,807
6097,44b6_0113de3b,edge,-1,-1,-1,-1,-1,787,808
6098,44b6_0113de3b,edge,-1,-1,-1,-1,-1,791,813
6099,44b6_0113de3b,edge,-1,-1,-1,-1,-1,792,805
6100,44b6_0113de3b,edge,-1,-1,-1,-1,-1,793,806
6101,44b6_0113de3b,edge,-1,-1,-1,-1,-1,794,817
6102,44b6_0113de3b,edge,-1,-1,-1,-1,-1,795,801
6103,44b6_0113de3b,edge,-1,-1,-1,-1,-1,796,820
6104,44b6_0113de3b,edge,-1,-1,-1,-1,-1,797,825
6105,44b6_0113de3b,edge,-1,-1,-1,-1,-1,798,822
6106,44b6_0113de3b,edge,-1,-1,-1,-1,-1,799,824
6107,44b6_0113de3b,edge,-1,-1,-1,-1,-1,800,823
6108,44b6_0113de3b,edge,-1,-1,-1,-1,-1,801,838
6109,44b6_0113de3b,edge,-1,-1,-1,-1,-1,802,826
6110,44b6_0113de3b,edge,-1,-1,-1,-1,-1,803,828
6111,44b6_0113de3b,edge,-1,-1,-1,-1,-1,804,827
6112,44b6_0113de3b,edge,-1,-1,-1,-1,-1,805,834
6113,44b6_0113de3b,edge,-1,-1,-1,-1,-1,806,842
6114,44b6_0113de3b,edge,-1,-1,-1,-1,-1,807,833
6115,44b6_0113de3b,edge,-1,-1,-1,-1,-1,808,841
6116,44b6_0113de3b,edge,-1,-1,-1,-1,-1,810,830
6117,44b6_0113de3b,edge,-1,-1,-1,-1,-1,811,832
6118,44b6_0113de3b,edge,-1,-1,-1,-1,-1,813,837
6119,44b6_0113de3b,edge,-1,-1,-1,-1,-1,814,839
6120,44b6_0113de3b,edge,-1,-1,-1,-1,-1,816,836
6121,44b6_0113de3b,edge,-1,-1,-1,-1,-1,817,844
6122,44b6_0113de3b,edge,-1,-1,-1,-1,-1,818,843
6123,44b6_0113de3b,edge,-1,-1,-1,-1,-1,820,845
6124,44b6_0113de3b,edge,-1,-1,-1,-1,-1,822,848
6125,44b6_0113de3b,edge,-1,-1,-1,-1,-1,823,847
6126,44b6_0113de3b,edge,-1,-1,-1,-1,-1,824,846
6127,44b6_0113de3b,edge,-1,-1,-1,-1,-1,825,850
6128,44b6_0113de3b,edge,-1,-1,-1,-1,-1,826,855
6129,44b6_0113de3b,edge,-1,-1,-1,-1,-1,827,849
6130,44b6_0113de3b,edge,-1,-1,-1,-1,-1,828,859
6131,44b6_0113de3b,edge,-1,-1,-1,-1,-1,829,852
6132,44b6_0113de3b,edge,-1,-1,-1,-1,-1,830,857
6133,44b6_0113de3b,edge,-1,-1,-1,-1,-1,832,851
6134,44b6_0113de3b,edge,-1,-1,-1,-1,-1,833,853
6135,44b6_0113de3b,edge,-1,-1,-1,-1,-1,834,854
6136,44b6_0113de3b,edge,-1,-1,-1,-1,-1,835,863
6137,44b6_0113de3b,edge,-1,-1,-1,-1,-1,837,860
6138,44b6_0113de3b,edge,-1,-1,-1,-1,-1,838,856
6139,44b6_0113de3b,edge,-1,-1,-1,-1,-1,839,862
6140,44b6_0113de3b,edge,-1,-1,-1,-1,-1,840,861
6141,44b6_0113de3b,edge,-1,-1,-1,-1,-1,841,858
6142,44b6_0113de3b,edge,-1,-1,-1,-1,-1,845,867
6143,44b6_0113de3b,edge,-1,-1,-1,-1,-1,846,878
6144,44b6_0113de3b,edge,-1,-1,-1,-1,-1,847,865
6145,44b6_0113de3b,edge,-1,-1,-1,-1,-1,848,866
6146,44b6_0113de3b,edge,-1,-1,-1,-1,-1,849,870
6147,44b6_0113de3b,edge,-1,-1,-1,-1,-1,851,869
6148,44b6_0113de3b,edge,-1,-1,-1,-1,-1,852,872
6149,44b6_0113de3b,edge,-1,-1,-1,-1,-1,853,876
6150,44b6_0113de3b,edge,-1,-1,-1,-1,-1,858,879
6151,44b6_0113de3b,edge,-1,-1,-1,-1,-1,859,871
6152,44b6_0113de3b,edge,-1,-1,-1,-1,-1,860,880
6153,44b6_0113de3b,edge,-1,-1,-1,-1,-1,862,875
6154,44b6_0113de3b,edge,-1,-1,-1,-1,-1,864,883
6155,44b6_0113de3b,edge,-1,-1,-1,-1,-1,865,882
6156,44b6_0113de3b,edge,-1,-1,-1,-1,-1,866,885
6157,44b6_0113de3b,edge,-1,-1,-1,-1,-1,867,884
6158,44b6_0113de3b,edge,-1,-1,-1,-1,-1,869,887
6159,44b6_0113de3b,edge,-1,-1,-1,-1,-1,870,886
6160,44b6_0113de3b,edge,-1,-1,-1,-1,-1,872,889
6161,44b6_0113de3b,edge,-1,-1,-1,-1,-1,873,888
6162,44b6_0113de3b,edge,-1,-1,-1,-1,-1,874,890
6163,44b6_0113de3b,edge,-1,-1,-1,-1,-1,877,894
6164,44b6_0113de3b,edge,-1,-1,-1,-1,-1,878,898
6165,44b6_0113de3b,edge,-1,-1,-1,-1,-1,879,899
6166,44b6_0113de3b,edge,-1,-1,-1,-1,-1,880,892
6167,44b6_0113de3b,edge,-1,-1,-1,-1,-1,881,891
6168,44b6_0113de3b,edge,-1,-1,-1,-1,-1,882,902
6169,44b6_0113de3b,edge,-1,-1,-1,-1,-1,883,909
6170,44b6_0113de3b,edge,-1,-1,-1,-1,-1,884,907
6171,44b6_0113de3b,edge,-1,-1,-1,-1,-1,886,917
6172,44b6_0113de3b,edge,-1,-1,-1,-1,-1,887,910
6173,44b6_0113de3b,edge,-1,-1,-1,-1,-1,888,918
6174,44b6_0113de3b,edge,-1,-1,-1,-1,-1,889,913
6175,44b6_0113de3b,edge,-1,-1,-1,-1,-1,890,911
6176,44b6_0113de3b,edge,-1,-1,-1,-1,-1,891,908
6177,44b6_0113de3b,edge,-1,-1,-1,-1,-1,892,912
6178,44b6_0113de3b,edge,-1,-1,-1,-1,-1,893,920
6179,44b6_0113de3b,edge,-1,-1,-1,-1,-1,894,916
6180,44b6_0113de3b,edge,-1,-1,-1,-1,-1,895,919
6181,44b6_0113de3b,edge,-1,-1,-1,-1,-1,897,915
6182,44b6_0113de3b,edge,-1,-1,-1,-1,-1,898,923
6183,44b6_0113de3b,edge,-1,-1,-1,-1,-1,900,914
6184,44b6_0113de3b,edge,-1,-1,-1,-1,-1,901,904
6185,44b6_0113de3b,edge,-1,-1,-1,-1,-1,902,925
6186,44b6_0113de3b,edge,-1,-1,-1,-1,-1,903,926
6187,44b6_0113de3b,edge,-1,-1,-1,-1,-1,904,924
6188,44b6_0113de3b,edge,-1,-1,-1,-1,-1,905,927
6189,44b6_0113de3b,edge,-1,-1,-1,-1,-1,906,929
6190,44b6_0113de3b,edge,-1,-1,-1,-1,-1,908,933
6191,44b6_0113de3b,edge,-1,-1,-1,-1,-1,909,928
6192,44b6_0113de3b,edge,-1,-1,-1,-1,-1,910,931
6193,44b6_0113de3b,edge,-1,-1,-1,-1,-1,911,934
6194,44b6_0113de3b,edge,-1,-1,-1,-1,-1,912,938
6195,44b6_0113de3b,edge,-1,-1,-1,-1,-1,913,941
6196,44b6_0113de3b,edge,-1,-1,-1,-1,-1,916,932
6197,44b6_0113de3b,edge,-1,-1,-1,-1,-1,918,939
6198,44b6_0113de3b,edge,-1,-1,-1,-1,-1,920,942
6199,44b6_0113de3b,edge,-1,-1,-1,-1,-1,922,936
6200,44b6_0113de3b,edge,-1,-1,-1,-1,-1,924,943
6201,44b6_0113de3b,edge,-1,-1,-1,-1,-1,925,946
6202,44b6_0113de3b,edge,-1,-1,-1,-1,-1,926,947
6203,44b6_0113de3b,edge,-1,-1,-1,-1,-1,927,952
6204,44b6_0113de3b,edge,-1,-1,-1,-1,-1,929,945
6205,44b6_0113de3b,edge,-1,-1,-1,-1,-1,930,944
6206,44b6_0113de3b,edge,-1,-1,-1,-1,-1,931,949
6207,44b6_0113de3b,edge,-1,-1,-1,-1,-1,933,955
6208,44b6_0113de3b,edge,-1,-1,-1,-1,-1,934,953
6209,44b6_0113de3b,edge,-1,-1,-1,-1,-1,935,954
6210,44b6_0113de3b,edge,-1,-1,-1,-1,-1,937,956
6211,44b6_0113de3b,edge,-1,-1,-1,-1,-1,938,961
6212,44b6_0113de3b,edge,-1,-1,-1,-1,-1,941,957
6213,44b6_0113de3b,edge,-1,-1,-1,-1,-1,942,959
6214,44b6_0113de3b,edge,-1,-1,-1,-1,-1,946,965
6215,44b6_0113de3b,edge,-1,-1,-1,-1,-1,948,966
6216,44b6_0113de3b,edge,-1,-1,-1,-1,-1,949,972
6217,44b6_0113de3b,edge,-1,-1,-1,-1,-1,950,975
6218,44b6_0113de3b,edge,-1,-1,-1,-1,-1,952,974
6219,44b6_0113de3b,edge,-1,-1,-1,-1,-1,953,981
6220,44b6_0113de3b,edge,-1,-1,-1,-1,-1,954,970
6221,44b6_0113de3b,edge,-1,-1,-1,-1,-1,956,968
6222,44b6_0113de3b,edge,-1,-1,-1,-1,-1,958,977
6223,44b6_0113de3b,edge,-1,-1,-1,-1,-1,959,978
6224,44b6_0113de3b,edge,-1,-1,-1,-1,-1,960,973
6225,44b6_0113de3b,edge,-1,-1,-1,-1,-1,961,986
6226,44b6_0113de3b,edge,-1,-1,-1,-1,-1,964,967
6227,44b6_0113de3b,edge,-1,-1,-1,-1,-1,965,988
6228,44b6_0113de3b,edge,-1,-1,-1,-1,-1,966,989
6229,44b6_0113de3b,edge,-1,-1,-1,-1,-1,967,994
6230,44b6_0113de3b,edge,-1,-1,-1,-1,-1,968,1000
6231,44b6_0113de3b,edge,-1,-1,-1,-1,-1,969,997
6232,44b6_0113de3b,edge,-1,-1,-1,-1,-1,972,1006
6233,44b6_0113de3b,edge,-1,-1,-1,-1,-1,973,992
6234,44b6_0113de3b,edge,-1,-1,-1,-1,-1,974,987
6235,44b6_0113de3b,edge,-1,-1,-1,-1,-1,975,1001
6236,44b6_0113de3b,edge,-1,-1,-1,-1,-1,976,993
6237,44b6_0113de3b,edge,-1,-1,-1,-1,-1,977,998
6238,44b6_0113de3b,edge,-1,-1,-1,-1,-1,978,999
6239,44b6_0113de3b,edge,-1,-1,-1,-1,-1,986,1002
6240,44b6_0113de3b,edge,-1,-1,-1,-1,-1,987,1008
6241,44b6_0113de3b,edge,-1,-1,-1,-1,-1,988,1009
6242,44b6_0113de3b,edge,-1,-1,-1,-1,-1,989,1010
6243,44b6_0113de3b,edge,-1,-1,-1,-1,-1,990,1013
6244,44b6_0113de3b,edge,-1,-1,-1,-1,-1,992,1016
6245,44b6_0113de3b,edge,-1,-1,-1,-1,-1,993,1026
6246,44b6_0113de3b,edge,-1,-1,-1,-1,-1,994,1017
6247,44b6_0113de3b,edge,-1,-1,-1,-1,-1,995,1020
6248,44b6_0113de3b,edge,-1,-1,-1,-1,-1,997,1027
6249,44b6_0113de3b,edge,-1,-1,-1,-1,-1,998,1019
6250,44b6_0113de3b,edge,-1,-1,-1,-1,-1,999,1024
6251,44b6_0113de3b,edge,-1,-1,-1,-1,-1,1000,1025
6252,44b6_0113de3b,edge,-1,-1,-1,-1,-1,1001,1015
6253,44b6_0113de3b,edge,-1,-1,-1,-1,-1,1002,1030
6254,44b6_0113de3b,edge,-1,-1,-1,-1,-1,1003,1014
6255,44b6_0113de3b,edge,-1,-1,-1,-1,-1,1005,1021
6256,44b6_0113de3b,edge,-1,-1,-1,-1,-1,1006,1028
6257,44b6_0113de3b,edge,-1,-1,-1,-1,-1,1007,1018
6258,44b6_0113de3b,edge,-1,-1,-1,-1,-1,1009,1033
6259,44b6_0113de3b,edge,-1,-1,-1,-1,-1,1010,1034
6260,44b6_0113de3b,edge,-1,-1,-1,-1,-1,1012,1036
6261,44b6_0113de3b,edge,-1,-1,-1,-1,-1,1014,1038
6262,44b6_0113de3b,edge,-1,-1,-1,-1,-1,1016,1045
6263,44b6_0113de3b,edge,-1,-1,-1,-1,-1,1018,1042
6264,44b6_0113de3b,edge,-1,-1,-1,-1,-1,1019,1049
6265,44b6_0113de3b,edge,-1,-1,-1,-1,-1,1021,1037
6266,44b6_0113de3b,edge,-1,-1,-1,-1,-1,1024,1044
6267,44b6_0113de3b,edge,-1,-1,-1,-1,-1,1025,1046
6268,44b6_0113de3b,edge,-1,-1,-1,-1,-1,1026,1043
6269,44b6_0113de3b,edge,-1,-1,-1,-1,-1,1028,1041
6270,44b6_0113de3b,edge,-1,-1,-1,-1,-1,1032,1048
6271,44b6_0113de3b,edge,-1,-1,-1,-1,-1,1033,1050
6272,44b6_0113de3b,edge,-1,-1,-1,-1,-1,1035,1053
6273,44b6_0113de3b,edge,-1,-1,-1,-1,-1,1036,1065
6274,44b6_0113de3b,edge,-1,-1,-1,-1,-1,1038,1061
6275,44b6_0113de3b,edge,-1,-1,-1,-1,-1,1041,1058
6276,44b6_0113de3b,edge,-1,-1,-1,-1,-1,1044,1062
6277,44b6_0113de3b,edge,-1,-1,-1,-1,-1,1045,1059
6278,44b6_0113de3b,edge,-1,-1,-1,-1,-1,1046,1063
6279,44b6_0113de3b,edge,-1,-1,-1,-1,-1,1049,1068
6280,44b6_0113de3b,edge,-1,-1,-1,-1,-1,1050,1070
6281,44b6_0113de3b,edge,-1,-1,-1,-1,-1,1052,1071
6282,44b6_0113de3b,edge,-1,-1,-1,-1,-1,1053,1072
6283,44b6_0113de3b,edge,-1,-1,-1,-1,-1,1054,1075
6284,44b6_0113de3b,edge,-1,-1,-1,-1,-1,1055,1074
6285,44b6_0113de3b,edge,-1,-1,-1,-1,-1,1056,1087
6286,44b6_0113de3b,edge,-1,-1,-1,-1,-1,1057,1073
6287,44b6_0113de3b,edge,-1,-1,-1,-1,-1,1058,1086
6288,44b6_0113de3b,edge,-1,-1,-1,-1,-1,1059,1084
6289,44b6_0113de3b,edge,-1,-1,-1,-1,-1,1060,1085
6290,44b6_0113de3b,edge,-1,-1,-1,-1,-1,1061,1078
6291,44b6_0113de3b,edge,-1,-1,-1,-1,-1,1062,1089
6292,44b6_0113de3b,edge,-1,-1,-1,-1,-1,1063,1083
6293,44b6_0113de3b,edge,-1,-1,-1,-1,-1,1065,1076
6294,44b6_0113de3b,edge,-1,-1,-1,-1,-1,1067,1081
6295,44b6_0113de3b,edge,-1,-1,-1,-1,-1,1069,1077
6296,44b6_0113de3b,edge,-1,-1,-1,-1,-1,1070,1096
6297,44b6_0113de3b,edge,-1,-1,-1,-1,-1,1071,1095
6298,44b6_0113de3b,edge,-1,-1,-1,-1,-1,1072,1110
6299,44b6_0113de3b,edge,-1,-1,-1,-1,-1,1073,1102
6300,44b6_0113de3b,edge,-1,-1,-1,-1,-1,1074,1098
6301,44b6_0113de3b,edge,-1,-1,-1,-1,-1,1075,1099
6302,44b6_0113de3b,edge,-1,-1,-1,-1,-1,1076,1103
6303,44b6_0113de3b,edge,-1,-1,-1,-1,-1,1077,1101
6304,44b6_0113de3b,edge,-1,-1,-1,-1,-1,1078,1115
6305,44b6_0113de3b,edge,-1,-1,-1,-1,-1,1079,1118
6306,44b6_0113de3b,edge,-1,-1,-1,-1,-1,1080,1116
6307,44b6_0113de3b,edge,-1,-1,-1,-1,-1,1081,1107
6308,44b6_0113de3b,edge,-1,-1,-1,-1,-1,1082,1100
6309,44b6_0113de3b,edge,-1,-1,-1,-1,-1,1083,1111
6310,44b6_0113de3b,edge,-1,-1,-1,-1,-1,1084,1104
6311,44b6_0113de3b,edge,-1,-1,-1,-1,-1,1085,1108
6312,44b6_0113de3b,edge,-1,-1,-1,-1,-1,1090,1112
6313,44b6_0113de3b,edge,-1,-1,-1,-1,-1,1091,1109
6314,44b6_0113de3b,edge,-1,-1,-1,-1,-1,1092,1117
6315,44b6_0113de3b,edge,-1,-1,-1,-1,-1,1095,1122
6316,44b6_0113de3b,edge,-1,-1,-1,-1,-1,1096,1131
6317,44b6_0113de3b,edge,-1,-1,-1,-1,-1,1097,1135
6318,44b6_0113de3b,edge,-1,-1,-1,-1,-1,1098,1123
6319,44b6_0113de3b,edge,-1,-1,-1,-1,-1,1100,1134
6320,44b6_0113de3b,edge,-1,-1,-1,-1,-1,1101,1126
6321,44b6_0113de3b,edge,-1,-1,-1,-1,-1,1102,1124
6322,44b6_0113de3b,edge,-1,-1,-1,-1,-1,1104,1128
6323,44b6_0113de3b,edge,-1,-1,-1,-1,-1,1105,1125
6324,44b6_0113de3b,edge,-1,-1,-1,-1,-1,1107,1129
6325,44b6_0113de3b,edge,-1,-1,-1,-1,-1,1108,1133
6326,44b6_0113de3b,edge,-1,-1,-1,-1,-1,1109,1127
6327,44b6_0113de3b,edge,-1,-1,-1,-1,-1,1111,1141
6328,44b6_0113de3b,edge,-1,-1,-1,-1,-1,1112,1138
6329,44b6_0113de3b,edge,-1,-1,-1,-1,-1,1116,1137
6330,44b6_0113de3b,edge,-1,-1,-1,-1,-1,1117,1139
6331,44b6_0113de3b,edge,-1,-1,-1,-1,-1,1119,1130
6332,44b6_0113de3b,edge,-1,-1,-1,-1,-1,1123,1143
6333,44b6_0113de3b,edge,-1,-1,-1,-1,-1,1124,1144
6334,44b6_0113de3b,edge,-1,-1,-1,-1,-1,1125,1145
6335,44b6_0113de3b,edge,-1,-1,-1,-1,-1,1126,1146
6336,44b6_0113de3b,edge,-1,-1,-1,-1,-1,1127,1149
6337,44b6_0113de3b,edge,-1,-1,-1,-1,-1,1128,1147
6338,44b6_0113de3b,edge,-1,-1,-1,-1,-1,1130,1153
6339,44b6_0113de3b,edge,-1,-1,-1,-1,-1,1131,1152
6340,44b6_0113de3b,edge,-1,-1,-1,-1,-1,1132,1151
6341,44b6_0113de3b,edge,-1,-1,-1,-1,-1,1137,1156
6342,44b6_0113de3b,edge,-1,-1,-1,-1,-1,1138,1148
6343,44b6_0113de3b,edge,-1,-1,-1,-1,-1,1142,1155
6344,44b6_0113de3b,edge,-1,-1,-1,-1,-1,1143,1159
6345,44b6_0113de3b,edge,-1,-1,-1,-1,-1,1144,1160
6346,44b6_0113de3b,edge,-1,-1,-1,-1,-1,1145,1163
6347,44b6_0113de3b,edge,-1,-1,-1,-1,-1,1146,1162
6348,44b6_0113de3b,edge,-1,-1,-1,-1,-1,1147,1164
6349,44b6_0113de3b,edge,-1,-1,-1,-1,-1,1148,1170
6350,44b6_0113de3b,edge,-1,-1,-1,-1,-1,1149,1166
6351,44b6_0113de3b,edge,-1,-1,-1,-1,-1,1151,1168
6352,44b6_0113de3b,edge,-1,-1,-1,-1,-1,1152,1167
6353,44b6_0113de3b,edge,-1,-1,-1,-1,-1,1154,1171
6354,44b6_0113de3b,edge,-1,-1,-1,-1,-1,1155,1169
6355,44b6_0113de3b,edge,-1,-1,-1,-1,-1,1159,1177
6356,44b6_0113de3b,edge,-1,-1,-1,-1,-1,1160,1178
6357,44b6_0113de3b,edge,-1,-1,-1,-1,-1,1161,1176
6358,44b6_0113de3b,edge,-1,-1,-1,-1,-1,1162,1180
6359,44b6_0113de3b,edge,-1,-1,-1,-1,-1,1164,1179
6360,44b6_0113de3b,edge,-1,-1,-1,-1,-1,1165,1175
6361,44b6_0113de3b,edge,-1,-1,-1,-1,-1,1166,1181
6362,44b6_0113de3b,edge,-1,-1,-1,-1,-1,1167,1183
6363,44b6_0113de3b,edge,-1,-1,-1,-1,-1,1168,1184
6364,44b6_0113de3b,edge,-1,-1,-1,-1,-1,1170,1182
6365,44b6_0113de3b,edge,-1,-1,-1,-1,-1,1171,1187
6366,44b6_0113de3b,edge,-1,-1,-1,-1,-1,1173,1189
6367,44b6_0113de3b,edge,-1,-1,-1,-1,-1,1174,1188
6368,44b6_0113de3b,edge,-1,-1,-1,-1,-1,1175,1190
6369,44b6_0113de3b,edge,-1,-1,-1,-1,-1,1176,1192
6370,44b6_0113de3b,edge,-1,-1,-1,-1,-1,1177,1194
6371,44b6_0113de3b,edge,-1,-1,-1,-1,-1,1178,1191
6372,44b6_0113de3b,edge,-1,-1,-1,-1,-1,1179,1196
6373,44b6_0113de3b,edge,-1,-1,-1,-1,-1,1180,1193
6374,44b6_0113de3b,edge,-1,-1,-1,-1,-1,1181,1198
6375,44b6_0113de3b,edge,-1,-1,-1,-1,-1,1182,1199
6376,44b6_0113de3b,edge,-1,-1,-1,-1,-1,1183,1197
6377,44b6_0113de3b,edge,-1,-1,-1,-1,-1,1184,1200
6378,44b6_0113de3b,edge,-1,-1,-1,-1,-1,1185,1201
6379,44b6_0113de3b,edge,-1,-1,-1,-1,-1,1190,1206
6380,44b6_0113de3b,edge,-1,-1,-1,-1,-1,1191,1207
6381,44b6_0113de3b,edge,-1,-1,-1,-1,-1,1192,1208
6382,44b6_0113de3b,edge,-1,-1,-1,-1,-1,1193,1210
6383,44b6_0113de3b,edge,-1,-1,-1,-1,-1,1194,1211
6384,44b6_0113de3b,edge,-1,-1,-1,-1,-1,1195,1209
6385,44b6_0113de3b,edge,-1,-1,-1,-1,-1,1196,1212
6386,44b6_0113de3b,edge,-1,-1,-1,-1,-1,1199,1215
6387,44b6_0113de3b,edge,-1,-1,-1,-1,-1,1200,1214
6388,44b6_0113de3b,edge,-1,-1,-1,-1,-1,1201,1213
6389,44b6_0113de3b,edge,-1,-1,-1,-1,-1,1202,1216
6390,44b6_0113de3b,edge,-1,-1,-1,-1,-1,1205,1219
6391,44b6_0113de3b,edge,-1,-1,-1,-1,-1,1206,1220
6392,44b6_0113de3b,edge,-1,-1,-1,-1,-1,1207,1221
6393,44b6_0113de3b,edge,-1,-1,-1,-1,-1,1208,1222
6394,44b6_0113de3b,edge,-1,-1,-1,-1,-1,1210,1225
6395,44b6_0113de3b,edge,-1,-1,-1,-1,-1,1211,1223
6396,44b6_0113de3b,edge,-1,-1,-1,-1,-1,1212,1226
6397,44b6_0113de3b,edge,-1,-1,-1,-1,-1,1213,1230
6398,44b6_0113de3b,edge,-1,-1,-1,-1,-1,1214,1228
6399,44b6_0113de3b,edge,-1,-1,-1,-1,-1,1215,1227
6400,44b6_0113de3b,edge,-1,-1,-1,-1,-1,1216,1231
6401,44b6_0113de3b,edge,-1,-1,-1,-1,-1,1217,1229
6402,44b6_0113de3b,edge,-1,-1,-1,-1,-1,1218,1224
6403,44b6_0113de3b,edge,-1,-1,-1,-1,-1,1219,1233
6404,44b6_0113de3b,edge,-1,-1,-1,-1,-1,1221,1234
6405,44b6_0113de3b,edge,-1,-1,-1,-1,-1,1222,1237
6406,44b6_0113de3b,edge,-1,-1,-1,-1,-1,1223,1236
6407,44b6_0113de3b,edge,-1,-1,-1,-1,-1,1224,1235
6408,44b6_0113de3b,edge,-1,-1,-1,-1,-1,1225,1238
6409,44b6_0113de3b,edge,-1,-1,-1,-1,-1,1226,1239
6410,44b6_0113de3b,edge,-1,-1,-1,-1,-1,1228,1241
6411,44b6_0113de3b,edge,-1,-1,-1,-1,-1,1229,1244
6412,44b6_0113de3b,edge,-1,-1,-1,-1,-1,1230,1243
6413,44b6_0113de3b,edge,-1,-1,-1,-1,-1,1231,1242
6414,44b6_0113de3b,edge,-1,-1,-1,-1,-1,1232,1245
6415,44b6_0113de3b,edge,-1,-1,-1,-1,-1,1233,1246
6416,44b6_0113de3b,edge,-1,-1,-1,-1,-1,1234,1255
6417,44b6_0113de3b,edge,-1,-1,-1,-1,-1,1235,1248
6418,44b6_0113de3b,edge,-1,-1,-1,-1,-1,1236,1249
6419,44b6_0113de3b,edge,-1,-1,-1,-1,-1,1237,1257
6420,44b6_0113de3b,edge,-1,-1,-1,-1,-1,1238,1250
6421,44b6_0113de3b,edge,-1,-1,-1,-1,-1,1239,1251
6422,44b6_0113de3b,edge,-1,-1,-1,-1,-1,1240,1253
6423,44b6_0113de3b,edge,-1,-1,-1,-1,-1,1241,1254
6424,44b6_0113de3b,edge,-1,-1,-1,-1,-1,1243,1252
6425,44b6_0113de3b,edge,-1,-1,-1,-1,-1,1244,1258
6426,44b6_0113de3b,edge,-1,-1,-1,-1,-1,1245,1256
6427,44b6_0113de3b,edge,-1,-1,-1,-1,-1,1246,1259
6428,44b6_0113de3b,edge,-1,-1,-1,-1,-1,1248,1260
6429,44b6_0113de3b,edge,-1,-1,-1,-1,-1,1249,1261
6430,44b6_0113de3b,edge,-1,-1,-1,-1,-1,1251,1263
6431,44b6_0113de3b,edge,-1,-1,-1,-1,-1,1252,1265
6432,44b6_0113de3b,edge,-1,-1,-1,-1,-1,1253,1262
6433,44b6_0113de3b,edge,-1,-1,-1,-1,-1,1254,1267
6434,44b6_0113de3b,edge,-1,-1,-1,-1,-1,1255,1266
6435,44b6_0113de3b,edge,-1,-1,-1,-1,-1,1256,1273
6436,44b6_0113de3b,edge,-1,-1,-1,-1,-1,1258,1270
6437,44b6_0113de3b,edge,-1,-1,-1,-1,-1,1259,1276
6438,44b6_0113de3b,edge,-1,-1,-1,-1,-1,1260,1285
6439,44b6_0113de3b,edge,-1,-1,-1,-1,-1,1261,1277
6440,44b6_0113de3b,edge,-1,-1,-1,-1,-1,1262,1281
6441,44b6_0113de3b,edge,-1,-1,-1,-1,-1,1263,1280
6442,44b6_0113de3b,edge,-1,-1,-1,-1,-1,1265,1283
6443,44b6_0113de3b,edge,-1,-1,-1,-1,-1,1267,1291
6444,44b6_0113de3b,edge,-1,-1,-1,-1,-1,1268,1290
6445,44b6_0113de3b,edge,-1,-1,-1,-1,-1,1269,1282
6446,44b6_0113de3b,edge,-1,-1,-1,-1,-1,1270,1289
6447,44b6_0113de3b,edge,-1,-1,-1,-1,-1,1271,1288
6448,44b6_0113de3b,edge,-1,-1,-1,-1,-1,1272,1286
6449,44b6_0113de3b,edge,-1,-1,-1,-1,-1,1273,1292
6450,44b6_0113de3b,edge,-1,-1,-1,-1,-1,1274,1287
6451,44b6_0113de3b,edge,-1,-1,-1,-1,-1,1276,1295
6452,44b6_0113de3b,edge,-1,-1,-1,-1,-1,1277,1299
6453,44b6_0113de3b,edge,-1,-1,-1,-1,-1,1278,1297
6454,44b6_0113de3b,edge,-1,-1,-1,-1,-1,1279,1300
6455,44b6_0113de3b,edge,-1,-1,-1,-1,-1,1280,1302
6456,44b6_0113de3b,edge,-1,-1,-1,-1,-1,1281,1303
6457,44b6_0113de3b,edge,-1,-1,-1,-1,-1,1282,1298
6458,44b6_0113de3b,edge,-1,-1,-1,-1,-1,1283,1304
6459,44b6_0113de3b,edge,-1,-1,-1,-1,-1,1284,1296
6460,44b6_0113de3b,edge,-1,-1,-1,-1,-1,1286,1307
6461,44b6_0113de3b,edge,-1,-1,-1,-1,-1,1288,1305
6462,44b6_0113de3b,edge,-1,-1,-1,-1,-1,1289,1306
6463,44b6_0113de3b,edge,-1,-1,-1,-1,-1,1290,1310
6464,44b6_0113de3b,edge,-1,-1,-1,-1,-1,1291,1309
6465,44b6_0113de3b,edge,-1,-1,-1,-1,-1,1295,1311
6466,44b6_0113de3b,edge,-1,-1,-1,-1,-1,1296,1312
6467,44b6_0113de3b,edge,-1,-1,-1,-1,-1,1297,1314
6468,44b6_0113de3b,edge,-1,-1,-1,-1,-1,1300,1315
6469,44b6_0113de3b,edge,-1,-1,-1,-1,-1,1302,1318
6470,44b6_0113de3b,edge,-1,-1,-1,-1,-1,1303,1316
6471,44b6_0113de3b,edge,-1,-1,-1,-1,-1,1305,1319
6472,44b6_0113de3b,edge,-1,-1,-1,-1,-1,1307,1321
6473,44b6_0113de3b,edge,-1,-1,-1,-1,-1,1308,1317
6474,44b6_0113de3b,edge,-1,-1,-1,-1,-1,1311,1328
6475,44b6_0113de3b,edge,-1,-1,-1,-1,-1,1312,1324
6476,44b6_0113de3b,edge,-1,-1,-1,-1,-1,1313,1326
6477,44b6_0113de3b,edge,-1,-1,-1,-1,-1,1314,1325
6478,44b6_0113de3b,edge,-1,-1,-1,-1,-1,1316,1331
6479,44b6_0113de3b,edge,-1,-1,-1,-1,-1,1317,1327
6480,44b6_0113de3b,edge,-1,-1,-1,-1,-1,1319,1329
6481,44b6_0113de3b,edge,-1,-1,-1,-1,-1,1320,1330
6482,44b6_0113de3b,edge,-1,-1,-1,-1,-1,1321,1332
6483,44b6_0113de3b,edge,-1,-1,-1,-1,-1,1324,1334
6484,44b6_0113de3b,edge,-1,-1,-1,-1,-1,1325,1335
6485,44b6_0113de3b,edge,-1,-1,-1,-1,-1,1326,1333
6486,44b6_0113de3b,edge,-1,-1,-1,-1,-1,1327,1341
6487,44b6_0113de3b,edge,-1,-1,-1,-1,-1,1329,1343
6488,44b6_0113de3b,edge,-1,-1,-1,-1,-1,1330,1338
6489,44b6_0113de3b,edge,-1,-1,-1,-1,-1,1331,1339
6490,44b6_0113de3b,edge,-1,-1,-1,-1,-1,1334,1344
6491,44b6_0113de3b,edge,-1,-1,-1,-1,-1,1336,1348
6492,44b6_0113de3b,edge,-1,-1,-1,-1,-1,1337,1346
6493,44b6_0113de3b,edge,-1,-1,-1,-1,-1,1338,1350
6494,44b6_0113de3b,edge,-1,-1,-1,-1,-1,1339,1349
6495,44b6_0113de3b,edge,-1,-1,-1,-1,-1,1340,1351
6496,44b6_0113de3b,edge,-1,-1,-1,-1,-1,1341,1352
6497,44b6_0113de3b,edge,-1,-1,-1,-1,-1,1344,1358
6498,44b6_0113de3b,edge,-1,-1,-1,-1,-1,1345,1359
6499,44b6_0113de3b,edge,-1,-1,-1,-1,-1,1346,1364
6500,44b6_0113de3b,edge,-1,-1,-1,-1,-1,1347,1360
6501,44b6_0113de3b,edge,-1,-1,-1,-1,-1,1348,1362
6502,44b6_0113de3b,edge,-1,-1,-1,-1,-1,1350,1366
6503,44b6_0113de3b,edge,-1,-1,-1,-1,-1,1351,1363
6504,44b6_0113de3b,edge,-1,-1,-1,-1,-1,1352,1367
6505,44b6_0113de3b,edge,-1,-1,-1,-1,-1,1354,1365
6506,44b6_0113de3b,edge,-1,-1,-1,-1,-1,1356,1369
6507,44b6_0113de3b,edge,-1,-1,-1,-1,-1,1358,1370
6508,44b6_0113de3b,edge,-1,-1,-1,-1,-1,1359,1371
6509,44b6_0113de3b,edge,-1,-1,-1,-1,-1,1360,1378
6510,44b6_0113de3b,edge,-1,-1,-1,-1,-1,1361,1377
6511,44b6_0113de3b,edge,-1,-1,-1,-1,-1,1362,1372
6512,44b6_0113de3b,edge,-1,-1,-1,-1,-1,1363,1373
6513,44b6_0113de3b,edge,-1,-1,-1,-1,-1,1365,1380
6514,44b6_0113de3b,edge,-1,-1,-1,-1,-1,1366,1375
6515,44b6_0113de3b,edge,-1,-1,-1,-1,-1,1367,1374
6516,44b6_0113de3b,edge,-1,-1,-1,-1,-1,1368,1376
6517,44b6_0113de3b,edge,-1,-1,-1,-1,-1,1370,1384
6518,44b6_0113de3b,edge,-1,-1,-1,-1,-1,1371,1383
6519,44b6_0113de3b,edge,-1,-1,-1,-1,-1,1372,1387
6520,44b6_0113de3b,edge,-1,-1,-1,-1,-1,1373,1389
6521,44b6_0113de3b,edge,-1,-1,-1,-1,-1,1375,1393
6522,44b6_0113de3b,edge,-1,-1,-1,-1,-1,1376,1395
6523,44b6_0113de3b,edge,-1,-1,-1,-1,-1,1378,1386
6524,44b6_0113de3b,edge,-1,-1,-1,-1,-1,1379,1392
6525,44b6_0113de3b,edge,-1,-1,-1,-1,-1,1381,1391
6526,44b6_0113de3b,edge,-1,-1,-1,-1,-1,1382,1388
6527,44b6_0113de3b,edge,-1,-1,-1,-1,-1,1383,1397
6528,44b6_0113de3b,edge,-1,-1,-1,-1,-1,1384,1396
6529,44b6_0113de3b,edge,-1,-1,-1,-1,-1,1385,1399
6530,44b6_0113de3b,edge,-1,-1,-1,-1,-1,1386,1398
6531,44b6_0113de3b,edge,-1,-1,-1,-1,-1,1387,1400
6532,44b6_0113de3b,edge,-1,-1,-1,-1,-1,1388,1405
6533,44b6_0113de3b,edge,-1,-1,-1,-1,-1,1389,1404
6534,44b6_0113de3b,edge,-1,-1,-1,-1,-1,1390,1401
6535,44b6_0113de3b,edge,-1,-1,-1,-1,-1,1391,1409
6536,44b6_0113de3b,edge,-1,-1,-1,-1,-1,1392,1406
6537,44b6_0113de3b,edge,-1,-1,-1,-1,-1,1393,1403
6538,44b6_0113de3b,edge,-1,-1,-1,-1,-1,1395,1412
6539,44b6_0113de3b,edge,-1,-1,-1,-1,-1,1396,1418
6540,44b6_0113de3b,edge,-1,-1,-1,-1,-1,1398,1414
6541,44b6_0113de3b,edge,-1,-1,-1,-1,-1,1399,1415
6542,44b6_0113de3b,edge,-1,-1,-1,-1,-1,1400,1420
6543,44b6_0113de3b,edge,-1,-1,-1,-1,-1,1401,1416
6544,44b6_0113de3b,edge,-1,-1,-1,-1,-1,1403,1424
6545,44b6_0113de3b,edge,-1,-1,-1,-1,-1,1404,1421
6546,44b6_0113de3b,edge,-1,-1,-1,-1,-1,1405,1417
6547,44b6_0113de3b,edge,-1,-1,-1,-1,-1,1406,1419
6548,44b6_0113de3b,edge,-1,-1,-1,-1,-1,1407,1423
6549,44b6_0113de3b,edge,-1,-1,-1,-1,-1,1410,1425
6550,44b6_0113de3b,edge,-1,-1,-1,-1,-1,1411,1429
6551,44b6_0113de3b,edge,-1,-1,-1,-1,-1,1412,1428
6552,44b6_0113de3b,edge,-1,-1,-1,-1,-1,1414,1430
6553,44b6_0113de3b,edge,-1,-1,-1,-1,-1,1415,1431
6554,44b6_0113de3b,edge,-1,-1,-1,-1,-1,1416,1444
6555,44b6_0113de3b,edge,-1,-1,-1,-1,-1,1419,1440
6556,44b6_0113de3b,edge,-1,-1,-1,-1,-1,1420,1434
6557,44b6_0113de3b,edge,-1,-1,-1,-1,-1,1421,1437
6558,44b6_0113de3b,edge,-1,-1,-1,-1,-1,1422,1433
6559,44b6_0113de3b,edge,-1,-1,-1,-1,-1,1423,1439
6560,44b6_0113de3b,edge,-1,-1,-1,-1,-1,1424,1441
6561,44b6_0113de3b,edge,-1,-1,-1,-1,-1,1425,1443
6562,44b6_0113de3b,edge,-1,-1,-1,-1,-1,1428,1438
6563,44b6_0113de3b,edge,-1,-1,-1,-1,-1,1430,1449
6564,44b6_0113de3b,edge,-1,-1,-1,-1,-1,1431,1446
6565,44b6_0113de3b,edge,-1,-1,-1,-1,-1,1432,1445
6566,44b6_0113de3b,edge,-1,-1,-1,-1,-1,1433,1448
6567,44b6_0113de3b,edge,-1,-1,-1,-1,-1,1434,1463
6568,44b6_0113de3b,edge,-1,-1,-1,-1,-1,1435,1454
6569,44b6_0113de3b,edge,-1,-1,-1,-1,-1,1436,1450
6570,44b6_0113de3b,edge,-1,-1,-1,-1,-1,1437,1452
6571,44b6_0113de3b,edge,-1,-1,-1,-1,-1,1438,1453
6572,44b6_0113de3b,edge,-1,-1,-1,-1,-1,1439,1455
6573,44b6_0113de3b,edge,-1,-1,-1,-1,-1,1440,1456
6574,44b6_0113de3b,edge,-1,-1,-1,-1,-1,1441,1458
6575,44b6_0113de3b,edge,-1,-1,-1,-1,-1,1442,1457
6576,44b6_0113de3b,edge,-1,-1,-1,-1,-1,1443,1459
6577,44b6_0113de3b,edge,-1,-1,-1,-1,-1,1444,1462
6578,44b6_0113de3b,edge,-1,-1,-1,-1,-1,1445,1465
6579,44b6_0113de3b,edge,-1,-1,-1,-1,-1,1446,1466
6580,44b6_0113de3b,edge,-1,-1,-1,-1,-1,1447,1467
6581,44b6_0113de3b,edge,-1,-1,-1,-1,-1,1448,1470
6582,44b6_0113de3b,edge,-1,-1,-1,-1,-1,1450,1464
6583,44b6_0113de3b,edge,-1,-1,-1,-1,-1,1451,1477
6584,44b6_0113de3b,edge,-1,-1,-1,-1,-1,1452,1474
6585,44b6_0113de3b,edge,-1,-1,-1,-1,-1,1453,1473
6586,44b6_0113de3b,edge,-1,-1,-1,-1,-1,1455,1472
6587,44b6_0113de3b,edge,-1,-1,-1,-1,-1,1457,1475
6588,44b6_0113de3b,edge,-1,-1,-1,-1,-1,1459,1471
6589,44b6_0113de3b,edge,-1,-1,-1,-1,-1,1461,1476
6590,44b6_0113de3b,edge,-1,-1,-1,-1,-1,1464,1484
6591,44b6_0113de3b,edge,-1,-1,-1,-1,-1,1465,1479
6592,44b6_0113de3b,edge,-1,-1,-1,-1,-1,1466,1482
6593,44b6_0113de3b,edge,-1,-1,-1,-1,-1,1467,1480
6594,44b6_0113de3b,edge,-1,-1,-1,-1,-1,1468,1491
6595,44b6_0113de3b,edge,-1,-1,-1,-1,-1,1469,1481
6596,44b6_0113de3b,edge,-1,-1,-1,-1,-1,1470,1487
6597,44b6_0113de3b,edge,-1,-1,-1,-1,-1,1471,1490
6598,44b6_0113de3b,edge,-1,-1,-1,-1,-1,1472,1486
6599,44b6_0113de3b,edge,-1,-1,-1,-1,-1,1474,1488
6600,44b6_0113de3b,edge,-1,-1,-1,-1,-1,1475,1483
6601,44b6_0113de3b,edge,-1,-1,-1,-1,-1,1476,1493
6602,44b6_0113de3b,edge,-1,-1,-1,-1,-1,1478,1489
6603,44b6_0113de3b,edge,-1,-1,-1,-1,-1,1479,1494
6604,44b6_0113de3b,edge,-1,-1,-1,-1,-1,1480,1495
6605,44b6_0113de3b,edge,-1,-1,-1,-1,-1,1481,1497
6606,44b6_0113de3b,edge,-1,-1,-1,-1,-1,1482,1496
6607,44b6_0113de3b,edge,-1,-1,-1,-1,-1,1483,1499
6608,44b6_0113de3b,edge,-1,-1,-1,-1,-1,1485,1500
6609,44b6_0113de3b,edge,-1,-1,-1,-1,-1,1486,1501
6610,44b6_0113de3b,edge,-1,-1,-1,-1,-1,1488,1502
6611,44b6_0113de3b,edge,-1,-1,-1,-1,-1,1489,1503
6612,44b6_0113de3b,edge,-1,-1,-1,-1,-1,1490,1505
6613,44b6_0113de3b,edge,-1,-1,-1,-1,-1,1492,1504
6614,44b6_0113de3b,edge,-1,-1,-1,-1,-1,1493,1508
6615,44b6_0113de3b,edge,-1,-1,-1,-1,-1,1494,1522
6616,44b6_0113de3b,edge,-1,-1,-1,-1,-1,1495,1510
6617,44b6_0113de3b,edge,-1,-1,-1,-1,-1,1496,1509
6618,44b6_0113de3b,edge,-1,-1,-1,-1,-1,1497,1524
6619,44b6_0113de3b,edge,-1,-1,-1,-1,-1,1498,1511
6620,44b6_0113de3b,edge,-1,-1,-1,-1,-1,1500,1516
6621,44b6_0113de3b,edge,-1,-1,-1,-1,-1,1501,1513
6622,44b6_0113de3b,edge,-1,-1,-1,-1,-1,1502,1518
6623,44b6_0113de3b,edge,-1,-1,-1,-1,-1,1503,1514
6624,44b6_0113de3b,edge,-1,-1,-1,-1,-1,1504,1517
6625,44b6_0113de3b,edge,-1,-1,-1,-1,-1,1507,1519
6626,44b6_0113de3b,edge,-1,-1,-1,-1,-1,1509,1527
6627,44b6_0113de3b,edge,-1,-1,-1,-1,-1,1510,1526
6628,44b6_0113de3b,edge,-1,-1,-1,-1,-1,1511,1531
6629,44b6_0113de3b,edge,-1,-1,-1,-1,-1,1512,1529
6630,44b6_0113de3b,edge,-1,-1,-1,-1,-1,1513,1533
6631,44b6_0113de3b,edge,-1,-1,-1,-1,-1,1514,1534
6632,44b6_0113de3b,edge,-1,-1,-1,-1,-1,1516,1532
6633,44b6_0113de3b,edge,-1,-1,-1,-1,-1,1517,1535
6634,44b6_0113de3b,edge,-1,-1,-1,-1,-1,1519,1538
6635,44b6_0113de3b,edge,-1,-1,-1,-1,-1,1524,1525
6636,44b6_0113de3b,edge,-1,-1,-1,-1,-1,1525,1539
6637,44b6_0113de3b,edge,-1,-1,-1,-1,-1,1526,1542
6638,44b6_0113de3b,edge,-1,-1,-1,-1,-1,1528,1544
6639,44b6_0113de3b,edge,-1,-1,-1,-1,-1,1529,1543
6640,44b6_0113de3b,edge,-1,-1,-1,-1,-1,1532,1548
6641,44b6_0113de3b,edge,-1,-1,-1,-1,-1,1533,1547
6642,44b6_0113de3b,edge,-1,-1,-1,-1,-1,1534,1550
6643,44b6_0113de3b,edge,-1,-1,-1,-1,-1,1535,1546
6644,44b6_0113de3b,edge,-1,-1,-1,-1,-1,1537,1545
6645,44b6_0113de3b,edge,-1,-1,-1,-1,-1,1538,1549
6646,44b6_0113de3b,edge,-1,-1,-1,-1,-1,1539,1551
6647,44b6_0113de3b,edge,-1,-1,-1,-1,-1,1540,1552
6648,44b6_0113de3b,edge,-1,-1,-1,-1,-1,1541,1553
6649,44b6_0113de3b,edge,-1,-1,-1,-1,-1,1543,1555
6650,44b6_0113de3b,edge,-1,-1,-1,-1,-1,1545,1557
6651,44b6_0113de3b,edge,-1,-1,-1,-1,-1,1546,1558
6652,44b6_0113de3b,edge,-1,-1,-1,-1,-1,1547,1556
6653,44b6_0113de3b,edge,-1,-1,-1,-1,-1,1548,1559
6654,44b6_0113de3b,edge,-1,-1,-1,-1,-1,1549,1560
6655,44b6_0113de3b,edge,-1,-1,-1,-1,-1,1551,1562
6656,44b6_0113de3b,edge,-1,-1,-1,-1,-1,1552,1563
6657,44b6_0113de3b,edge,-1,-1,-1,-1,-1,1553,1564
6658,44b6_0113de3b,edge,-1,-1,-1,-1,-1,1555,1567
6659,44b6_0113de3b,edge,-1,-1,-1,-1,-1,1556,1570
6660,44b6_0113de3b,edge,-1,-1,-1,-1,-1,1557,1571
6661,44b6_0113de3b,edge,-1,-1,-1,-1,-1,1558,1569
6662,44b6_0113de3b,edge,-1,-1,-1,-1,-1,1559,1568
6663,44b6_0113de3b,edge,-1,-1,-1,-1,-1,1560,1572
6664,44b6_0113de3b,edge,-1,-1,-1,-1,-1,1562,1579
6665,44b6_0113de3b,edge,-1,-1,-1,-1,-1,1563,1573
6666,44b6_0113de3b,edge,-1,-1,-1,-1,-1,1564,1574
6667,44b6_0113de3b,edge,-1,-1,-1,-1,-1,1565,1575
6668,44b6_0113de3b,edge,-1,-1,-1,-1,-1,1566,1577
6669,44b6_0113de3b,edge,-1,-1,-1,-1,-1,1568,1578
6670,44b6_0113de3b,edge,-1,-1,-1,-1,-1,1569,1581
6671,44b6_0113de3b,edge,-1,-1,-1,-1,-1,1570,1580
6672,44b6_0113de3b,edge,-1,-1,-1,-1,-1,1571,1582
6673,44b6_0113de3b,edge,-1,-1,-1,-1,-1,1572,1584
6674,44b6_0113de3b,edge,-1,-1,-1,-1,-1,1573,1586
6675,44b6_0113de3b,edge,-1,-1,-1,-1,-1,1575,1588
6676,44b6_0113de3b,edge,-1,-1,-1,-1,-1,1576,1585
6677,44b6_0113de3b,edge,-1,-1,-1,-1,-1,1577,1587
6678,44b6_0113de3b,edge,-1,-1,-1,-1,-1,1578,1593
6679,44b6_0113de3b,edge,-1,-1,-1,-1,-1,1579,1591
6680,44b6_0113de3b,edge,-1,-1,-1,-1,-1,1580,1592
6681,44b6_0113de3b,edge,-1,-1,-1,-1,-1,1581,1590
6682,44b6_0113de3b,edge,-1,-1,-1,-1,-1,1583,1596
6683,44b6_0113de3b,edge,-1,-1,-1,-1,-1,1584,1594
6684,44b6_0113de3b,edge,-1,-1,-1,-1,-1,1586,1601
6685,44b6_0113de3b,edge,-1,-1,-1,-1,-1,1587,1603
6686,44b6_0113de3b,edge,-1,-1,-1,-1,-1,1588,1599
6687,44b6_0113de3b,edge,-1,-1,-1,-1,-1,1589,1606
6688,44b6_0113de3b,edge,-1,-1,-1,-1,-1,1590,1607
6689,44b6_0113de3b,edge,-1,-1,-1,-1,-1,1591,1600
6690,44b6_0113de3b,edge,-1,-1,-1,-1,-1,1592,1608
6691,44b6_0113de3b,edge,-1,-1,-1,-1,-1,1595,1605
6692,44b6_0113de3b,edge,-1,-1,-1,-1,-1,1598,1611
6693,44b6_0113de3b,edge,-1,-1,-1,-1,-1,1599,1612
6694,44b6_0113de3b,edge,-1,-1,-1,-1,-1,1601,1613
6695,44b6_0113de3b,edge,-1,-1,-1,-1,-1,1605,1617
6696,44b6_0113de3b,edge,-1,-1,-1,-1,-1,1606,1619
6697,44b6_0113de3b,edge,-1,-1,-1,-1,-1,1608,1618
6698,44b6_0113de3b,edge,-1,-1,-1,-1,-1,1609,1616
6699,44b6_0113de3b,edge,-1,-1,-1,-1,-1,1610,1621
6700,44b6_0113de3b,edge,-1,-1,-1,-1,-1,1611,1625
6701,44b6_0113de3b,edge,-1,-1,-1,-1,-1,1612,1628
6702,44b6_0113de3b,edge,-1,-1,-1,-1,-1,1613,1626
6703,44b6_0113de3b,edge,-1,-1,-1,-1,-1,1614,1629
6704,44b6_0113de3b,edge,-1,-1,-1,-1,-1,1617,1630
6705,44b6_0113de3b,edge,-1,-1,-1,-1,-1,1618,1633
6706,44b6_0113de3b,edge,-1,-1,-1,-1,-1,1619,1636
6707,44b6_0113de3b,edge,-1,-1,-1,-1,-1,1620,1634
6708,44b6_0113de3b,edge,-1,-1,-1,-1,-1,1621,1632
6709,44b6_0113de3b,edge,-1,-1,-1,-1,-1,1622,1631
6710,44b6_0113de3b,edge,-1,-1,-1,-1,-1,1623,1637
6711,44b6_0113de3b,edge,-1,-1,-1,-1,-1,1625,1643
6712,44b6_0113de3b,edge,-1,-1,-1,-1,-1,1626,1642
6713,44b6_0113de3b,edge,-1,-1,-1,-1,-1,1627,1645
6714,44b6_0113de3b,edge,-1,-1,-1,-1,-1,1628,1644
6715,44b6_0113de3b,edge,-1,-1,-1,-1,-1,1629,1647
6716,44b6_0113de3b,edge,-1,-1,-1,-1,-1,1630,1656
6717,44b6_0113de3b,edge,-1,-1,-1,-1,-1,1632,1653
6718,44b6_0113de3b,edge,-1,-1,-1,-1,-1,1633,1652
6719,44b6_0113de3b,edge,-1,-1,-1,-1,-1,1634,1649
6720,44b6_0113de3b,edge,-1,-1,-1,-1,-1,1637,1657
6721,44b6_0113de3b,edge,-1,-1,-1,-1,-1,1639,1654
6722,44b6_0113de3b,edge,-1,-1,-1,-1,-1,1640,1655
6723,44b6_0113de3b,edge,-1,-1,-1,-1,-1,1641,1659
6724,44b6_0113de3b,edge,-1,-1,-1,-1,-1,1643,1660
6725,44b6_0113de3b,edge,-1,-1,-1,-1,-1,1644,1658
6726,44b6_0113de3b,edge,-1,-1,-1,-1,-1,1645,1663
6727,44b6_0113de3b,edge,-1,-1,-1,-1,-1,1647,1661
6728,44b6_0113de3b,edge,-1,-1,-1,-1,-1,1649,1664
6729,44b6_0113de3b,edge,-1,-1,-1,-1,-1,1650,1665
6730,44b6_0113de3b,edge,-1,-1,-1,-1,-1,1651,1668
6731,44b6_0113de3b,edge,-1,-1,-1,-1,-1,1655,1667
6732,44b6_0113de3b,edge,-1,-1,-1,-1,-1,1658,1674
6733,44b6_0113de3b,edge,-1,-1,-1,-1,-1,1659,1672
6734,44b6_0113de3b,edge,-1,-1,-1,-1,-1,1660,1671
6735,44b6_0113de3b,edge,-1,-1,-1,-1,-1,1661,1678
6736,44b6_0113de3b,edge,-1,-1,-1,-1,-1,1662,1676
6737,44b6_0113de3b,edge,-1,-1,-1,-1,-1,1664,1680
6738,44b6_0113de3b,edge,-1,-1,-1,-1,-1,1665,1681
6739,44b6_0113de3b,edge,-1,-1,-1,-1,-1,1667,1684
6740,44b6_0113de3b,edge,-1,-1,-1,-1,-1,1670,1690
6741,44b6_0113de3b,edge,-1,-1,-1,-1,-1,1671,1687
6742,44b6_0113de3b,edge,-1,-1,-1,-1,-1,1672,1689
6743,44b6_0113de3b,edge,-1,-1,-1,-1,-1,1673,1691
6744,44b6_0113de3b,edge,-1,-1,-1,-1,-1,1676,1696
6745,44b6_0113de3b,edge,-1,-1,-1,-1,-1,1677,1688
6746,44b6_0113de3b,edge,-1,-1,-1,-1,-1,1678,1694
6747,44b6_0113de3b,edge,-1,-1,-1,-1,-1,1679,1703
6748,44b6_0113de3b,edge,-1,-1,-1,-1,-1,1682,1697
6749,44b6_0113de3b,edge,-1,-1,-1,-1,-1,1683,1699
6750,44b6_0113de3b,edge,-1,-1,-1,-1,-1,1684,1700
6751,44b6_0113de3b,edge,-1,-1,-1,-1,-1,1687,1705
6752,44b6_0113de3b,edge,-1,-1,-1,-1,-1,1688,1706
6753,44b6_0113de3b,edge,-1,-1,-1,-1,-1,1689,1708
6754,44b6_0113de3b,edge,-1,-1,-1,-1,-1,1692,1707
6755,44b6_0113de3b,edge,-1,-1,-1,-1,-1,1693,1709
6756,44b6_0113de3b,edge,-1,-1,-1,-1,-1,1696,1711
6757,44b6_0113de3b,edge,-1,-1,-1,-1,-1,1697,1710
6758,44b6_0113de3b,edge,-1,-1,-1,-1,-1,1699,1712
6759,44b6_0113de3b,edge,-1,-1,-1,-1,-1,1700,1714
6760,44b6_0113de3b,edge,-1,-1,-1,-1,-1,1702,1716
6761,44b6_0113de3b,edge,-1,-1,-1,-1,-1,1703,1713
6762,44b6_0113de3b,edge,-1,-1,-1,-1,-1,1705,1726
6763,44b6_0113de3b,edge,-1,-1,-1,-1,-1,1706,1719
6764,44b6_0113de3b,edge,-1,-1,-1,-1,-1,1707,1723
6765,44b6_0113de3b,edge,-1,-1,-1,-1,-1,1708,1721
6766,44b6_0113de3b,edge,-1,-1,-1,-1,-1,1709,1722
6767,44b6_0113de3b,edge,-1,-1,-1,-1,-1,1710,1725
6768,44b6_0113de3b,edge,-1,-1,-1,-1,-1,1712,1731
6769,44b6_0113de3b,edge,-1,-1,-1,-1,-1,1714,1728
6770,44b6_0113de3b,edge,-1,-1,-1,-1,-1,1715,1727
6771,44b6_0113de3b,edge,-1,-1,-1,-1,-1,1719,1734
6772,44b6_0113de3b,edge,-1,-1,-1,-1,-1,1720,1736
6773,44b6_0113de3b,edge,-1,-1,-1,-1,-1,1721,1733
6774,44b6_0113de3b,edge,-1,-1,-1,-1,-1,1722,1737
6775,44b6_0113de3b,edge,-1,-1,-1,-1,-1,1723,1732
6776,44b6_0113de3b,edge,-1,-1,-1,-1,-1,1724,1738
6777,44b6_0113de3b,edge,-1,-1,-1,-1,-1,1725,1739
6778,44b6_0113de3b,edge,-1,-1,-1,-1,-1,1727,1742
6779,44b6_0113de3b,edge,-1,-1,-1,-1,-1,1728,1745
6780,44b6_0113de3b,edge,-1,-1,-1,-1,-1,1730,1740
6781,44b6_0113de3b,edge,-1,-1,-1,-1,-1,1731,1744
6782,44b6_0113de3b,edge,-1,-1,-1,-1,-1,1732,1746
6783,44b6_0113de3b,edge,-1,-1,-1,-1,-1,1735,1747
6784,44b6_0113de3b,edge,-1,-1,-1,-1,-1,1736,1748
6785,44b6_0113de3b,edge,-1,-1,-1,-1,-1,1737,1749
6786,44b6_0113de3b,edge,-1,-1,-1,-1,-1,1738,1750
6787,44b6_0113de3b,edge,-1,-1,-1,-1,-1,1739,1751
6788,44b6_0113de3b,edge,-1,-1,-1,-1,-1,1740,1753
6789,44b6_0113de3b,edge,-1,-1,-1,-1,-1,1742,1752
6790,44b6_0113de3b,edge,-1,-1,-1,-1,-1,1744,1755
6791,44b6_0113de3b,edge,-1,-1,-1,-1,-1,1745,1754
6792,44b6_0113de3b,edge,-1,-1,-1,-1,-1,1746,1757
6793,44b6_0113de3b,edge,-1,-1,-1,-1,-1,1747,1758
6794,44b6_0113de3b,edge,-1,-1,-1,-1,-1,1748,1760
6795,44b6_0113de3b,edge,-1,-1,-1,-1,-1,1749,1768
6796,44b6_0113de3b,edge,-1,-1,-1,-1,-1,1750,1766
6797,44b6_0113de3b,edge,-1,-1,-1,-1,-1,1751,1761
6798,44b6_0113de3b,edge,-1,-1,-1,-1,-1,1752,1762
6799,44b6_0113de3b,edge,-1,-1,-1,-1,-1,1753,1765
6800,44b6_0113de3b,edge,-1,-1,-1,-1,-1,1754,1767
6801,44b6_0113de3b,edge,-1,-1,-1,-1,-1,1755,1769
6802,44b6_0113de3b,edge,-1,-1,-1,-1,-1,1756,1770
6803,44b6_0113de3b,edge,-1,-1,-1,-1,-1,1757,1771
6804,44b6_0113de3b,edge,-1,-1,-1,-1,-1,1758,1773
6805,44b6_0113de3b,edge,-1,-1,-1,-1,-1,1760,1774
6806,44b6_0113de3b,edge,-1,-1,-1,-1,-1,1761,1777
6807,44b6_0113de3b,edge,-1,-1,-1,-1,-1,1762,1778
6808,44b6_0113de3b,edge,-1,-1,-1,-1,-1,1763,1776
6809,44b6_0113de3b,edge,-1,-1,-1,-1,-1,1764,1772
6810,44b6_0113de3b,edge,-1,-1,-1,-1,-1,1765,1779
6811,44b6_0b24845f,edge,-1,-1,-1,-1,-1,1,18
6812,44b6_0b24845f,edge,-1,-1,-1,-1,-1,2,19
6813,44b6_0b24845f,edge,-1,-1,-1,-1,-1,3,21
6814,44b6_0b24845f,edge,-1,-1,-1,-1,-1,4,22
6815,44b6_0b24845f,edge,-1,-1,-1,-1,-1,5,24
6816,44b6_0b24845f,edge,-1,-1,-1,-1,-1,6,25
6817,44b6_0b24845f,edge,-1,-1,-1,-1,-1,11,20
6818,44b6_0b24845f,edge,-1,-1,-1,-1,-1,12,31
6819,44b6_0b24845f,edge,-1,-1,-1,-1,-1,13,30
6820,44b6_0b24845f,edge,-1,-1,-1,-1,-1,15,29
6821,44b6_0b24845f,edge,-1,-1,-1,-1,-1,18,34
6822,44b6_0b24845f,edge,-1,-1,-1,-1,-1,20,35
6823,44b6_0b24845f,edge,-1,-1,-1,-1,-1,22,36
6824,44b6_0b24845f,edge,-1,-1,-1,-1,-1,23,37
6825,44b6_0b24845f,edge,-1,-1,-1,-1,-1,24,39
6826,44b6_0b24845f,edge,-1,-1,-1,-1,-1,26,38
6827,44b6_0b24845f,edge,-1,-1,-1,-1,-1,27,40
6828,44b6_0b24845f,edge,-1,-1,-1,-1,-1,29,41
6829,44b6_0b24845f,edge,-1,-1,-1,-1,-1,30,43
6830,44b6_0b24845f,edge,-1,-1,-1,-1,-1,32,42
6831,44b6_0b24845f,edge,-1,-1,-1,-1,-1,33,44
6832,44b6_0b24845f,edge,-1,-1,-1,-1,-1,34,47
6833,44b6_0b24845f,edge,-1,-1,-1,-1,-1,35,50
6834,44b6_0b24845f,edge,-1,-1,-1,-1,-1,36,49
6835,44b6_0b24845f,edge,-1,-1,-1,-1,-1,37,46
6836,44b6_0b24845f,edge,-1,-1,-1,-1,-1,38,45
6837,44b6_0b24845f,edge,-1,-1,-1,-1,-1,39,53
6838,44b6_0b24845f,edge,-1,-1,-1,-1,-1,40,48
6839,44b6_0b24845f,edge,-1,-1,-1,-1,-1,41,57
6840,44b6_0b24845f,edge,-1,-1,-1,-1,-1,42,54
6841,44b6_0b24845f,edge,-1,-1,-1,-1,-1,44,56
6842,44b6_0b24845f,edge,-1,-1,-1,-1,-1,46,58
6843,44b6_0b24845f,edge,-1,-1,-1,-1,-1,47,61
6844,44b6_0b24845f,edge,-1,-1,-1,-1,-1,48,60
6845,44b6_0b24845f,edge,-1,-1,-1,-1,-1,49,59
6846,44b6_0b24845f,edge,-1,-1,-1,-1,-1,52,63
6847,44b6_0b24845f,edge,-1,-1,-1,-1,-1,53,64
6848,44b6_0b24845f,edge,-1,-1,-1,-1,-1,54,65
6849,44b6_0b24845f,edge,-1,-1,-1,-1,-1,58,67
6850,44b6_0b24845f,edge,-1,-1,-1,-1,-1,59,68
6851,44b6_0b24845f,edge,-1,-1,-1,-1,-1,60,69
6852,44b6_0b24845f,edge,-1,-1,-1,-1,-1,61,72
6853,44b6_0b24845f,edge,-1,-1,-1,-1,-1,62,77
6854,44b6_0b24845f,edge,-1,-1,-1,-1,-1,63,71
6855,44b6_0b24845f,edge,-1,-1,-1,-1,-1,64,73
6856,44b6_0b24845f,edge,-1,-1,-1,-1,-1,65,76
6857,44b6_0b24845f,edge,-1,-1,-1,-1,-1,66,74
6858,44b6_0b24845f,edge,-1,-1,-1,-1,-1,68,78
6859,44b6_0b24845f,edge,-1,-1,-1,-1,-1,69,79
6860,44b6_0b24845f,edge,-1,-1,-1,-1,-1,70,81
6861,44b6_0b24845f,edge,-1,-1,-1,-1,-1,71,88
6862,44b6_0b24845f,edge,-1,-1,-1,-1,-1,72,80
6863,44b6_0b24845f,edge,-1,-1,-1,-1,-1,74,86
6864,44b6_0b24845f,edge,-1,-1,-1,-1,-1,75,85
6865,44b6_0b24845f,edge,-1,-1,-1,-1,-1,76,84
6866,44b6_0b24845f,edge,-1,-1,-1,-1,-1,78,92
6867,44b6_0b24845f,edge,-1,-1,-1,-1,-1,79,99
6868,44b6_0b24845f,edge,-1,-1,-1,-1,-1,80,91
6869,44b6_0b24845f,edge,-1,-1,-1,-1,-1,81,100
6870,44b6_0b24845f,edge,-1,-1,-1,-1,-1,82,96
6871,44b6_0b24845f,edge,-1,-1,-1,-1,-1,83,90
6872,44b6_0b24845f,edge,-1,-1,-1,-1,-1,84,102
6873,44b6_0b24845f,edge,-1,-1,-1,-1,-1,86,103
6874,44b6_0b24845f,edge,-1,-1,-1,-1,-1,87,104
6875,44b6_0b24845f,edge,-1,-1,-1,-1,-1,88,101
6876,44b6_0b24845f,edge,-1,-1,-1,-1,-1,90,110
6877,44b6_0b24845f,edge,-1,-1,-1,-1,-1,91,107
6878,44b6_0b24845f,edge,-1,-1,-1,-1,-1,93,106
6879,44b6_0b24845f,edge,-1,-1,-1,-1,-1,94,109
6880,44b6_0b24845f,edge,-1,-1,-1,-1,-1,95,113
6881,44b6_0b24845f,edge,-1,-1,-1,-1,-1,96,111
6882,44b6_0b24845f,edge,-1,-1,-1,-1,-1,97,114
6883,44b6_0b24845f,edge,-1,-1,-1,-1,-1,102,116
6884,44b6_0b24845f,edge,-1,-1,-1,-1,-1,103,118
6885,44b6_0b24845f,edge,-1,-1,-1,-1,-1,105,115
6886,44b6_0b24845f,edge,-1,-1,-1,-1,-1,106,119
6887,44b6_0b24845f,edge,-1,-1,-1,-1,-1,107,123
6888,44b6_0b24845f,edge,-1,-1,-1,-1,-1,108,125
6889,44b6_0b24845f,edge,-1,-1,-1,-1,-1,109,120
6890,44b6_0b24845f,edge,-1,-1,-1,-1,-1,110,121
6891,44b6_0b24845f,edge,-1,-1,-1,-1,-1,111,124
6892,44b6_0b24845f,edge,-1,-1,-1,-1,-1,113,127
6893,44b6_0b24845f,edge,-1,-1,-1,-1,-1,114,126
6894,44b6_0b24845f,edge,-1,-1,-1,-1,-1,116,128
6895,44b6_0b24845f,edge,-1,-1,-1,-1,-1,117,129
6896,44b6_0b24845f,edge,-1,-1,-1,-1,-1,120,137
6897,44b6_0b24845f,edge,-1,-1,-1,-1,-1,121,134
6898,44b6_0b24845f,edge,-1,-1,-1,-1,-1,122,140
6899,44b6_0b24845f,edge,-1,-1,-1,-1,-1,123,135
6900,44b6_0b24845f,edge,-1,-1,-1,-1,-1,124,138
6901,44b6_0b24845f,edge,-1,-1,-1,-1,-1,126,136
6902,44b6_0b24845f,edge,-1,-1,-1,-1,-1,130,144
6903,44b6_0b24845f,edge,-1,-1,-1,-1,-1,131,141
6904,44b6_0b24845f,edge,-1,-1,-1,-1,-1,132,143
6905,44b6_0b24845f,edge,-1,-1,-1,-1,-1,133,146
6906,44b6_0b24845f,edge,-1,-1,-1,-1,-1,134,151
6907,44b6_0b24845f,edge,-1,-1,-1,-1,-1,135,149
6908,44b6_0b24845f,edge,-1,-1,-1,-1,-1,136,150
6909,44b6_0b24845f,edge,-1,-1,-1,-1,-1,137,152
6910,44b6_0b24845f,edge,-1,-1,-1,-1,-1,138,148
6911,44b6_0b24845f,edge,-1,-1,-1,-1,-1,139,155
6912,44b6_0b24845f,edge,-1,-1,-1,-1,-1,140,154
6913,44b6_0b24845f,edge,-1,-1,-1,-1,-1,141,158
6914,44b6_0b24845f,edge,-1,-1,-1,-1,-1,142,156
6915,44b6_0b24845f,edge,-1,-1,-1,-1,-1,148,160
6916,44b6_0b24845f,edge,-1,-1,-1,-1,-1,149,162
6917,44b6_0b24845f,edge,-1,-1,-1,-1,-1,150,164
6918,44b6_0b24845f,edge,-1,-1,-1,-1,-1,151,161
6919,44b6_0b24845f,edge,-1,-1,-1,-1,-1,152,159
6920,44b6_0b24845f,edge,-1,-1,-1,-1,-1,153,163
6921,44b6_0b24845f,edge,-1,-1,-1,-1,-1,154,169
6922,44b6_0b24845f,edge,-1,-1,-1,-1,-1,155,170
6923,44b6_0b24845f,edge,-1,-1,-1,-1,-1,157,174
6924,44b6_0b24845f,edge,-1,-1,-1,-1,-1,158,171
6925,44b6_0b24845f,edge,-1,-1,-1,-1,-1,159,176
6926,44b6_0b24845f,edge,-1,-1,-1,-1,-1,160,177
6927,44b6_0b24845f,edge,-1,-1,-1,-1,-1,161,175
6928,44b6_0b24845f,edge,-1,-1,-1,-1,-1,163,180
6929,44b6_0b24845f,edge,-1,-1,-1,-1,-1,165,181
6930,44b6_0b24845f,edge,-1,-1,-1,-1,-1,166,179
6931,44b6_0b24845f,edge,-1,-1,-1,-1,-1,167,182
6932,44b6_0b24845f,edge,-1,-1,-1,-1,-1,168,178
6933,44b6_0b24845f,edge,-1,-1,-1,-1,-1,171,184
6934,44b6_0b24845f,edge,-1,-1,-1,-1,-1,172,183
6935,44b6_0b24845f,edge,-1,-1,-1,-1,-1,174,185
6936,44b6_0b24845f,edge,-1,-1,-1,-1,-1,175,193
6937,44b6_0b24845f,edge,-1,-1,-1,-1,-1,176,186
6938,44b6_0b24845f,edge,-1,-1,-1,-1,-1,177,188
6939,44b6_0b24845f,edge,-1,-1,-1,-1,-1,178,187
6940,44b6_0b24845f,edge,-1,-1,-1,-1,-1,179,189
6941,44b6_0b24845f,edge,-1,-1,-1,-1,-1,180,190
6942,44b6_0b24845f,edge,-1,-1,-1,-1,-1,181,192
6943,44b6_0b24845f,edge,-1,-1,-1,-1,-1,182,191
6944,44b6_0b24845f,edge,-1,-1,-1,-1,-1,183,197
6945,44b6_0b24845f,edge,-1,-1,-1,-1,-1,184,196
6946,44b6_0b24845f,edge,-1,-1,-1,-1,-1,185,198
6947,44b6_0b24845f,edge,-1,-1,-1,-1,-1,186,200
6948,44b6_0b24845f,edge,-1,-1,-1,-1,-1,187,201
6949,44b6_0b24845f,edge,-1,-1,-1,-1,-1,188,207
6950,44b6_0b24845f,edge,-1,-1,-1,-1,-1,189,203
6951,44b6_0b24845f,edge,-1,-1,-1,-1,-1,190,204
6952,44b6_0b24845f,edge,-1,-1,-1,-1,-1,191,205
6953,44b6_0b24845f,edge,-1,-1,-1,-1,-1,192,208
6954,44b6_0b24845f,edge,-1,-1,-1,-1,-1,194,210
6955,44b6_0b24845f,edge,-1,-1,-1,-1,-1,195,209
6956,44b6_0b24845f,edge,-1,-1,-1,-1,-1,196,211
6957,44b6_0b24845f,edge,-1,-1,-1,-1,-1,197,212
6958,44b6_0b24845f,edge,-1,-1,-1,-1,-1,198,214
6959,44b6_0b24845f,edge,-1,-1,-1,-1,-1,200,215
6960,44b6_0b24845f,edge,-1,-1,-1,-1,-1,201,216
6961,44b6_0b24845f,edge,-1,-1,-1,-1,-1,202,217
6962,44b6_0b24845f,edge,-1,-1,-1,-1,-1,203,218
6963,44b6_0b24845f,edge,-1,-1,-1,-1,-1,204,220
6964,44b6_0b24845f,edge,-1,-1,-1,-1,-1,205,222
6965,44b6_0b24845f,edge,-1,-1,-1,-1,-1,206,221
6966,44b6_0b24845f,edge,-1,-1,-1,-1,-1,210,223
6967,44b6_0b24845f,edge,-1,-1,-1,-1,-1,211,227
6968,44b6_0b24845f,edge,-1,-1,-1,-1,-1,212,225
6969,44b6_0b24845f,edge,-1,-1,-1,-1,-1,213,224
6970,44b6_0b24845f,edge,-1,-1,-1,-1,-1,214,226
6971,44b6_0b24845f,edge,-1,-1,-1,-1,-1,215,228
6972,44b6_0b24845f,edge,-1,-1,-1,-1,-1,216,229
6973,44b6_0b24845f,edge,-1,-1,-1,-1,-1,218,230
6974,44b6_0b24845f,edge,-1,-1,-1,-1,-1,219,231
6975,44b6_0b24845f,edge,-1,-1,-1,-1,-1,220,232
6976,44b6_0b24845f,edge,-1,-1,-1,-1,-1,221,233
6977,44b6_0b24845f,edge,-1,-1,-1,-1,-1,222,237
6978,44b6_0b24845f,edge,-1,-1,-1,-1,-1,223,236
6979,44b6_0b24845f,edge,-1,-1,-1,-1,-1,224,238
6980,44b6_0b24845f,edge,-1,-1,-1,-1,-1,226,239
6981,44b6_0b24845f,edge,-1,-1,-1,-1,-1,229,242
6982,44b6_0b24845f,edge,-1,-1,-1,-1,-1,230,243
6983,44b6_0b24845f,edge,-1,-1,-1,-1,-1,231,244
6984,44b6_0b24845f,edge,-1,-1,-1,-1,-1,232,245
6985,44b6_0b24845f,edge,-1,-1,-1,-1,-1,233,246
6986,44b6_0b24845f,edge,-1,-1,-1,-1,-1,234,247
6987,44b6_0b24845f,edge,-1,-1,-1,-1,-1,236,250
6988,44b6_0b24845f,edge,-1,-1,-1,-1,-1,237,241
6989,44b6_0b24845f,edge,-1,-1,-1,-1,-1,238,252
6990,44b6_0b24845f,edge,-1,-1,-1,-1,-1,239,251
6991,44b6_0b24845f,edge,-1,-1,-1,-1,-1,240,248
6992,44b6_0b24845f,edge,-1,-1,-1,-1,-1,241,255
6993,44b6_0b24845f,edge,-1,-1,-1,-1,-1,243,256
6994,44b6_0b24845f,edge,-1,-1,-1,-1,-1,244,257
6995,44b6_0b24845f,edge,-1,-1,-1,-1,-1,245,259
6996,44b6_0b24845f,edge,-1,-1,-1,-1,-1,246,258
6997,44b6_0b24845f,edge,-1,-1,-1,-1,-1,248,261
6998,44b6_0b24845f,edge,-1,-1,-1,-1,-1,249,262
6999,44b6_0b24845f,edge,-1,-1,-1,-1,-1,251,265
7000,44b6_0b24845f,edge,-1,-1,-1,-1,-1,252,263
7001,44b6_0b24845f,edge,-1,-1,-1,-1,-1,253,264
7002,44b6_0b24845f,edge,-1,-1,-1,-1,-1,255,267
7003,44b6_0b24845f,edge,-1,-1,-1,-1,-1,256,266
7004,44b6_0b24845f,edge,-1,-1,-1,-1,-1,257,270
7005,44b6_0b24845f,edge,-1,-1,-1,-1,-1,258,272
7006,44b6_0b24845f,edge,-1,-1,-1,-1,-1,259,273
7007,44b6_0b24845f,edge,-1,-1,-1,-1,-1,261,271
7008,44b6_0b24845f,edge,-1,-1,-1,-1,-1,262,274
7009,44b6_0b24845f,edge,-1,-1,-1,-1,-1,263,276
7010,44b6_0b24845f,edge,-1,-1,-1,-1,-1,264,275
7011,44b6_0b24845f,edge,-1,-1,-1,-1,-1,265,277
7012,44b6_0b24845f,edge,-1,-1,-1,-1,-1,266,279
7013,44b6_0b24845f,edge,-1,-1,-1,-1,-1,267,280
7014,44b6_0b24845f,edge,-1,-1,-1,-1,-1,268,278
7015,44b6_0b24845f,edge,-1,-1,-1,-1,-1,269,281
7016,44b6_0b24845f,edge,-1,-1,-1,-1,-1,270,282
7017,44b6_0b24845f,edge,-1,-1,-1,-1,-1,271,283
7018,44b6_0b24845f,edge,-1,-1,-1,-1,-1,272,285
7019,44b6_0b24845f,edge,-1,-1,-1,-1,-1,273,284
7020,44b6_0b24845f,edge,-1,-1,-1,-1,-1,274,288
7021,44b6_0b24845f,edge,-1,-1,-1,-1,-1,275,286
7022,44b6_0b24845f,edge,-1,-1,-1,-1,-1,276,287
7023,44b6_0b24845f,edge,-1,-1,-1,-1,-1,278,291
7024,44b6_0b24845f,edge,-1,-1,-1,-1,-1,279,290
7025,44b6_0b24845f,edge,-1,-1,-1,-1,-1,281,289
7026,44b6_0b24845f,edge,-1,-1,-1,-1,-1,282,294
7027,44b6_0b24845f,edge,-1,-1,-1,-1,-1,283,292
7028,44b6_0b24845f,edge,-1,-1,-1,-1,-1,284,295
7029,44b6_0b24845f,edge,-1,-1,-1,-1,-1,287,298
7030,44b6_0b24845f,edge,-1,-1,-1,-1,-1,288,297
7031,44b6_0b24845f,edge,-1,-1,-1,-1,-1,289,299
7032,44b6_0b24845f,edge,-1,-1,-1,-1,-1,291,300
7033,44b6_0b24845f,edge,-1,-1,-1,-1,-1,292,303
7034,44b6_0b24845f,edge,-1,-1,-1,-1,-1,293,302
7035,44b6_0b24845f,edge,-1,-1,-1,-1,-1,294,304
7036,44b6_0b24845f,edge,-1,-1,-1,-1,-1,295,305
7037,44b6_0b24845f,edge,-1,-1,-1,-1,-1,296,306
7038,44b6_0b24845f,edge,-1,-1,-1,-1,-1,297,307
7039,44b6_0b24845f,edge,-1,-1,-1,-1,-1,299,309
7040,44b6_0b24845f,edge,-1,-1,-1,-1,-1,300,310
7041,44b6_0b24845f,edge,-1,-1,-1,-1,-1,302,311
7042,44b6_0b24845f,edge,-1,-1,-1,-1,-1,303,312
7043,44b6_0b24845f,edge,-1,-1,-1,-1,-1,305,313
7044,44b6_0b24845f,edge,-1,-1,-1,-1,-1,307,314
7045,44b6_0b24845f,edge,-1,-1,-1,-1,-1,308,315
7046,44b6_0b24845f,edge,-1,-1,-1,-1,-1,309,317
7047,44b6_0b24845f,edge,-1,-1,-1,-1,-1,310,318
7048,44b6_0b24845f,edge,-1,-1,-1,-1,-1,311,319
7049,44b6_0b24845f,edge,-1,-1,-1,-1,-1,312,320
7050,44b6_0b24845f,edge,-1,-1,-1,-1,-1,313,321
7051,44b6_0b24845f,edge,-1,-1,-1,-1,-1,314,324
7052,44b6_0b24845f,edge,-1,-1,-1,-1,-1,316,327
7053,44b6_0b24845f,edge,-1,-1,-1,-1,-1,317,328
7054,44b6_0b24845f,edge,-1,-1,-1,-1,-1,318,330
7055,44b6_0b24845f,edge,-1,-1,-1,-1,-1,319,329
7056,44b6_0b24845f,edge,-1,-1,-1,-1,-1,320,333
7057,44b6_0b24845f,edge,-1,-1,-1,-1,-1,321,334
7058,44b6_0b24845f,edge,-1,-1,-1,-1,-1,322,332
7059,44b6_0b24845f,edge,-1,-1,-1,-1,-1,323,336
7060,44b6_0b24845f,edge,-1,-1,-1,-1,-1,325,338
7061,44b6_0b24845f,edge,-1,-1,-1,-1,-1,326,339
7062,44b6_0b24845f,edge,-1,-1,-1,-1,-1,327,337
7063,44b6_0b24845f,edge,-1,-1,-1,-1,-1,328,343
7064,44b6_0b24845f,edge,-1,-1,-1,-1,-1,329,340
7065,44b6_0b24845f,edge,-1,-1,-1,-1,-1,330,342
7066,44b6_0b24845f,edge,-1,-1,-1,-1,-1,331,341
7067,44b6_0b24845f,edge,-1,-1,-1,-1,-1,332,348
7068,44b6_0b24845f,edge,-1,-1,-1,-1,-1,333,346
7069,44b6_0b24845f,edge,-1,-1,-1,-1,-1,334,347
7070,44b6_0b24845f,edge,-1,-1,-1,-1,-1,335,349
7071,44b6_0b24845f,edge,-1,-1,-1,-1,-1,336,350
7072,44b6_0b24845f,edge,-1,-1,-1,-1,-1,338,351
7073,44b6_0b24845f,edge,-1,-1,-1,-1,-1,340,353
7074,44b6_0b24845f,edge,-1,-1,-1,-1,-1,341,352
7075,44b6_0b24845f,edge,-1,-1,-1,-1,-1,342,355
7076,44b6_0b24845f,edge,-1,-1,-1,-1,-1,344,354
7077,44b6_0b24845f,edge,-1,-1,-1,-1,-1,345,356
7078,44b6_0b24845f,edge,-1,-1,-1,-1,-1,346,358
7079,44b6_0b24845f,edge,-1,-1,-1,-1,-1,347,360
7080,44b6_0b24845f,edge,-1,-1,-1,-1,-1,348,357
7081,44b6_0b24845f,edge,-1,-1,-1,-1,-1,349,362
7082,44b6_0b24845f,edge,-1,-1,-1,-1,-1,351,363
7083,44b6_0b24845f,edge,-1,-1,-1,-1,-1,352,369
7084,44b6_0b24845f,edge,-1,-1,-1,-1,-1,353,366
7085,44b6_0b24845f,edge,-1,-1,-1,-1,-1,354,368
7086,44b6_0b24845f,edge,-1,-1,-1,-1,-1,355,367
7087,44b6_0b24845f,edge,-1,-1,-1,-1,-1,356,365
7088,44b6_0b24845f,edge,-1,-1,-1,-1,-1,357,371
7089,44b6_0b24845f,edge,-1,-1,-1,-1,-1,358,372
7090,44b6_0b24845f,edge,-1,-1,-1,-1,-1,359,370
7091,44b6_0b24845f,edge,-1,-1,-1,-1,-1,360,373
7092,44b6_0b24845f,edge,-1,-1,-1,-1,-1,361,375
7093,44b6_0b24845f,edge,-1,-1,-1,-1,-1,362,377
7094,44b6_0b24845f,edge,-1,-1,-1,-1,-1,363,378
7095,44b6_0b24845f,edge,-1,-1,-1,-1,-1,364,376
7096,44b6_0b24845f,edge,-1,-1,-1,-1,-1,365,380
7097,44b6_0b24845f,edge,-1,-1,-1,-1,-1,366,381
7098,44b6_0b24845f,edge,-1,-1,-1,-1,-1,367,384
7099,44b6_0b24845f,edge,-1,-1,-1,-1,-1,368,382
7100,44b6_0b24845f,edge,-1,-1,-1,-1,-1,370,386
7101,44b6_0b24845f,edge,-1,-1,-1,-1,-1,371,385
7102,44b6_0b24845f,edge,-1,-1,-1,-1,-1,372,387
7103,44b6_0b24845f,edge,-1,-1,-1,-1,-1,374,383
7104,44b6_0b24845f,edge,-1,-1,-1,-1,-1,376,390
7105,44b6_0b24845f,edge,-1,-1,-1,-1,-1,377,389
7106,44b6_0b24845f,edge,-1,-1,-1,-1,-1,379,388
7107,44b6_0b24845f,edge,-1,-1,-1,-1,-1,380,391
7108,44b6_0b24845f,edge,-1,-1,-1,-1,-1,381,394
7109,44b6_0b24845f,edge,-1,-1,-1,-1,-1,382,393
7110,44b6_0b24845f,edge,-1,-1,-1,-1,-1,383,392
7111,44b6_0b24845f,edge,-1,-1,-1,-1,-1,384,399
7112,44b6_0b24845f,edge,-1,-1,-1,-1,-1,385,396
7113,44b6_0b24845f,edge,-1,-1,-1,-1,-1,386,395
7114,44b6_0b24845f,edge,-1,-1,-1,-1,-1,387,397
7115,44b6_0b24845f,edge,-1,-1,-1,-1,-1,388,401
7116,44b6_0b24845f,edge,-1,-1,-1,-1,-1,389,400
7117,44b6_0b24845f,edge,-1,-1,-1,-1,-1,391,403
7118,44b6_0b24845f,edge,-1,-1,-1,-1,-1,392,406
7119,44b6_0b24845f,edge,-1,-1,-1,-1,-1,395,407
7120,44b6_0b24845f,edge,-1,-1,-1,-1,-1,398,404
7121,44b6_0b24845f,edge,-1,-1,-1,-1,-1,400,410
7122,44b6_0b24845f,edge,-1,-1,-1,-1,-1,401,409
7123,44b6_0b24845f,edge,-1,-1,-1,-1,-1,402,411
7124,44b6_0b24845f,edge,-1,-1,-1,-1,-1,403,412
7125,44b6_0b24845f,edge,-1,-1,-1,-1,-1,404,414
7126,44b6_0b24845f,edge,-1,-1,-1,-1,-1,405,413
7127,44b6_0b24845f,edge,-1,-1,-1,-1,-1,406,415
7128,44b6_0b24845f,edge,-1,-1,-1,-1,-1,407,416
7129,44b6_0b24845f,edge,-1,-1,-1,-1,-1,409,419
7130,44b6_0b24845f,edge,-1,-1,-1,-1,-1,410,420
7131,44b6_0b24845f,edge,-1,-1,-1,-1,-1,411,421
7132,44b6_0b24845f,edge,-1,-1,-1,-1,-1,412,425
7133,44b6_0b24845f,edge,-1,-1,-1,-1,-1,413,426
7134,44b6_0b24845f,edge,-1,-1,-1,-1,-1,415,427
7135,44b6_0b24845f,edge,-1,-1,-1,-1,-1,416,428
7136,44b6_0b24845f,edge,-1,-1,-1,-1,-1,419,430
7137,44b6_0b24845f,edge,-1,-1,-1,-1,-1,420,434
7138,44b6_0b24845f,edge,-1,-1,-1,-1,-1,422,433
7139,44b6_0b24845f,edge,-1,-1,-1,-1,-1,423,429
7140,44b6_0b24845f,edge,-1,-1,-1,-1,-1,424,432
7141,44b6_0b24845f,edge,-1,-1,-1,-1,-1,425,435
7142,44b6_0b24845f,edge,-1,-1,-1,-1,-1,426,436
7143,44b6_0b24845f,edge,-1,-1,-1,-1,-1,428,437
7144,44b6_0b24845f,edge,-1,-1,-1,-1,-1,429,438
7145,44b6_0b24845f,edge,-1,-1,-1,-1,-1,430,439
7146,44b6_0b24845f,edge,-1,-1,-1,-1,-1,431,442
7147,44b6_0b24845f,edge,-1,-1,-1,-1,-1,432,440
7148,44b6_0b24845f,edge,-1,-1,-1,-1,-1,433,443
7149,44b6_0b24845f,edge,-1,-1,-1,-1,-1,435,444
7150,44b6_0b24845f,edge,-1,-1,-1,-1,-1,436,445
7151,44b6_0b24845f,edge,-1,-1,-1,-1,-1,437,448
7152,44b6_0b24845f,edge,-1,-1,-1,-1,-1,438,447
7153,44b6_0b24845f,edge,-1,-1,-1,-1,-1,440,452
7154,44b6_0b24845f,edge,-1,-1,-1,-1,-1,441,450
7155,44b6_0b24845f,edge,-1,-1,-1,-1,-1,442,453
7156,44b6_0b24845f,edge,-1,-1,-1,-1,-1,443,454
7157,44b6_0b24845f,edge,-1,-1,-1,-1,-1,445,460
7158,44b6_0b24845f,edge,-1,-1,-1,-1,-1,446,467
7159,44b6_0b24845f,edge,-1,-1,-1,-1,-1,447,458
7160,44b6_0b24845f,edge,-1,-1,-1,-1,-1,448,459
7161,44b6_0b24845f,edge,-1,-1,-1,-1,-1,450,457
7162,44b6_0b24845f,edge,-1,-1,-1,-1,-1,452,462
7163,44b6_0b24845f,edge,-1,-1,-1,-1,-1,453,466
7164,44b6_0b24845f,edge,-1,-1,-1,-1,-1,454,464
7165,44b6_0b24845f,edge,-1,-1,-1,-1,-1,457,468
7166,44b6_0b24845f,edge,-1,-1,-1,-1,-1,458,469
7167,44b6_0b24845f,edge,-1,-1,-1,-1,-1,459,470
7168,44b6_0b24845f,edge,-1,-1,-1,-1,-1,460,471
7169,44b6_0b24845f,edge,-1,-1,-1,-1,-1,461,476
7170,44b6_0b24845f,edge,-1,-1,-1,-1,-1,462,473
7171,44b6_0b24845f,edge,-1,-1,-1,-1,-1,463,472
7172,44b6_0b24845f,edge,-1,-1,-1,-1,-1,466,475
7173,44b6_0b24845f,edge,-1,-1,-1,-1,-1,468,482
7174,44b6_0b24845f,edge,-1,-1,-1,-1,-1,469,481
7175,44b6_0b24845f,edge,-1,-1,-1,-1,-1,470,480
7176,44b6_0b24845f,edge,-1,-1,-1,-1,-1,471,483
7177,44b6_0b24845f,edge,-1,-1,-1,-1,-1,472,479
7178,44b6_0b24845f,edge,-1,-1,-1,-1,-1,473,484
7179,44b6_0b24845f,edge,-1,-1,-1,-1,-1,474,486
7180,44b6_0b24845f,edge,-1,-1,-1,-1,-1,475,485
7181,44b6_0b24845f,edge,-1,-1,-1,-1,-1,476,487
7182,44b6_0b24845f,edge,-1,-1,-1,-1,-1,478,493
7183,44b6_0b24845f,edge,-1,-1,-1,-1,-1,479,488
7184,44b6_0b24845f,edge,-1,-1,-1,-1,-1,480,490
7185,44b6_0b24845f,edge,-1,-1,-1,-1,-1,481,492
7186,44b6_0b24845f,edge,-1,-1,-1,-1,-1,482,489
7187,44b6_0b24845f,edge,-1,-1,-1,-1,-1,483,494
7188,44b6_0b24845f,edge,-1,-1,-1,-1,-1,484,496
7189,44b6_0b24845f,edge,-1,-1,-1,-1,-1,485,497
7190,44b6_0b24845f,edge,-1,-1,-1,-1,-1,486,495
7191,44b6_0b24845f,edge,-1,-1,-1,-1,-1,487,498
7192,44b6_0b24845f,edge,-1,-1,-1,-1,-1,488,500
7193,44b6_0b24845f,edge,-1,-1,-1,-1,-1,489,504
7194,44b6_0b24845f,edge,-1,-1,-1,-1,-1,490,506
7195,44b6_0b24845f,edge,-1,-1,-1,-1,-1,491,503
7196,44b6_0b24845f,edge,-1,-1,-1,-1,-1,492,507
7197,44b6_0b24845f,edge,-1,-1,-1,-1,-1,493,501
7198,44b6_0b24845f,edge,-1,-1,-1,-1,-1,494,502
7199,44b6_0b24845f,edge,-1,-1,-1,-1,-1,497,510
7200,44b6_0b24845f,edge,-1,-1,-1,-1,-1,498,511
7201,44b6_0b24845f,edge,-1,-1,-1,-1,-1,499,512
7202,44b6_0b24845f,edge,-1,-1,-1,-1,-1,500,515
7203,44b6_0b24845f,edge,-1,-1,-1,-1,-1,501,513
7204,44b6_0b24845f,edge,-1,-1,-1,-1,-1,502,519
7205,44b6_0b24845f,edge,-1,-1,-1,-1,-1,503,514
7206,44b6_0b24845f,edge,-1,-1,-1,-1,-1,505,516
7207,44b6_0b24845f,edge,-1,-1,-1,-1,-1,506,517
7208,44b6_0b24845f,edge,-1,-1,-1,-1,-1,508,518
7209,44b6_0b24845f,edge,-1,-1,-1,-1,-1,510,521
7210,44b6_0b24845f,edge,-1,-1,-1,-1,-1,511,520
7211,44b6_0b24845f,edge,-1,-1,-1,-1,-1,512,522
7212,44b6_0b24845f,edge,-1,-1,-1,-1,-1,513,524
7213,44b6_0b24845f,edge,-1,-1,-1,-1,-1,514,526
7214,44b6_0b24845f,edge,-1,-1,-1,-1,-1,515,527
7215,44b6_0b24845f,edge,-1,-1,-1,-1,-1,517,528
7216,44b6_0b24845f,edge,-1,-1,-1,-1,-1,518,531
7217,44b6_0b24845f,edge,-1,-1,-1,-1,-1,521,532
7218,44b6_0b24845f,edge,-1,-1,-1,-1,-1,522,534
7219,44b6_0b24845f,edge,-1,-1,-1,-1,-1,524,535
7220,44b6_0b24845f,edge,-1,-1,-1,-1,-1,525,538
7221,44b6_0b24845f,edge,-1,-1,-1,-1,-1,526,536
7222,44b6_0b24845f,edge,-1,-1,-1,-1,-1,527,540
7223,44b6_0b24845f,edge,-1,-1,-1,-1,-1,528,539
7224,44b6_0b24845f,edge,-1,-1,-1,-1,-1,529,537
7225,44b6_0b24845f,edge,-1,-1,-1,-1,-1,530,542
7226,44b6_0b24845f,edge,-1,-1,-1,-1,-1,531,541
7227,44b6_0b24845f,edge,-1,-1,-1,-1,-1,532,543
7228,44b6_0b24845f,edge,-1,-1,-1,-1,-1,533,546
7229,44b6_0b24845f,edge,-1,-1,-1,-1,-1,534,545
7230,44b6_0b24845f,edge,-1,-1,-1,-1,-1,535,547
7231,44b6_0b24845f,edge,-1,-1,-1,-1,-1,536,549
7232,44b6_0b24845f,edge,-1,-1,-1,-1,-1,537,548
7233,44b6_0b24845f,edge,-1,-1,-1,-1,-1,538,554
7234,44b6_0b24845f,edge,-1,-1,-1,-1,-1,539,551
7235,44b6_0b24845f,edge,-1,-1,-1,-1,-1,540,557
7236,44b6_0b24845f,edge,-1,-1,-1,-1,-1,541,552
7237,44b6_0b24845f,edge,-1,-1,-1,-1,-1,542,555
7238,44b6_0b24845f,edge,-1,-1,-1,-1,-1,543,559
7239,44b6_0b24845f,edge,-1,-1,-1,-1,-1,545,558
7240,44b6_0b24845f,edge,-1,-1,-1,-1,-1,546,556
7241,44b6_0b24845f,edge,-1,-1,-1,-1,-1,547,562
7242,44b6_0b24845f,edge,-1,-1,-1,-1,-1,549,560
7243,44b6_0b24845f,edge,-1,-1,-1,-1,-1,550,566
7244,44b6_0b24845f,edge,-1,-1,-1,-1,-1,551,564
7245,44b6_0b24845f,edge,-1,-1,-1,-1,-1,552,565
7246,44b6_0b24845f,edge,-1,-1,-1,-1,-1,553,567
7247,44b6_0b24845f,edge,-1,-1,-1,-1,-1,554,561
7248,44b6_0b24845f,edge,-1,-1,-1,-1,-1,555,570
7249,44b6_0b24845f,edge,-1,-1,-1,-1,-1,556,568
7250,44b6_0b24845f,edge,-1,-1,-1,-1,-1,557,569
7251,44b6_0b24845f,edge,-1,-1,-1,-1,-1,558,571
7252,44b6_0b24845f,edge,-1,-1,-1,-1,-1,559,573
7253,44b6_0b24845f,edge,-1,-1,-1,-1,-1,560,576
7254,44b6_0b24845f,edge,-1,-1,-1,-1,-1,561,579
7255,44b6_0b24845f,edge,-1,-1,-1,-1,-1,562,584
7256,44b6_0b24845f,edge,-1,-1,-1,-1,-1,563,577
7257,44b6_0b24845f,edge,-1,-1,-1,-1,-1,565,582
7258,44b6_0b24845f,edge,-1,-1,-1,-1,-1,566,580
7259,44b6_0b24845f,edge,-1,-1,-1,-1,-1,567,581
7260,44b6_0b24845f,edge,-1,-1,-1,-1,-1,568,583
7261,44b6_0b24845f,edge,-1,-1,-1,-1,-1,569,586
7262,44b6_0b24845f,edge,-1,-1,-1,-1,-1,570,578
7263,44b6_0b24845f,edge,-1,-1,-1,-1,-1,571,590
7264,44b6_0b24845f,edge,-1,-1,-1,-1,-1,572,589
7265,44b6_0b24845f,edge,-1,-1,-1,-1,-1,573,591
7266,44b6_0b24845f,edge,-1,-1,-1,-1,-1,574,588
7267,44b6_0b24845f,edge,-1,-1,-1,-1,-1,575,587
7268,44b6_0b24845f,edge,-1,-1,-1,-1,-1,576,593
7269,44b6_0b24845f,edge,-1,-1,-1,-1,-1,577,592
7270,44b6_0b24845f,edge,-1,-1,-1,-1,-1,578,594
7271,44b6_0b24845f,edge,-1,-1,-1,-1,-1,579,595
7272,44b6_0b24845f,edge,-1,-1,-1,-1,-1,580,596
7273,44b6_0b24845f,edge,-1,-1,-1,-1,-1,581,598
7274,44b6_0b24845f,edge,-1,-1,-1,-1,-1,582,599
7275,44b6_0b24845f,edge,-1,-1,-1,-1,-1,585,600
7276,44b6_0b24845f,edge,-1,-1,-1,-1,-1,586,601
7277,44b6_0b24845f,edge,-1,-1,-1,-1,-1,587,602
7278,44b6_0b24845f,edge,-1,-1,-1,-1,-1,588,603
7279,44b6_0b24845f,edge,-1,-1,-1,-1,-1,592,605
7280,44b6_0b24845f,edge,-1,-1,-1,-1,-1,593,606
7281,44b6_0b24845f,edge,-1,-1,-1,-1,-1,594,607
7282,44b6_0b24845f,edge,-1,-1,-1,-1,-1,595,608
7283,44b6_0b24845f,edge,-1,-1,-1,-1,-1,598,609
7284,44b6_0b24845f,edge,-1,-1,-1,-1,-1,600,610
7285,44b6_0b24845f,edge,-1,-1,-1,-1,-1,602,612
7286,44b6_0b24845f,edge,-1,-1,-1,-1,-1,603,617
7287,44b6_0b24845f,edge,-1,-1,-1,-1,-1,604,615
7288,44b6_0b24845f,edge,-1,-1,-1,-1,-1,605,618
7289,44b6_0b24845f,edge,-1,-1,-1,-1,-1,606,619
7290,44b6_0b24845f,edge,-1,-1,-1,-1,-1,607,620
7291,44b6_0b24845f,edge,-1,-1,-1,-1,-1,609,622
7292,44b6_0b24845f,edge,-1,-1,-1,-1,-1,610,623
7293,44b6_0b24845f,edge,-1,-1,-1,-1,-1,611,621
7294,44b6_0b24845f,edge,-1,-1,-1,-1,-1,612,626
7295,44b6_0b24845f,edge,-1,-1,-1,-1,-1,614,627
7296,44b6_0b24845f,edge,-1,-1,-1,-1,-1,615,625
7297,44b6_0b24845f,edge,-1,-1,-1,-1,-1,616,628
7298,44b6_0b24845f,edge,-1,-1,-1,-1,-1,618,635
7299,44b6_0b24845f,edge,-1,-1,-1,-1,-1,619,630
7300,44b6_0b24845f,edge,-1,-1,-1,-1,-1,620,634
7301,44b6_0b24845f,edge,-1,-1,-1,-1,-1,621,633
7302,44b6_0b24845f,edge,-1,-1,-1,-1,-1,622,638
7303,44b6_0b24845f,edge,-1,-1,-1,-1,-1,623,636
7304,44b6_0b24845f,edge,-1,-1,-1,-1,-1,624,640
7305,44b6_0b24845f,edge,-1,-1,-1,-1,-1,625,641
7306,44b6_0b24845f,edge,-1,-1,-1,-1,-1,626,642
7307,44b6_0b24845f,edge,-1,-1,-1,-1,-1,627,644
7308,44b6_0b24845f,edge,-1,-1,-1,-1,-1,628,643
7309,44b6_0b24845f,edge,-1,-1,-1,-1,-1,630,660
7310,44b6_0b24845f,edge,-1,-1,-1,-1,-1,631,646
7311,44b6_0b24845f,edge,-1,-1,-1,-1,-1,632,656
7312,44b6_0b24845f,edge,-1,-1,-1,-1,-1,633,648
7313,44b6_0b24845f,edge,-1,-1,-1,-1,-1,635,647
7314,44b6_0b24845f,edge,-1,-1,-1,-1,-1,636,651
7315,44b6_0b24845f,edge,-1,-1,-1,-1,-1,637,654
7316,44b6_0b24845f,edge,-1,-1,-1,-1,-1,638,655
7317,44b6_0b24845f,edge,-1,-1,-1,-1,-1,639,652
7318,44b6_0b24845f,edge,-1,-1,-1,-1,-1,640,649
7319,44b6_0b24845f,edge,-1,-1,-1,-1,-1,641,658
7320,44b6_0b24845f,edge,-1,-1,-1,-1,-1,642,663
7321,44b6_0b24845f,edge,-1,-1,-1,-1,-1,643,662
7322,44b6_0b24845f,edge,-1,-1,-1,-1,-1,644,661
7323,44b6_0b24845f,edge,-1,-1,-1,-1,-1,645,665
7324,44b6_0b24845f,edge,-1,-1,-1,-1,-1,646,666
7325,44b6_0b24845f,edge,-1,-1,-1,-1,-1,647,667
7326,44b6_0b24845f,edge,-1,-1,-1,-1,-1,649,674
7327,44b6_0b24845f,edge,-1,-1,-1,-1,-1,650,670
7328,44b6_0b24845f,edge,-1,-1,-1,-1,-1,651,675
7329,44b6_0b24845f,edge,-1,-1,-1,-1,-1,652,671
7330,44b6_0b24845f,edge,-1,-1,-1,-1,-1,653,669
7331,44b6_0b24845f,edge,-1,-1,-1,-1,-1,654,668
7332,44b6_0b24845f,edge,-1,-1,-1,-1,-1,656,673
7333,44b6_0b24845f,edge,-1,-1,-1,-1,-1,657,676
7334,44b6_0b24845f,edge,-1,-1,-1,-1,-1,658,677
7335,44b6_0b24845f,edge,-1,-1,-1,-1,-1,659,678
7336,44b6_0b24845f,edge,-1,-1,-1,-1,-1,661,680
7337,44b6_0b24845f,edge,-1,-1,-1,-1,-1,662,679
7338,44b6_0b24845f,edge,-1,-1,-1,-1,-1,665,681
7339,44b6_0b24845f,edge,-1,-1,-1,-1,-1,666,684
7340,44b6_0b24845f,edge,-1,-1,-1,-1,-1,667,683
7341,44b6_0b24845f,edge,-1,-1,-1,-1,-1,668,682
7342,44b6_0b24845f,edge,-1,-1,-1,-1,-1,669,686
7343,44b6_0b24845f,edge,-1,-1,-1,-1,-1,670,687
7344,44b6_0b24845f,edge,-1,-1,-1,-1,-1,671,688
7345,44b6_0b24845f,edge,-1,-1,-1,-1,-1,673,689
7346,44b6_0b24845f,edge,-1,-1,-1,-1,-1,675,692
7347,44b6_0b24845f,edge,-1,-1,-1,-1,-1,676,691
7348,44b6_0b24845f,edge,-1,-1,-1,-1,-1,677,693
7349,44b6_0b24845f,edge,-1,-1,-1,-1,-1,678,694
7350,44b6_0b24845f,edge,-1,-1,-1,-1,-1,679,695
7351,44b6_0b24845f,edge,-1,-1,-1,-1,-1,681,696
7352,44b6_0b24845f,edge,-1,-1,-1,-1,-1,682,697
7353,44b6_0b24845f,edge,-1,-1,-1,-1,-1,683,700
7354,44b6_0b24845f,edge,-1,-1,-1,-1,-1,684,699
7355,44b6_0b24845f,edge,-1,-1,-1,-1,-1,685,698
7356,44b6_0b24845f,edge,-1,-1,-1,-1,-1,686,703
7357,44b6_0b24845f,edge,-1,-1,-1,-1,-1,687,704
7358,44b6_0b24845f,edge,-1,-1,-1,-1,-1,688,702
7359,44b6_0b24845f,edge,-1,-1,-1,-1,-1,689,701
7360,44b6_0b24845f,edge,-1,-1,-1,-1,-1,691,705
7361,44b6_0b24845f,edge,-1,-1,-1,-1,-1,692,706
7362,44b6_0b24845f,edge,-1,-1,-1,-1,-1,693,707
7363,44b6_0b24845f,edge,-1,-1,-1,-1,-1,694,709
7364,44b6_0b24845f,edge,-1,-1,-1,-1,-1,695,708
7365,44b6_0b24845f,edge,-1,-1,-1,-1,-1,697,712
7366,44b6_0b24845f,edge,-1,-1,-1,-1,-1,698,711
7367,44b6_0b24845f,edge,-1,-1,-1,-1,-1,699,717
7368,44b6_0b24845f,edge,-1,-1,-1,-1,-1,700,719
7369,44b6_0b24845f,edge,-1,-1,-1,-1,-1,701,713
7370,44b6_0b24845f,edge,-1,-1,-1,-1,-1,702,716
7371,44b6_0b24845f,edge,-1,-1,-1,-1,-1,703,715
7372,44b6_0b24845f,edge,-1,-1,-1,-1,-1,704,714
7373,44b6_0b24845f,edge,-1,-1,-1,-1,-1,705,720
7374,44b6_0b24845f,edge,-1,-1,-1,-1,-1,706,718
7375,44b6_0b24845f,edge,-1,-1,-1,-1,-1,707,721
7376,44b6_0b24845f,edge,-1,-1,-1,-1,-1,711,723
7377,44b6_0b24845f,edge,-1,-1,-1,-1,-1,712,724
7378,44b6_0b24845f,edge,-1,-1,-1,-1,-1,713,727
7379,44b6_0b24845f,edge,-1,-1,-1,-1,-1,714,730
7380,44b6_0b24845f,edge,-1,-1,-1,-1,-1,715,728
7381,44b6_0b24845f,edge,-1,-1,-1,-1,-1,716,729
7382,44b6_0b24845f,edge,-1,-1,-1,-1,-1,717,726
7383,44b6_0b24845f,edge,-1,-1,-1,-1,-1,720,732
7384,44b6_0b24845f,edge,-1,-1,-1,-1,-1,721,733
7385,44b6_0b24845f,edge,-1,-1,-1,-1,-1,722,736
7386,44b6_0b24845f,edge,-1,-1,-1,-1,-1,723,738
7387,44b6_0b24845f,edge,-1,-1,-1,-1,-1,724,737
7388,44b6_0b24845f,edge,-1,-1,-1,-1,-1,726,739
7389,44b6_0b24845f,edge,-1,-1,-1,-1,-1,728,741
7390,44b6_0b24845f,edge,-1,-1,-1,-1,-1,729,740
7391,44b6_0b24845f,edge,-1,-1,-1,-1,-1,730,742
7392,44b6_0b24845f,edge,-1,-1,-1,-1,-1,732,747
7393,44b6_0b24845f,edge,-1,-1,-1,-1,-1,733,744
7394,44b6_0b24845f,edge,-1,-1,-1,-1,-1,734,746
7395,44b6_0b24845f,edge,-1,-1,-1,-1,-1,735,748
7396,44b6_0b24845f,edge,-1,-1,-1,-1,-1,736,749
7397,44b6_0b24845f,edge,-1,-1,-1,-1,-1,737,751
7398,44b6_0b24845f,edge,-1,-1,-1,-1,-1,738,752
7399,44b6_0b24845f,edge,-1,-1,-1,-1,-1,740,754
7400,44b6_0b24845f,edge,-1,-1,-1,-1,-1,741,755
7401,44b6_0b24845f,edge,-1,-1,-1,-1,-1,743,756
7402,44b6_0b24845f,edge,-1,-1,-1,-1,-1,744,757
7403,44b6_0b24845f,edge,-1,-1,-1,-1,-1,745,758
7404,44b6_0b24845f,edge,-1,-1,-1,-1,-1,746,759
7405,44b6_0b24845f,edge,-1,-1,-1,-1,-1,747,760
7406,44b6_0b24845f,edge,-1,-1,-1,-1,-1,748,764
7407,44b6_0b24845f,edge,-1,-1,-1,-1,-1,749,761
7408,44b6_0b24845f,edge,-1,-1,-1,-1,-1,751,771
7409,44b6_0b24845f,edge,-1,-1,-1,-1,-1,752,766
7410,44b6_0b24845f,edge,-1,-1,-1,-1,-1,753,765
7411,44b6_0b24845f,edge,-1,-1,-1,-1,-1,754,768
7412,44b6_0b24845f,edge,-1,-1,-1,-1,-1,755,770
7413,44b6_0b24845f,edge,-1,-1,-1,-1,-1,756,769
7414,44b6_0b24845f,edge,-1,-1,-1,-1,-1,757,772
7415,44b6_0b24845f,edge,-1,-1,-1,-1,-1,759,773
7416,44b6_0b24845f,edge,-1,-1,-1,-1,-1,761,774
7417,44b6_0b24845f,edge,-1,-1,-1,-1,-1,762,776
7418,44b6_0b24845f,edge,-1,-1,-1,-1,-1,764,775
7419,44b6_0b24845f,edge,-1,-1,-1,-1,-1,766,778
7420,44b6_0b24845f,edge,-1,-1,-1,-1,-1,767,781
7421,44b6_0b24845f,edge,-1,-1,-1,-1,-1,769,783
7422,44b6_0b24845f,edge,-1,-1,-1,-1,-1,770,782
7423,44b6_0b24845f,edge,-1,-1,-1,-1,-1,771,779
7424,44b6_0b24845f,edge,-1,-1,-1,-1,-1,772,784
7425,44b6_0b24845f,edge,-1,-1,-1,-1,-1,773,787
7426,44b6_0b24845f,edge,-1,-1,-1,-1,-1,774,786
7427,44b6_0b24845f,edge,-1,-1,-1,-1,-1,775,790
7428,44b6_0b24845f,edge,-1,-1,-1,-1,-1,776,788
7429,44b6_0b24845f,edge,-1,-1,-1,-1,-1,777,780
7430,44b6_0b24845f,edge,-1,-1,-1,-1,-1,778,792
7431,44b6_0b24845f,edge,-1,-1,-1,-1,-1,780,795
7432,44b6_0b24845f,edge,-1,-1,-1,-1,-1,781,794
7433,44b6_0b24845f,edge,-1,-1,-1,-1,-1,782,796
7434,44b6_0b24845f,edge,-1,-1,-1,-1,-1,783,797
7435,44b6_0b24845f,edge,-1,-1,-1,-1,-1,784,799
7436,44b6_0b24845f,edge,-1,-1,-1,-1,-1,786,800
7437,44b6_0b24845f,edge,-1,-1,-1,-1,-1,787,802
7438,44b6_0b24845f,edge,-1,-1,-1,-1,-1,788,801
7439,44b6_0b24845f,edge,-1,-1,-1,-1,-1,792,804
7440,44b6_0b24845f,edge,-1,-1,-1,-1,-1,793,805
7441,44b6_0b24845f,edge,-1,-1,-1,-1,-1,794,803
7442,44b6_0b24845f,edge,-1,-1,-1,-1,-1,796,807
7443,44b6_0b24845f,edge,-1,-1,-1,-1,-1,798,808
7444,44b6_0b24845f,edge,-1,-1,-1,-1,-1,800,810
7445,44b6_0b24845f,edge,-1,-1,-1,-1,-1,801,812
7446,44b6_0b24845f,edge,-1,-1,-1,-1,-1,802,811
7447,44b6_0b24845f,edge,-1,-1,-1,-1,-1,803,815
7448,44b6_0b24845f,edge,-1,-1,-1,-1,-1,804,816
7449,44b6_0b24845f,edge,-1,-1,-1,-1,-1,805,817
7450,44b6_0b24845f,edge,-1,-1,-1,-1,-1,807,819
7451,44b6_0b24845f,edge,-1,-1,-1,-1,-1,808,818
7452,44b6_0b24845f,edge,-1,-1,-1,-1,-1,809,824
7453,44b6_0b24845f,edge,-1,-1,-1,-1,-1,810,821
7454,44b6_0b24845f,edge,-1,-1,-1,-1,-1,811,823
7455,44b6_0b24845f,edge,-1,-1,-1,-1,-1,812,825
7456,44b6_0b24845f,edge,-1,-1,-1,-1,-1,813,820
7457,44b6_0b24845f,edge,-1,-1,-1,-1,-1,814,826
7458,44b6_0b24845f,edge,-1,-1,-1,-1,-1,815,828
7459,44b6_0b24845f,edge,-1,-1,-1,-1,-1,816,827
7460,44b6_0b24845f,edge,-1,-1,-1,-1,-1,817,829
7461,44b6_0b24845f,edge,-1,-1,-1,-1,-1,818,831
7462,44b6_0b24845f,edge,-1,-1,-1,-1,-1,819,832
7463,44b6_0b24845f,edge,-1,-1,-1,-1,-1,820,835
7464,44b6_0b24845f,edge,-1,-1,-1,-1,-1,821,837
7465,44b6_0b24845f,edge,-1,-1,-1,-1,-1,823,836
7466,44b6_0b24845f,edge,-1,-1,-1,-1,-1,825,839
7467,44b6_0b24845f,edge,-1,-1,-1,-1,-1,826,841
7468,44b6_0b24845f,edge,-1,-1,-1,-1,-1,827,842
7469,44b6_0b24845f,edge,-1,-1,-1,-1,-1,828,840
7470,44b6_0b24845f,edge,-1,-1,-1,-1,-1,830,843
7471,44b6_0b24845f,edge,-1,-1,-1,-1,-1,831,845
7472,44b6_0b24845f,edge,-1,-1,-1,-1,-1,832,846
7473,44b6_0b24845f,edge,-1,-1,-1,-1,-1,833,844
7474,44b6_0b24845f,edge,-1,-1,-1,-1,-1,835,848
7475,44b6_0b24845f,edge,-1,-1,-1,-1,-1,836,850
7476,44b6_0b24845f,edge,-1,-1,-1,-1,-1,837,849
7477,44b6_0b24845f,edge,-1,-1,-1,-1,-1,839,852
7478,44b6_0b24845f,edge,-1,-1,-1,-1,-1,840,853
7479,44b6_0b24845f,edge,-1,-1,-1,-1,-1,841,858
7480,44b6_0b24845f,edge,-1,-1,-1,-1,-1,842,859
7481,44b6_0b24845f,edge,-1,-1,-1,-1,-1,843,854
7482,44b6_0b24845f,edge,-1,-1,-1,-1,-1,844,861
7483,44b6_0b24845f,edge,-1,-1,-1,-1,-1,845,862
7484,44b6_0b24845f,edge,-1,-1,-1,-1,-1,846,856
7485,44b6_0b24845f,edge,-1,-1,-1,-1,-1,847,865
7486,44b6_0b24845f,edge,-1,-1,-1,-1,-1,848,864
7487,44b6_0b24845f,edge,-1,-1,-1,-1,-1,849,867
7488,44b6_0b24845f,edge,-1,-1,-1,-1,-1,850,866
7489,44b6_0b24845f,edge,-1,-1,-1,-1,-1,853,871
7490,44b6_0b24845f,edge,-1,-1,-1,-1,-1,855,872
7491,44b6_0b24845f,edge,-1,-1,-1,-1,-1,856,874
7492,44b6_0b24845f,edge,-1,-1,-1,-1,-1,857,876
7493,44b6_0b24845f,edge,-1,-1,-1,-1,-1,858,879
7494,44b6_0b24845f,edge,-1,-1,-1,-1,-1,859,873
7495,44b6_0b24845f,edge,-1,-1,-1,-1,-1,861,877
7496,44b6_0b24845f,edge,-1,-1,-1,-1,-1,862,875
7497,44b6_0b24845f,edge,-1,-1,-1,-1,-1,864,881
7498,44b6_0b24845f,edge,-1,-1,-1,-1,-1,865,880
7499,44b6_0b24845f,edge,-1,-1,-1,-1,-1,866,883
7500,44b6_0b24845f,edge,-1,-1,-1,-1,-1,867,884
7501,44b6_0b24845f,edge,-1,-1,-1,-1,-1,868,885
7502,44b6_0b24845f,edge,-1,-1,-1,-1,-1,871,886
7503,44b6_0b24845f,edge,-1,-1,-1,-1,-1,872,888
7504,44b6_0b24845f,edge,-1,-1,-1,-1,-1,873,887
7505,44b6_0b24845f,edge,-1,-1,-1,-1,-1,874,889
7506,44b6_0b24845f,edge,-1,-1,-1,-1,-1,875,896
7507,44b6_0b24845f,edge,-1,-1,-1,-1,-1,876,894
7508,44b6_0b24845f,edge,-1,-1,-1,-1,-1,877,892
7509,44b6_0b24845f,edge,-1,-1,-1,-1,-1,878,893
7510,44b6_0b24845f,edge,-1,-1,-1,-1,-1,879,890
7511,44b6_0b24845f,edge,-1,-1,-1,-1,-1,880,897
7512,44b6_0b24845f,edge,-1,-1,-1,-1,-1,881,898
7513,44b6_0b24845f,edge,-1,-1,-1,-1,-1,882,895
7514,44b6_0b24845f,edge,-1,-1,-1,-1,-1,883,900
7515,44b6_0b24845f,edge,-1,-1,-1,-1,-1,884,902
7516,44b6_0b24845f,edge,-1,-1,-1,-1,-1,885,901
7517,44b6_0b24845f,edge,-1,-1,-1,-1,-1,886,904
7518,44b6_0b24845f,edge,-1,-1,-1,-1,-1,887,905
7519,44b6_0b24845f,edge,-1,-1,-1,-1,-1,888,910
7520,44b6_0b24845f,edge,-1,-1,-1,-1,-1,889,906
7521,44b6_0b24845f,edge,-1,-1,-1,-1,-1,891,907
7522,44b6_0b24845f,edge,-1,-1,-1,-1,-1,892,911
7523,44b6_0b24845f,edge,-1,-1,-1,-1,-1,893,912
7524,44b6_0b24845f,edge,-1,-1,-1,-1,-1,894,914
7525,44b6_0b24845f,edge,-1,-1,-1,-1,-1,895,915
7526,44b6_0b24845f,edge,-1,-1,-1,-1,-1,897,917
7527,44b6_0b24845f,edge,-1,-1,-1,-1,-1,900,918
7528,44b6_0b24845f,edge,-1,-1,-1,-1,-1,901,919
7529,44b6_0b24845f,edge,-1,-1,-1,-1,-1,902,921
7530,44b6_0b24845f,edge,-1,-1,-1,-1,-1,903,920
7531,44b6_0b24845f,edge,-1,-1,-1,-1,-1,904,928
7532,44b6_0b24845f,edge,-1,-1,-1,-1,-1,905,925
7533,44b6_0b24845f,edge,-1,-1,-1,-1,-1,906,926
7534,44b6_0b24845f,edge,-1,-1,-1,-1,-1,907,927
7535,44b6_0b24845f,edge,-1,-1,-1,-1,-1,908,933
7536,44b6_0b24845f,edge,-1,-1,-1,-1,-1,909,923
7537,44b6_0b24845f,edge,-1,-1,-1,-1,-1,910,924
7538,44b6_0b24845f,edge,-1,-1,-1,-1,-1,911,930
7539,44b6_0b24845f,edge,-1,-1,-1,-1,-1,912,931
7540,44b6_0b24845f,edge,-1,-1,-1,-1,-1,913,932
7541,44b6_0b24845f,edge,-1,-1,-1,-1,-1,914,929
7542,44b6_0b24845f,edge,-1,-1,-1,-1,-1,915,935
7543,44b6_0b24845f,edge,-1,-1,-1,-1,-1,916,934
7544,44b6_0b24845f,edge,-1,-1,-1,-1,-1,917,944
7545,44b6_0b24845f,edge,-1,-1,-1,-1,-1,918,938
7546,44b6_0b24845f,edge,-1,-1,-1,-1,-1,919,939
7547,44b6_0b24845f,edge,-1,-1,-1,-1,-1,920,937
7548,44b6_0b24845f,edge,-1,-1,-1,-1,-1,922,941
7549,44b6_0b24845f,edge,-1,-1,-1,-1,-1,923,946
7550,44b6_0b24845f,edge,-1,-1,-1,-1,-1,924,945
7551,44b6_0b24845f,edge,-1,-1,-1,-1,-1,925,947
7552,44b6_0b24845f,edge,-1,-1,-1,-1,-1,926,949
7553,44b6_0b24845f,edge,-1,-1,-1,-1,-1,927,950
7554,44b6_0b24845f,edge,-1,-1,-1,-1,-1,928,954
7555,44b6_0b24845f,edge,-1,-1,-1,-1,-1,929,948
7556,44b6_0b24845f,edge,-1,-1,-1,-1,-1,930,952
7557,44b6_0b24845f,edge,-1,-1,-1,-1,-1,931,953
7558,44b6_0b24845f,edge,-1,-1,-1,-1,-1,936,956
7559,44b6_0b24845f,edge,-1,-1,-1,-1,-1,937,962
7560,44b6_0b24845f,edge,-1,-1,-1,-1,-1,938,958
7561,44b6_0b24845f,edge,-1,-1,-1,-1,-1,939,959
7562,44b6_0b24845f,edge,-1,-1,-1,-1,-1,941,960
7563,44b6_0b24845f,edge,-1,-1,-1,-1,-1,942,961
7564,44b6_0b24845f,edge,-1,-1,-1,-1,-1,943,963
7565,44b6_0b24845f,edge,-1,-1,-1,-1,-1,945,965
7566,44b6_0b24845f,edge,-1,-1,-1,-1,-1,946,966
7567,44b6_0b24845f,edge,-1,-1,-1,-1,-1,947,968
7568,44b6_0b24845f,edge,-1,-1,-1,-1,-1,948,967
7569,44b6_0b24845f,edge,-1,-1,-1,-1,-1,949,969
7570,44b6_0b24845f,edge,-1,-1,-1,-1,-1,950,970
7571,44b6_0b24845f,edge,-1,-1,-1,-1,-1,952,971
7572,44b6_0b24845f,edge,-1,-1,-1,-1,-1,953,973
7573,44b6_0b24845f,edge,-1,-1,-1,-1,-1,955,974
7574,44b6_0b24845f,edge,-1,-1,-1,-1,-1,956,982
7575,44b6_0b24845f,edge,-1,-1,-1,-1,-1,957,972
7576,44b6_0b24845f,edge,-1,-1,-1,-1,-1,958,978
7577,44b6_0b24845f,edge,-1,-1,-1,-1,-1,959,977
7578,44b6_0b24845f,edge,-1,-1,-1,-1,-1,960,980
7579,44b6_0b24845f,edge,-1,-1,-1,-1,-1,961,979
7580,44b6_0b24845f,edge,-1,-1,-1,-1,-1,964,981
7581,44b6_0b24845f,edge,-1,-1,-1,-1,-1,965,983
7582,44b6_0b24845f,edge,-1,-1,-1,-1,-1,966,984
7583,44b6_0b24845f,edge,-1,-1,-1,-1,-1,967,985
7584,44b6_0b24845f,edge,-1,-1,-1,-1,-1,968,991
7585,44b6_0b24845f,edge,-1,-1,-1,-1,-1,969,986
7586,44b6_0b24845f,edge,-1,-1,-1,-1,-1,970,988
7587,44b6_0b24845f,edge,-1,-1,-1,-1,-1,971,989
7588,44b6_0b24845f,edge,-1,-1,-1,-1,-1,972,987
7589,44b6_0b24845f,edge,-1,-1,-1,-1,-1,973,990
7590,44b6_0b24845f,edge,-1,-1,-1,-1,-1,974,992
7591,44b6_0b24845f,edge,-1,-1,-1,-1,-1,976,993
7592,44b6_0b24845f,edge,-1,-1,-1,-1,-1,977,994
7593,44b6_0b24845f,edge,-1,-1,-1,-1,-1,978,998
7594,44b6_0b24845f,edge,-1,-1,-1,-1,-1,979,997
7595,44b6_0b24845f,edge,-1,-1,-1,-1,-1,980,1000
7596,44b6_0b24845f,edge,-1,-1,-1,-1,-1,981,999
7597,44b6_0b24845f,edge,-1,-1,-1,-1,-1,983,1001
7598,44b6_0b24845f,edge,-1,-1,-1,-1,-1,984,1006
7599,44b6_0b24845f,edge,-1,-1,-1,-1,-1,985,1002
7600,44b6_0b24845f,edge,-1,-1,-1,-1,-1,986,1003
7601,44b6_0b24845f,edge,-1,-1,-1,-1,-1,987,1005
7602,44b6_0b24845f,edge,-1,-1,-1,-1,-1,988,1007
7603,44b6_0b24845f,edge,-1,-1,-1,-1,-1,989,1008
7604,44b6_0b24845f,edge,-1,-1,-1,-1,-1,990,1009
7605,44b6_0b24845f,edge,-1,-1,-1,-1,-1,992,1004
7606,44b6_0b24845f,edge,-1,-1,-1,-1,-1,993,1016
7607,44b6_0b24845f,edge,-1,-1,-1,-1,-1,994,1013
7608,44b6_0b24845f,edge,-1,-1,-1,-1,-1,996,1011
7609,44b6_0b24845f,edge,-1,-1,-1,-1,-1,997,1012
7610,44b6_0b24845f,edge,-1,-1,-1,-1,-1,998,1015
7611,44b6_0b24845f,edge,-1,-1,-1,-1,-1,999,1014
7612,44b6_0b24845f,edge,-1,-1,-1,-1,-1,1001,1020
7613,44b6_0b24845f,edge,-1,-1,-1,-1,-1,1002,1019
7614,44b6_0b24845f,edge,-1,-1,-1,-1,-1,1004,1017
7615,44b6_0b24845f,edge,-1,-1,-1,-1,-1,1005,1018
7616,44b6_0b24845f,edge,-1,-1,-1,-1,-1,1006,1024
7617,44b6_0b24845f,edge,-1,-1,-1,-1,-1,1007,1021
7618,44b6_0b24845f,edge,-1,-1,-1,-1,-1,1008,1022
7619,44b6_0b24845f,edge,-1,-1,-1,-1,-1,1009,1023
7620,44b6_0b24845f,edge,-1,-1,-1,-1,-1,1010,1026
7621,44b6_0b24845f,edge,-1,-1,-1,-1,-1,1011,1030
7622,44b6_0b24845f,edge,-1,-1,-1,-1,-1,1012,1031
7623,44b6_0b24845f,edge,-1,-1,-1,-1,-1,1013,1029
7624,44b6_0b24845f,edge,-1,-1,-1,-1,-1,1017,1034
7625,44b6_0b24845f,edge,-1,-1,-1,-1,-1,1018,1045
7626,44b6_0b24845f,edge,-1,-1,-1,-1,-1,1019,1033
7627,44b6_0b24845f,edge,-1,-1,-1,-1,-1,1020,1035
7628,44b6_0b24845f,edge,-1,-1,-1,-1,-1,1021,1038
7629,44b6_0b24845f,edge,-1,-1,-1,-1,-1,1022,1039
7630,44b6_0b24845f,edge,-1,-1,-1,-1,-1,1023,1042
7631,44b6_0b24845f,edge,-1,-1,-1,-1,-1,1024,1043
7632,44b6_0b24845f,edge,-1,-1,-1,-1,-1,1025,1040
7633,44b6_0b24845f,edge,-1,-1,-1,-1,-1,1026,1047
7634,44b6_0b24845f,edge,-1,-1,-1,-1,-1,1028,1048
7635,44b6_0b24845f,edge,-1,-1,-1,-1,-1,1029,1050
7636,44b6_0b24845f,edge,-1,-1,-1,-1,-1,1030,1049
7637,44b6_0b24845f,edge,-1,-1,-1,-1,-1,1031,1044
7638,44b6_0b24845f,edge,-1,-1,-1,-1,-1,1035,1054
7639,44b6_0b24845f,edge,-1,-1,-1,-1,-1,1036,1053
7640,44b6_0b24845f,edge,-1,-1,-1,-1,-1,1037,1055
7641,44b6_0b24845f,edge,-1,-1,-1,-1,-1,1038,1056
7642,44b6_0b24845f,edge,-1,-1,-1,-1,-1,1039,1058
7643,44b6_0b24845f,edge,-1,-1,-1,-1,-1,1040,1057
7644,44b6_0b24845f,edge,-1,-1,-1,-1,-1,1041,1059
7645,44b6_0b24845f,edge,-1,-1,-1,-1,-1,1044,1060
7646,44b6_0b24845f,edge,-1,-1,-1,-1,-1,1047,1061
7647,44b6_0b24845f,edge,-1,-1,-1,-1,-1,1048,1062
7648,44b6_0b24845f,edge,-1,-1,-1,-1,-1,1050,1064
7649,44b6_0b24845f,edge,-1,-1,-1,-1,-1,1051,1063
7650,44b6_0b24845f,edge,-1,-1,-1,-1,-1,1053,1069
7651,44b6_0b24845f,edge,-1,-1,-1,-1,-1,1054,1071
7652,44b6_0b24845f,edge,-1,-1,-1,-1,-1,1055,1070
7653,44b6_0b24845f,edge,-1,-1,-1,-1,-1,1056,1075
7654,44b6_0b24845f,edge,-1,-1,-1,-1,-1,1057,1074
7655,44b6_0b24845f,edge,-1,-1,-1,-1,-1,1059,1073
7656,44b6_0b24845f,edge,-1,-1,-1,-1,-1,1060,1077
7657,44b6_0b24845f,edge,-1,-1,-1,-1,-1,1061,1079
7658,44b6_0b24845f,edge,-1,-1,-1,-1,-1,1062,1078
7659,44b6_0b24845f,edge,-1,-1,-1,-1,-1,1063,1080
7660,44b6_0b24845f,edge,-1,-1,-1,-1,-1,1064,1081
7661,44b6_0b24845f,edge,-1,-1,-1,-1,-1,1065,1083
7662,44b6_0b24845f,edge,-1,-1,-1,-1,-1,1066,1082
7663,44b6_0b24845f,edge,-1,-1,-1,-1,-1,1068,1084
7664,44b6_0b24845f,edge,-1,-1,-1,-1,-1,1069,1086
7665,44b6_0b24845f,edge,-1,-1,-1,-1,-1,1070,1085
7666,44b6_0b24845f,edge,-1,-1,-1,-1,-1,1073,1088
7667,44b6_0b24845f,edge,-1,-1,-1,-1,-1,1074,1087
7668,44b6_0b24845f,edge,-1,-1,-1,-1,-1,1075,1089
7669,44b6_0b24845f,edge,-1,-1,-1,-1,-1,1077,1090
7670,44b6_0b24845f,edge,-1,-1,-1,-1,-1,1078,1094
7671,44b6_0b24845f,edge,-1,-1,-1,-1,-1,1079,1092
7672,44b6_0b24845f,edge,-1,-1,-1,-1,-1,1080,1098
7673,44b6_0b24845f,edge,-1,-1,-1,-1,-1,1081,1095
7674,44b6_0b24845f,edge,-1,-1,-1,-1,-1,1083,1097
7675,44b6_0b24845f,edge,-1,-1,-1,-1,-1,1084,1099
7676,44b6_0b24845f,edge,-1,-1,-1,-1,-1,1085,1100
7677,44b6_0b24845f,edge,-1,-1,-1,-1,-1,1087,1102
7678,44b6_0b24845f,edge,-1,-1,-1,-1,-1,1088,1104
7679,44b6_0b24845f,edge,-1,-1,-1,-1,-1,1089,1105
7680,44b6_0b24845f,edge,-1,-1,-1,-1,-1,1090,1108
7681,44b6_0b24845f,edge,-1,-1,-1,-1,-1,1091,1107
7682,44b6_0b24845f,edge,-1,-1,-1,-1,-1,1092,1109
7683,44b6_0b24845f,edge,-1,-1,-1,-1,-1,1096,1115
7684,44b6_0b24845f,edge,-1,-1,-1,-1,-1,1098,1110
7685,44b6_0b24845f,edge,-1,-1,-1,-1,-1,1099,1119
7686,44b6_0b24845f,edge,-1,-1,-1,-1,-1,1100,1116
7687,44b6_0b24845f,edge,-1,-1,-1,-1,-1,1101,1117
7688,44b6_0b24845f,edge,-1,-1,-1,-1,-1,1102,1118
7689,44b6_0b24845f,edge,-1,-1,-1,-1,-1,1104,1121
7690,44b6_0b24845f,edge,-1,-1,-1,-1,-1,1105,1122
7691,44b6_0b24845f,edge,-1,-1,-1,-1,-1,1106,1124
7692,44b6_0b24845f,edge,-1,-1,-1,-1,-1,1107,1123
7693,44b6_0b24845f,edge,-1,-1,-1,-1,-1,1108,1125
7694,44b6_0b24845f,edge,-1,-1,-1,-1,-1,1109,1127
7695,44b6_0b24845f,edge,-1,-1,-1,-1,-1,1111,1129
7696,44b6_0b24845f,edge,-1,-1,-1,-1,-1,1113,1128
7697,44b6_0b24845f,edge,-1,-1,-1,-1,-1,1116,1132
7698,44b6_0b24845f,edge,-1,-1,-1,-1,-1,1117,1130
7699,44b6_0b24845f,edge,-1,-1,-1,-1,-1,1118,1131
7700,44b6_0b24845f,edge,-1,-1,-1,-1,-1,1119,1141
7701,44b6_0b24845f,edge,-1,-1,-1,-1,-1,1121,1133
7702,44b6_0b24845f,edge,-1,-1,-1,-1,-1,1122,1138
7703,44b6_0b24845f,edge,-1,-1,-1,-1,-1,1123,1136
7704,44b6_0b24845f,edge,-1,-1,-1,-1,-1,1124,1135
7705,44b6_0b24845f,edge,-1,-1,-1,-1,-1,1125,1137
7706,44b6_0b24845f,edge,-1,-1,-1,-1,-1,1126,1134
7707,44b6_0b24845f,edge,-1,-1,-1,-1,-1,1127,1140
7708,44b6_0b24845f,edge,-1,-1,-1,-1,-1,1128,1139
7709,44b6_0b24845f,edge,-1,-1,-1,-1,-1,1129,1142
7710,44b6_0b24845f,edge,-1,-1,-1,-1,-1,1130,1146
7711,44b6_0b24845f,edge,-1,-1,-1,-1,-1,1131,1147
7712,44b6_0b24845f,edge,-1,-1,-1,-1,-1,1132,1148
7713,44b6_0b24845f,edge,-1,-1,-1,-1,-1,1133,1149
7714,44b6_0b24845f,edge,-1,-1,-1,-1,-1,1135,1153
7715,44b6_0b24845f,edge,-1,-1,-1,-1,-1,1136,1154
7716,44b6_0b24845f,edge,-1,-1,-1,-1,-1,1137,1155
7717,44b6_0b24845f,edge,-1,-1,-1,-1,-1,1138,1151
7718,44b6_0b24845f,edge,-1,-1,-1,-1,-1,1139,1156
7719,44b6_0b24845f,edge,-1,-1,-1,-1,-1,1140,1159
7720,44b6_0b24845f,edge,-1,-1,-1,-1,-1,1142,1157
7721,44b6_0b24845f,edge,-1,-1,-1,-1,-1,1144,1158
7722,44b6_0b24845f,edge,-1,-1,-1,-1,-1,1145,1160
7723,44b6_0b24845f,edge,-1,-1,-1,-1,-1,1146,1162
7724,44b6_0b24845f,edge,-1,-1,-1,-1,-1,1147,1164
7725,44b6_0b24845f,edge,-1,-1,-1,-1,-1,1148,1165
7726,44b6_0b24845f,edge,-1,-1,-1,-1,-1,1149,1163
7727,44b6_0b24845f,edge,-1,-1,-1,-1,-1,1150,1172
7728,44b6_0b24845f,edge,-1,-1,-1,-1,-1,1151,1167
7729,44b6_0b24845f,edge,-1,-1,-1,-1,-1,1152,1166
7730,44b6_0b24845f,edge,-1,-1,-1,-1,-1,1153,1169
7731,44b6_0b24845f,edge,-1,-1,-1,-1,-1,1154,1170
7732,44b6_0b24845f,edge,-1,-1,-1,-1,-1,1155,1171
7733,44b6_0b24845f,edge,-1,-1,-1,-1,-1,1156,1176
7734,44b6_0b24845f,edge,-1,-1,-1,-1,-1,1157,1173
7735,44b6_0b24845f,edge,-1,-1,-1,-1,-1,1158,1174
7736,44b6_0b24845f,edge,-1,-1,-1,-1,-1,1161,1175
7737,44b6_0b24845f,edge,-1,-1,-1,-1,-1,1162,1177
7738,44b6_0b24845f,edge,-1,-1,-1,-1,-1,1163,1178
7739,44b6_0b24845f,edge,-1,-1,-1,-1,-1,1164,1179
7740,44b6_0b24845f,edge,-1,-1,-1,-1,-1,1165,1180
7741,44b6_0b24845f,edge,-1,-1,-1,-1,-1,1166,1183
7742,44b6_0b24845f,edge,-1,-1,-1,-1,-1,1167,1182
7743,44b6_0b24845f,edge,-1,-1,-1,-1,-1,1168,1188
7744,44b6_0b24845f,edge,-1,-1,-1,-1,-1,1169,1184
7745,44b6_0b24845f,edge,-1,-1,-1,-1,-1,1170,1187
7746,44b6_0b24845f,edge,-1,-1,-1,-1,-1,1171,1189
7747,44b6_0b24845f,edge,-1,-1,-1,-1,-1,1172,1181
7748,44b6_0b24845f,edge,-1,-1,-1,-1,-1,1173,1191
7749,44b6_0b24845f,edge,-1,-1,-1,-1,-1,1174,1192
7750,44b6_0b24845f,edge,-1,-1,-1,-1,-1,1175,1195
7751,44b6_0b24845f,edge,-1,-1,-1,-1,-1,1176,1194
7752,44b6_0b24845f,edge,-1,-1,-1,-1,-1,1177,1196
7753,44b6_0b24845f,edge,-1,-1,-1,-1,-1,1178,1197
7754,44b6_0b24845f,edge,-1,-1,-1,-1,-1,1179,1199
7755,44b6_0b24845f,edge,-1,-1,-1,-1,-1,1180,1200
7756,44b6_0b24845f,edge,-1,-1,-1,-1,-1,1181,1201
7757,44b6_0b24845f,edge,-1,-1,-1,-1,-1,1182,1202
7758,44b6_0b24845f,edge,-1,-1,-1,-1,-1,1183,1203
7759,44b6_0b24845f,edge,-1,-1,-1,-1,-1,1185,1204
7760,44b6_0b24845f,edge,-1,-1,-1,-1,-1,1187,1205
7761,44b6_0b24845f,edge,-1,-1,-1,-1,-1,1189,1208
7762,44b6_0b24845f,edge,-1,-1,-1,-1,-1,1191,1207
7763,44b6_0b24845f,edge,-1,-1,-1,-1,-1,1192,1206
7764,44b6_0b24845f,edge,-1,-1,-1,-1,-1,1194,1211
7765,44b6_0b24845f,edge,-1,-1,-1,-1,-1,1195,1210
7766,44b6_0b24845f,edge,-1,-1,-1,-1,-1,1197,1217
7767,44b6_0b24845f,edge,-1,-1,-1,-1,-1,1198,1215
7768,44b6_0b24845f,edge,-1,-1,-1,-1,-1,1199,1213
7769,44b6_0b24845f,edge,-1,-1,-1,-1,-1,1200,1212
7770,44b6_0b24845f,edge,-1,-1,-1,-1,-1,1201,1214
7771,44b6_0b24845f,edge,-1,-1,-1,-1,-1,1202,1220
7772,44b6_0b24845f,edge,-1,-1,-1,-1,-1,1203,1219
7773,44b6_0b24845f,edge,-1,-1,-1,-1,-1,1204,1218
7774,44b6_0b24845f,edge,-1,-1,-1,-1,-1,1205,1222
7775,44b6_0b24845f,edge,-1,-1,-1,-1,-1,1207,1227
7776,44b6_0b24845f,edge,-1,-1,-1,-1,-1,1208,1225
7777,44b6_0b24845f,edge,-1,-1,-1,-1,-1,1209,1226
7778,44b6_0b24845f,edge,-1,-1,-1,-1,-1,1210,1224
7779,44b6_0b24845f,edge,-1,-1,-1,-1,-1,1212,1231
7780,44b6_0b24845f,edge,-1,-1,-1,-1,-1,1213,1235
7781,44b6_0b24845f,edge,-1,-1,-1,-1,-1,1214,1234
7782,44b6_0b24845f,edge,-1,-1,-1,-1,-1,1215,1230
7783,44b6_0b24845f,edge,-1,-1,-1,-1,-1,1216,1233
7784,44b6_0b24845f,edge,-1,-1,-1,-1,-1,1217,1239
7785,44b6_0b24845f,edge,-1,-1,-1,-1,-1,1218,1237
7786,44b6_0b24845f,edge,-1,-1,-1,-1,-1,1219,1238
7787,44b6_0b24845f,edge,-1,-1,-1,-1,-1,1221,1236
7788,44b6_0b24845f,edge,-1,-1,-1,-1,-1,1224,1241
7789,44b6_0b24845f,edge,-1,-1,-1,-1,-1,1225,1240
7790,44b6_0b24845f,edge,-1,-1,-1,-1,-1,1226,1242
7791,44b6_0b24845f,edge,-1,-1,-1,-1,-1,1229,1243
7792,44b6_0b24845f,edge,-1,-1,-1,-1,-1,1230,1247
7793,44b6_0b24845f,edge,-1,-1,-1,-1,-1,1231,1246
7794,44b6_0b24845f,edge,-1,-1,-1,-1,-1,1232,1245
7795,44b6_0b24845f,edge,-1,-1,-1,-1,-1,1233,1248
7796,44b6_0b24845f,edge,-1,-1,-1,-1,-1,1234,1249
7797,44b6_0b24845f,edge,-1,-1,-1,-1,-1,1235,1250
7798,44b6_0b24845f,edge,-1,-1,-1,-1,-1,1236,1252
7799,44b6_0b24845f,edge,-1,-1,-1,-1,-1,1237,1254
7800,44b6_0b24845f,edge,-1,-1,-1,-1,-1,1238,1258
7801,44b6_0b24845f,edge,-1,-1,-1,-1,-1,1239,1253
7802,44b6_0b24845f,edge,-1,-1,-1,-1,-1,1240,1259
7803,44b6_0b24845f,edge,-1,-1,-1,-1,-1,1241,1262
7804,44b6_0b24845f,edge,-1,-1,-1,-1,-1,1242,1260
7805,44b6_0b24845f,edge,-1,-1,-1,-1,-1,1245,1266
7806,44b6_0b24845f,edge,-1,-1,-1,-1,-1,1246,1264
7807,44b6_0b24845f,edge,-1,-1,-1,-1,-1,1247,1265
7808,44b6_0b24845f,edge,-1,-1,-1,-1,-1,1248,1267
7809,44b6_0b24845f,edge,-1,-1,-1,-1,-1,1249,1270
7810,44b6_0b24845f,edge,-1,-1,-1,-1,-1,1250,1268
7811,44b6_0b24845f,edge,-1,-1,-1,-1,-1,1251,1272
7812,44b6_0b24845f,edge,-1,-1,-1,-1,-1,1253,1269
7813,44b6_0b24845f,edge,-1,-1,-1,-1,-1,1254,1273
7814,44b6_0b24845f,edge,-1,-1,-1,-1,-1,1256,1271
7815,44b6_0b24845f,edge,-1,-1,-1,-1,-1,1257,1274
7816,44b6_0b24845f,edge,-1,-1,-1,-1,-1,1259,1280
7817,44b6_0b24845f,edge,-1,-1,-1,-1,-1,1260,1281
7818,44b6_0b24845f,edge,-1,-1,-1,-1,-1,1261,1279
7819,44b6_0b24845f,edge,-1,-1,-1,-1,-1,1264,1284
7820,44b6_0b24845f,edge,-1,-1,-1,-1,-1,1265,1294
7821,44b6_0b24845f,edge,-1,-1,-1,-1,-1,1266,1285
7822,44b6_0b24845f,edge,-1,-1,-1,-1,-1,1267,1290
7823,44b6_0b24845f,edge,-1,-1,-1,-1,-1,1268,1286
7824,44b6_0b24845f,edge,-1,-1,-1,-1,-1,1269,1291
7825,44b6_0b24845f,edge,-1,-1,-1,-1,-1,1270,1289
7826,44b6_0b24845f,edge,-1,-1,-1,-1,-1,1271,1287
7827,44b6_0b24845f,edge,-1,-1,-1,-1,-1,1272,1288
7828,44b6_0b24845f,edge,-1,-1,-1,-1,-1,1273,1292
7829,44b6_0b24845f,edge,-1,-1,-1,-1,-1,1274,1298
7830,44b6_0b24845f,edge,-1,-1,-1,-1,-1,1275,1301
7831,44b6_0b24845f,edge,-1,-1,-1,-1,-1,1276,1296
7832,44b6_0b24845f,edge,-1,-1,-1,-1,-1,1277,1297
7833,44b6_0b24845f,edge,-1,-1,-1,-1,-1,1278,1304
7834,44b6_0b24845f,edge,-1,-1,-1,-1,-1,1279,1299
7835,44b6_0b24845f,edge,-1,-1,-1,-1,-1,1281,1302
7836,44b6_0b24845f,edge,-1,-1,-1,-1,-1,1282,1303
7837,44b6_0b24845f,edge,-1,-1,-1,-1,-1,1283,1300
7838,44b6_0b24845f,edge,-1,-1,-1,-1,-1,1284,1306
7839,44b6_0b24845f,edge,-1,-1,-1,-1,-1,1285,1305
7840,44b6_0b24845f,edge,-1,-1,-1,-1,-1,1286,1314
7841,44b6_0b24845f,edge,-1,-1,-1,-1,-1,1287,1312
7842,44b6_0b24845f,edge,-1,-1,-1,-1,-1,1291,1307
7843,44b6_0b24845f,edge,-1,-1,-1,-1,-1,1292,1309
7844,44b6_0b24845f,edge,-1,-1,-1,-1,-1,1293,1308
7845,44b6_0b24845f,edge,-1,-1,-1,-1,-1,1295,1315
7846,44b6_0b24845f,edge,-1,-1,-1,-1,-1,1296,1313
7847,44b6_0b24845f,edge,-1,-1,-1,-1,-1,1297,1310
7848,44b6_0b24845f,edge,-1,-1,-1,-1,-1,1299,1319
7849,44b6_0b24845f,edge,-1,-1,-1,-1,-1,1300,1317
7850,44b6_0b24845f,edge,-1,-1,-1,-1,-1,1301,1321
7851,44b6_0b24845f,edge,-1,-1,-1,-1,-1,1302,1318
7852,44b6_0b24845f,edge,-1,-1,-1,-1,-1,1303,1320
7853,44b6_0b24845f,edge,-1,-1,-1,-1,-1,1304,1322
7854,44b6_0b24845f,edge,-1,-1,-1,-1,-1,1306,1323
7855,44b6_0b24845f,edge,-1,-1,-1,-1,-1,1308,1326
7856,44b6_0b24845f,edge,-1,-1,-1,-1,-1,1309,1327
7857,44b6_0b24845f,edge,-1,-1,-1,-1,-1,1310,1325
7858,44b6_0b24845f,edge,-1,-1,-1,-1,-1,1312,1328
7859,44b6_0b24845f,edge,-1,-1,-1,-1,-1,1313,1329
7860,44b6_0b24845f,edge,-1,-1,-1,-1,-1,1315,1331
7861,44b6_0b24845f,edge,-1,-1,-1,-1,-1,1316,1330
7862,44b6_0b24845f,edge,-1,-1,-1,-1,-1,1318,1335
7863,44b6_0b24845f,edge,-1,-1,-1,-1,-1,1319,1332
7864,44b6_0b24845f,edge,-1,-1,-1,-1,-1,1320,1337
7865,44b6_0b24845f,edge,-1,-1,-1,-1,-1,1322,1334
7866,44b6_0b24845f,edge,-1,-1,-1,-1,-1,1323,1339
7867,44b6_0b24845f,edge,-1,-1,-1,-1,-1,1324,1338
7868,44b6_0b24845f,edge,-1,-1,-1,-1,-1,1325,1342
7869,44b6_0b24845f,edge,-1,-1,-1,-1,-1,1326,1340
7870,44b6_0b24845f,edge,-1,-1,-1,-1,-1,1327,1354
7871,44b6_0b24845f,edge,-1,-1,-1,-1,-1,1328,1347
7872,44b6_0b24845f,edge,-1,-1,-1,-1,-1,1329,1344
7873,44b6_0b24845f,edge,-1,-1,-1,-1,-1,1330,1346
7874,44b6_0b24845f,edge,-1,-1,-1,-1,-1,1332,1345
7875,44b6_0b24845f,edge,-1,-1,-1,-1,-1,1333,1350
7876,44b6_0b24845f,edge,-1,-1,-1,-1,-1,1335,1351
7877,44b6_0b24845f,edge,-1,-1,-1,-1,-1,1336,1352
7878,44b6_0b24845f,edge,-1,-1,-1,-1,-1,1338,1355
7879,44b6_0b24845f,edge,-1,-1,-1,-1,-1,1340,1358
7880,44b6_0b24845f,edge,-1,-1,-1,-1,-1,1341,1359
7881,44b6_0b24845f,edge,-1,-1,-1,-1,-1,1342,1364
7882,44b6_0b24845f,edge,-1,-1,-1,-1,-1,1344,1366
7883,44b6_0b24845f,edge,-1,-1,-1,-1,-1,1345,1362
7884,44b6_0b24845f,edge,-1,-1,-1,-1,-1,1346,1365
7885,44b6_0b24845f,edge,-1,-1,-1,-1,-1,1349,1360
7886,44b6_0b24845f,edge,-1,-1,-1,-1,-1,1350,1367
7887,44b6_0b24845f,edge,-1,-1,-1,-1,-1,1351,1370
7888,44b6_0b24845f,edge,-1,-1,-1,-1,-1,1352,1368
7889,44b6_0b24845f,edge,-1,-1,-1,-1,-1,1354,1361
7890,44b6_0b24845f,edge,-1,-1,-1,-1,-1,1355,1372
7891,44b6_0b24845f,edge,-1,-1,-1,-1,-1,1357,1375
7892,44b6_0b24845f,edge,-1,-1,-1,-1,-1,1358,1382
7893,44b6_0b24845f,edge,-1,-1,-1,-1,-1,1359,1376
7894,44b6_0b24845f,edge,-1,-1,-1,-1,-1,1360,1380
7895,44b6_0b24845f,edge,-1,-1,-1,-1,-1,1361,1381
7896,44b6_0b24845f,edge,-1,-1,-1,-1,-1,1362,1379
7897,44b6_0b24845f,edge,-1,-1,-1,-1,-1,1365,1384
7898,44b6_0b24845f,edge,-1,-1,-1,-1,-1,1366,1383
7899,44b6_0b24845f,edge,-1,-1,-1,-1,-1,1367,1388
7900,44b6_0b24845f,edge,-1,-1,-1,-1,-1,1370,1386
7901,44b6_0b24845f,edge,-1,-1,-1,-1,-1,1371,1387
7902,44b6_0b24845f,edge,-1,-1,-1,-1,-1,1372,1389
7903,44b6_0b24845f,edge,-1,-1,-1,-1,-1,1374,1390
7904,44b6_0b24845f,edge,-1,-1,-1,-1,-1,1375,1391
7905,44b6_0b24845f,edge,-1,-1,-1,-1,-1,1376,1392
7906,44b6_0b24845f,edge,-1,-1,-1,-1,-1,1377,1393
7907,44b6_0b24845f,edge,-1,-1,-1,-1,-1,1381,1394
7908,44b6_0b24845f,edge,-1,-1,-1,-1,-1,1382,1398
7909,44b6_0b24845f,edge,-1,-1,-1,-1,-1,1383,1396
7910,44b6_0b24845f,edge,-1,-1,-1,-1,-1,1384,1397
7911,44b6_0b24845f,edge,-1,-1,-1,-1,-1,1387,1399
7912,44b6_0b24845f,edge,-1,-1,-1,-1,-1,1389,1401
7913,44b6_0b24845f,edge,-1,-1,-1,-1,-1,1390,1400
7914,44b6_0b24845f,edge,-1,-1,-1,-1,-1,1391,1402
7915,44b6_0b24845f,edge,-1,-1,-1,-1,-1,1392,1403
7916,44b6_0b24845f,edge,-1,-1,-1,-1,-1,1393,1405
7917,44b6_0b24845f,edge,-1,-1,-1,-1,-1,1394,1406
7918,44b6_0b24845f,edge,-1,-1,-1,-1,-1,1395,1409
7919,44b6_0b24845f,edge,-1,-1,-1,-1,-1,1396,1410
7920,44b6_0b24845f,edge,-1,-1,-1,-1,-1,1397,1411
7921,44b6_0b24845f,edge,-1,-1,-1,-1,-1,1398,1404
7922,44b6_0b24845f,edge,-1,-1,-1,-1,-1,1399,1412
7923,6bba_05b6850b,edge,-1,-1,-1,-1,-1,1,11
7924,6bba_05b6850b,edge,-1,-1,-1,-1,-1,2,12
7925,6bba_05b6850b,edge,-1,-1,-1,-1,-1,4,13
7926,6bba_05b6850b,edge,-1,-1,-1,-1,-1,5,10
7927,6bba_05b6850b,edge,-1,-1,-1,-1,-1,6,14
7928,6bba_05b6850b,edge,-1,-1,-1,-1,-1,7,16
7929,6bba_05b6850b,edge,-1,-1,-1,-1,-1,8,15
7930,6bba_05b6850b,edge,-1,-1,-1,-1,-1,9,17
7931,6bba_05b6850b,edge,-1,-1,-1,-1,-1,11,21
7932,6bba_05b6850b,edge,-1,-1,-1,-1,-1,13,18
7933,6bba_05b6850b,edge,-1,-1,-1,-1,-1,14,19
7934,6bba_05b6850b,edge,-1,-1,-1,-1,-1,15,20
7935,6bba_05b6850b,edge,-1,-1,-1,-1,-1,17,22
7936,6bba_05b6850b,edge,-1,-1,-1,-1,-1,18,24
7937,6bba_05b6850b,edge,-1,-1,-1,-1,-1,19,23
7938,6bba_05b6850b,edge,-1,-1,-1,-1,-1,20,26
7939,6bba_05b6850b,edge,-1,-1,-1,-1,-1,21,27
7940,6bba_05b6850b,edge,-1,-1,-1,-1,-1,22,28
7941,6bba_05b6850b,edge,-1,-1,-1,-1,-1,23,29
7942,6bba_05b6850b,edge,-1,-1,-1,-1,-1,25,31
7943,6bba_05b6850b,edge,-1,-1,-1,-1,-1,28,30
7944,6bba_05b6850b,edge,-1,-1,-1,-1,-1,29,32
7945,6bba_05b6850b,edge,-1,-1,-1,-1,-1,30,33
7946,6bba_05b6850b,edge,-1,-1,-1,-1,-1,31,34
7947,6bba_05b6850b,edge,-1,-1,-1,-1,-1,32,35
7948,6bba_05b6850b,edge,-1,-1,-1,-1,-1,33,37
7949,6bba_05b6850b,edge,-1,-1,-1,-1,-1,35,41
7950,6bba_05b6850b,edge,-1,-1,-1,-1,-1,36,38
7951,6bba_05b6850b,edge,-1,-1,-1,-1,-1,37,42
7952,6bba_05b6850b,edge,-1,-1,-1,-1,-1,39,44
7953,6bba_05b6850b,edge,-1,-1,-1,-1,-1,40,43
7954,6bba_05b6850b,edge,-1,-1,-1,-1,-1,41,45
7955,6bba_05b6850b,edge,-1,-1,-1,-1,-1,42,46
7956,6bba_05b6850b,edge,-1,-1,-1,-1,-1,44,48
7957,6bba_05b6850b,edge,-1,-1,-1,-1,-1,45,49
7958,6bba_05b6850b,edge,-1,-1,-1,-1,-1,46,51
7959,6bba_05b6850b,edge,-1,-1,-1,-1,-1,48,53
7960,6bba_05b6850b,edge,-1,-1,-1,-1,-1,49,52
7961,6bba_05b6850b,edge,-1,-1,-1,-1,-1,51,55
7962,6bba_05b6850b,edge,-1,-1,-1,-1,-1,52,56
7963,6bba_05b6850b,edge,-1,-1,-1,-1,-1,53,57
7964,6bba_05b6850b,edge,-1,-1,-1,-1,-1,54,58
7965,6bba_05b6850b,edge,-1,-1,-1,-1,-1,55,60
7966,6bba_05b6850b,edge,-1,-1,-1,-1,-1,56,65
7967,6bba_05b6850b,edge,-1,-1,-1,-1,-1,57,62
7968,6bba_05b6850b,edge,-1,-1,-1,-1,-1,58,67
7969,6bba_05b6850b,edge,-1,-1,-1,-1,-1,59,66
7970,6bba_05b6850b,edge,-1,-1,-1,-1,-1,60,68
7971,6bba_05b6850b,edge,-1,-1,-1,-1,-1,61,69
7972,6bba_05b6850b,edge,-1,-1,-1,-1,-1,62,70
7973,6bba_05b6850b,edge,-1,-1,-1,-1,-1,63,71
7974,6bba_05b6850b,edge,-1,-1,-1,-1,-1,64,72
7975,6bba_05b6850b,edge,-1,-1,-1,-1,-1,65,73
7976,6bba_05b6850b,edge,-1,-1,-1,-1,-1,66,74
7977,6bba_05b6850b,edge,-1,-1,-1,-1,-1,67,75
7978,6bba_05b6850b,edge,-1,-1,-1,-1,-1,68,76
7979,6bba_05b6850b,edge,-1,-1,-1,-1,-1,69,78
7980,6bba_05b6850b,edge,-1,-1,-1,-1,-1,73,77
7981,6bba_05b6850b,edge,-1,-1,-1,-1,-1,74,79
7982,6bba_05b6850b,edge,-1,-1,-1,-1,-1,75,80
7983,6bba_05b6850b,edge,-1,-1,-1,-1,-1,77,81
7984,6bba_05b6850b,edge,-1,-1,-1,-1,-1,78,83
7985,6bba_05b6850b,edge,-1,-1,-1,-1,-1,79,82
7986,6bba_05b6850b,edge,-1,-1,-1,-1,-1,80,84
7987,6bba_05b6850b,edge,-1,-1,-1,-1,-1,81,85
7988,6bba_05b6850b,edge,-1,-1,-1,-1,-1,82,86
7989,6bba_05b6850b,edge,-1,-1,-1,-1,-1,83,87
7990,6bba_05b6850b,edge,-1,-1,-1,-1,-1,84,88
7991,6bba_05b6850b,edge,-1,-1,-1,-1,-1,85,90
7992,6bba_05b6850b,edge,-1,-1,-1,-1,-1,87,91
7993,6bba_05b6850b,edge,-1,-1,-1,-1,-1,88,92
7994,6bba_05b6850b,edge,-1,-1,-1,-1,-1,89,93
7995,6bba_05b6850b,edge,-1,-1,-1,-1,-1,90,94
7996,6bba_05b6850b,edge,-1,-1,-1,-1,-1,91,95
7997,6bba_05b6850b,edge,-1,-1,-1,-1,-1,92,97
7998,6bba_05b6850b,edge,-1,-1,-1,-1,-1,93,98
7999,6bba_05b6850b,edge,-1,-1,-1,-1,-1,94,99
8000,6bba_05b6850b,edge,-1,-1,-1,-1,-1,95,100
8001,6bba_05b6850b,edge,-1,-1,-1,-1,-1,96,102
8002,6bba_05b6850b,edge,-1,-1,-1,-1,-1,97,101
8003,6bba_05b6850b,edge,-1,-1,-1,-1,-1,98,103
8004,6bba_05b6850b,edge,-1,-1,-1,-1,-1,99,104
8005,6bba_05b6850b,edge,-1,-1,-1,-1,-1,100,105
8006,6bba_05b6850b,edge,-1,-1,-1,-1,-1,101,106
8007,6bba_05b6850b,edge,-1,-1,-1,-1,-1,103,108
8008,6bba_05b6850b,edge,-1,-1,-1,-1,-1,104,109
8009,6bba_05b6850b,edge,-1,-1,-1,-1,-1,105,110
8010,6bba_05b6850b,edge,-1,-1,-1,-1,-1,106,111
8011,6bba_05b6850b,edge,-1,-1,-1,-1,-1,109,112
8012,6bba_05b6850b,edge,-1,-1,-1,-1,-1,110,113
8013,6bba_05b6850b,edge,-1,-1,-1,-1,-1,111,115
8014,6bba_05b6850b,edge,-1,-1,-1,-1,-1,112,118
8015,6bba_05b6850b,edge,-1,-1,-1,-1,-1,113,117
8016,6bba_05b6850b,edge,-1,-1,-1,-1,-1,114,119
8017,6bba_05b6850b,edge,-1,-1,-1,-1,-1,115,120
8018,6bba_05b6850b,edge,-1,-1,-1,-1,-1,116,121
8019,6bba_05b6850b,edge,-1,-1,-1,-1,-1,117,124
8020,6bba_05b6850b,edge,-1,-1,-1,-1,-1,118,123
8021,6bba_05b6850b,edge,-1,-1,-1,-1,-1,119,126
8022,6bba_05b6850b,edge,-1,-1,-1,-1,-1,120,125
8023,6bba_05b6850b,edge,-1,-1,-1,-1,-1,121,127
8024,6bba_05b6850b,edge,-1,-1,-1,-1,-1,122,129
8025,6bba_05b6850b,edge,-1,-1,-1,-1,-1,123,132
8026,6bba_05b6850b,edge,-1,-1,-1,-1,-1,124,130
8027,6bba_05b6850b,edge,-1,-1,-1,-1,-1,125,131
8028,6bba_05b6850b,edge,-1,-1,-1,-1,-1,126,133
8029,6bba_05b6850b,edge,-1,-1,-1,-1,-1,127,134
8030,6bba_05b6850b,edge,-1,-1,-1,-1,-1,128,135
8031,6bba_05b6850b,edge,-1,-1,-1,-1,-1,130,136
8032,6bba_05b6850b,edge,-1,-1,-1,-1,-1,131,137
8033,6bba_05b6850b,edge,-1,-1,-1,-1,-1,133,138
8034,6bba_05b6850b,edge,-1,-1,-1,-1,-1,134,139
8035,6bba_05b6850b,edge,-1,-1,-1,-1,-1,136,141
8036,6bba_05b6850b,edge,-1,-1,-1,-1,-1,137,142
8037,6bba_05b6850b,edge,-1,-1,-1,-1,-1,138,143
8038,6bba_05b6850b,edge,-1,-1,-1,-1,-1,139,144
8039,6bba_05b6850b,edge,-1,-1,-1,-1,-1,140,145
8040,6bba_05b6850b,edge,-1,-1,-1,-1,-1,141,146
8041,6bba_05b6850b,edge,-1,-1,-1,-1,-1,142,147
8042,6bba_05b6850b,edge,-1,-1,-1,-1,-1,143,148
8043,6bba_05b6850b,edge,-1,-1,-1,-1,-1,144,149
8044,6bba_05b6850b,edge,-1,-1,-1,-1,-1,145,150
8045,6bba_05b6850b,edge,-1,-1,-1,-1,-1,147,151
8046,6bba_05b6850b,edge,-1,-1,-1,-1,-1,148,152
8047,6bba_05b6850b,edge,-1,-1,-1,-1,-1,149,154
8048,6bba_05b6850b,edge,-1,-1,-1,-1,-1,152,155
8049,6bba_05b6850b,edge,-1,-1,-1,-1,-1,153,156
8050,6bba_05b6850b,edge,-1,-1,-1,-1,-1,154,157
8051,6bba_05b6850b,edge,-1,-1,-1,-1,-1,155,159
8052,6bba_05b6850b,edge,-1,-1,-1,-1,-1,156,160
8053,6bba_05b6850b,edge,-1,-1,-1,-1,-1,157,162
8054,6bba_05b6850b,edge,-1,-1,-1,-1,-1,159,164
8055,6bba_05b6850b,edge,-1,-1,-1,-1,-1,160,163
8056,6bba_05b6850b,edge,-1,-1,-1,-1,-1,162,165
8057,6bba_05b6850b,edge,-1,-1,-1,-1,-1,163,168
8058,6bba_05b6850b,edge,-1,-1,-1,-1,-1,164,167
8059,6bba_05b6850b,edge,-1,-1,-1,-1,-1,165,169
8060,6bba_05b6850b,edge,-1,-1,-1,-1,-1,166,171
8061,6bba_05b6850b,edge,-1,-1,-1,-1,-1,167,172
8062,6bba_05b6850b,edge,-1,-1,-1,-1,-1,168,170
8063,6bba_05b6850b,edge,-1,-1,-1,-1,-1,169,174
8064,6bba_05b6850b,edge,-1,-1,-1,-1,-1,170,175
8065,6bba_05b6850b,edge,-1,-1,-1,-1,-1,171,176
8066,6bba_05b6850b,edge,-1,-1,-1,-1,-1,172,177
8067,6bba_05b6850b,edge,-1,-1,-1,-1,-1,173,178
8068,6bba_05b6850b,edge,-1,-1,-1,-1,-1,175,179
8069,6bba_05b6850b,edge,-1,-1,-1,-1,-1,176,180
8070,6bba_05b6850b,edge,-1,-1,-1,-1,-1,179,181
8071,6bba_05b6850b,edge,-1,-1,-1,-1,-1,180,182
8072,6bba_05b6850b,edge,-1,-1,-1,-1,-1,181,184
8073,6bba_05b6850b,edge,-1,-1,-1,-1,-1,183,186
8074,6bba_05b6850b,edge,-1,-1,-1,-1,-1,184,185
8075,6bba_05b6850b,edge,-1,-1,-1,-1,-1,185,188
8076,6bba_05b6850b,edge,-1,-1,-1,-1,-1,186,187
8077,6bba_05b6850b,edge,-1,-1,-1,-1,-1,187,190
8078,6bba_05b6850b,edge,-1,-1,-1,-1,-1,188,189
8079,6bba_05b6850b,edge,-1,-1,-1,-1,-1,189,191
8080,6bba_05b6850b,edge,-1,-1,-1,-1,-1,190,192
8081,6bba_05b6850b,edge,-1,-1,-1,-1,-1,191,194
8082,6bba_05b6850b,edge,-1,-1,-1,-1,-1,192,195
8083,6bba_05b6850b,edge,-1,-1,-1,-1,-1,193,196
8084,6bba_05b6850b,edge,-1,-1,-1,-1,-1,194,197
8085,6bba_05b6850b,edge,-1,-1,-1,-1,-1,195,198
8086,6bba_05b6850b,edge,-1,-1,-1,-1,-1,196,200
8087,6bba_05b6850b,edge,-1,-1,-1,-1,-1,197,202
8088,6bba_05b6850b,edge,-1,-1,-1,-1,-1,198,203
8089,6bba_05b6850b,edge,-1,-1,-1,-1,-1,199,205
8090,6bba_05b6850b,edge,-1,-1,-1,-1,-1,200,207
8091,6bba_05b6850b,edge,-1,-1,-1,-1,-1,201,206
8092,6bba_05b6850b,edge,-1,-1,-1,-1,-1,202,208
8093,6bba_05b6850b,edge,-1,-1,-1,-1,-1,203,209
8094,6bba_05b6850b,edge,-1,-1,-1,-1,-1,205,211
8095,6bba_05b6850b,edge,-1,-1,-1,-1,-1,207,212
8096,6bba_05b6850b,edge,-1,-1,-1,-1,-1,208,213
8097,6bba_05b6850b,edge,-1,-1,-1,-1,-1,209,214
8098,6bba_05b6850b,edge,-1,-1,-1,-1,-1,210,215
8099,6bba_05b6850b,edge,-1,-1,-1,-1,-1,212,216
8100,6bba_05b6850b,edge,-1,-1,-1,-1,-1,213,217
8101,6bba_05b6850b,edge,-1,-1,-1,-1,-1,214,218
8102,6bba_05b6850b,edge,-1,-1,-1,-1,-1,215,219
8103,6bba_05b6850b,edge,-1,-1,-1,-1,-1,217,222
8104,6bba_05b6850b,edge,-1,-1,-1,-1,-1,218,228
8105,6bba_05b6850b,edge,-1,-1,-1,-1,-1,219,223
8106,6bba_05b6850b,edge,-1,-1,-1,-1,-1,221,225
8107,6bba_05b6850b,edge,-1,-1,-1,-1,-1,222,230
8108,6bba_05b6850b,edge,-1,-1,-1,-1,-1,224,231
8109,6bba_05b6850b,edge,-1,-1,-1,-1,-1,225,232
8110,6bba_05b6850b,edge,-1,-1,-1,-1,-1,229,233
8111,6bba_05b6850b,edge,-1,-1,-1,-1,-1,230,234
8112,6bba_05b6850b,edge,-1,-1,-1,-1,-1,231,235
8113,6bba_05b6850b,edge,-1,-1,-1,-1,-1,232,236
8114,6bba_05b6850b,edge,-1,-1,-1,-1,-1,233,237
8115,6bba_05b6850b,edge,-1,-1,-1,-1,-1,234,238
8116,6bba_05b6850b,edge,-1,-1,-1,-1,-1,235,239
8117,6bba_05b6850b,edge,-1,-1,-1,-1,-1,236,240
8118,6bba_05b6850b,edge,-1,-1,-1,-1,-1,237,241
8119,6bba_05b6850b,edge,-1,-1,-1,-1,-1,238,242
8120,6bba_05b6850b,edge,-1,-1,-1,-1,-1,239,243
8121,6bba_05b6850b,edge,-1,-1,-1,-1,-1,240,244
8122,6bba_05b6850b,edge,-1,-1,-1,-1,-1,241,245
8123,6bba_05b6850b,edge,-1,-1,-1,-1,-1,242,246
8124,6bba_05b6850b,edge,-1,-1,-1,-1,-1,243,249
8125,6bba_05b6850b,edge,-1,-1,-1,-1,-1,244,248
8126,6bba_05b6850b,edge,-1,-1,-1,-1,-1,246,254
8127,6bba_05b6850b,edge,-1,-1,-1,-1,-1,247,253
8128,6bba_05b6850b,edge,-1,-1,-1,-1,-1,248,252
8129,6bba_05b6850b,edge,-1,-1,-1,-1,-1,249,255
8130,6bba_05b6850b,edge,-1,-1,-1,-1,-1,252,261
8131,6bba_05b6850b,edge,-1,-1,-1,-1,-1,253,259
8132,6bba_05b6850b,edge,-1,-1,-1,-1,-1,254,260
8133,6bba_05b6850b,edge,-1,-1,-1,-1,-1,255,263
8134,6bba_05b6850b,edge,-1,-1,-1,-1,-1,256,264
8135,6bba_05b6850b,edge,-1,-1,-1,-1,-1,257,265
8136,6bba_05b6850b,edge,-1,-1,-1,-1,-1,259,267
8137,6bba_05b6850b,edge,-1,-1,-1,-1,-1,260,268
8138,6bba_05b6850b,edge,-1,-1,-1,-1,-1,261,266
8139,6bba_05b6850b,edge,-1,-1,-1,-1,-1,263,270
8140,6bba_05b6850b,edge,-1,-1,-1,-1,-1,264,271
8141,6bba_05b6850b,edge,-1,-1,-1,-1,-1,265,273
8142,6bba_05b6850b,edge,-1,-1,-1,-1,-1,266,274
8143,6bba_05b6850b,edge,-1,-1,-1,-1,-1,267,275
8144,6bba_05b6850b,edge,-1,-1,-1,-1,-1,268,276
8145,6bba_05b6850b,edge,-1,-1,-1,-1,-1,269,277
8146,6bba_05b6850b,edge,-1,-1,-1,-1,-1,270,278
8147,6bba_05b6850b,edge,-1,-1,-1,-1,-1,271,279
8148,6bba_05b6850b,edge,-1,-1,-1,-1,-1,272,280
8149,6bba_05b6850b,edge,-1,-1,-1,-1,-1,273,281
8150,6bba_05b6850b,edge,-1,-1,-1,-1,-1,274,285
8151,6bba_05b6850b,edge,-1,-1,-1,-1,-1,275,284
8152,6bba_05b6850b,edge,-1,-1,-1,-1,-1,276,283
8153,6bba_05b6850b,edge,-1,-1,-1,-1,-1,277,286
8154,6bba_05b6850b,edge,-1,-1,-1,-1,-1,278,287
8155,6bba_05b6850b,edge,-1,-1,-1,-1,-1,279,289
8156,6bba_05b6850b,edge,-1,-1,-1,-1,-1,280,282
8157,6bba_05b6850b,edge,-1,-1,-1,-1,-1,281,290
8158,6bba_05b6850b,edge,-1,-1,-1,-1,-1,282,291
8159,6bba_05b6850b,edge,-1,-1,-1,-1,-1,283,292
8160,6bba_05b6850b,edge,-1,-1,-1,-1,-1,284,293
8161,6bba_05b6850b,edge,-1,-1,-1,-1,-1,285,294
8162,6bba_05b6850b,edge,-1,-1,-1,-1,-1,286,295
8163,6bba_05b6850b,edge,-1,-1,-1,-1,-1,287,296
8164,6bba_05b6850b,edge,-1,-1,-1,-1,-1,288,297
8165,6bba_05b6850b,edge,-1,-1,-1,-1,-1,289,298
8166,6bba_05b6850b,edge,-1,-1,-1,-1,-1,290,299
8167,6bba_05b6850b,edge,-1,-1,-1,-1,-1,292,302
8168,6bba_05b6850b,edge,-1,-1,-1,-1,-1,294,301
8169,6bba_05b6850b,edge,-1,-1,-1,-1,-1,295,300
8170,6bba_05b6850b,edge,-1,-1,-1,-1,-1,296,303
8171,6bba_05b6850b,edge,-1,-1,-1,-1,-1,300,305
8172,6bba_05b6850b,edge,-1,-1,-1,-1,-1,301,306
8173,6bba_05b6850b,edge,-1,-1,-1,-1,-1,302,308
8174,6bba_05b6850b,edge,-1,-1,-1,-1,-1,303,307
8175,6bba_05b6850b,edge,-1,-1,-1,-1,-1,304,309
8176,6bba_05b6850b,edge,-1,-1,-1,-1,-1,305,311
8177,6bba_05b6850b,edge,-1,-1,-1,-1,-1,306,312
8178,6bba_05b6850b,edge,-1,-1,-1,-1,-1,307,313
8179,6bba_05b6850b,edge,-1,-1,-1,-1,-1,308,314
8180,6bba_05b6850b,edge,-1,-1,-1,-1,-1,309,315
8181,6bba_05b6850b,edge,-1,-1,-1,-1,-1,310,316
8182,6bba_05b6850b,edge,-1,-1,-1,-1,-1,311,317
8183,6bba_05b6850b,edge,-1,-1,-1,-1,-1,312,320
8184,6bba_05b6850b,edge,-1,-1,-1,-1,-1,313,319
8185,6bba_05b6850b,edge,-1,-1,-1,-1,-1,314,318
8186,6bba_05b6850b,edge,-1,-1,-1,-1,-1,316,322
8187,6bba_05b6850b,edge,-1,-1,-1,-1,-1,317,323
8188,6bba_05b6850b,edge,-1,-1,-1,-1,-1,318,324
8189,6bba_05b6850b,edge,-1,-1,-1,-1,-1,319,327
8190,6bba_05b6850b,edge,-1,-1,-1,-1,-1,320,325
8191,6bba_05b6850b,edge,-1,-1,-1,-1,-1,323,330
8192,6bba_05b6850b,edge,-1,-1,-1,-1,-1,324,331
8193,6bba_05b6850b,edge,-1,-1,-1,-1,-1,325,333
8194,6bba_05b6850b,edge,-1,-1,-1,-1,-1,326,334
8195,6bba_05b6850b,edge,-1,-1,-1,-1,-1,327,335
8196,6bba_05b6850b,edge,-1,-1,-1,-1,-1,328,332
8197,6bba_05b6850b,edge,-1,-1,-1,-1,-1,329,338
8198,6bba_05b6850b,edge,-1,-1,-1,-1,-1,330,339
8199,6bba_05b6850b,edge,-1,-1,-1,-1,-1,331,340
8200,6bba_05b6850b,edge,-1,-1,-1,-1,-1,332,341
8201,6bba_05b6850b,edge,-1,-1,-1,-1,-1,333,342
8202,6bba_05b6850b,edge,-1,-1,-1,-1,-1,334,343
8203,6bba_05b6850b,edge,-1,-1,-1,-1,-1,335,344
8204,6bba_05b6850b,edge,-1,-1,-1,-1,-1,336,345
8205,6bba_05b6850b,edge,-1,-1,-1,-1,-1,337,346
8206,6bba_05b6850b,edge,-1,-1,-1,-1,-1,338,347
8207,6bba_05b6850b,edge,-1,-1,-1,-1,-1,339,349
8208,6bba_05b6850b,edge,-1,-1,-1,-1,-1,340,348
8209,6bba_05b6850b,edge,-1,-1,-1,-1,-1,342,350
8210,6bba_05b6850b,edge,-1,-1,-1,-1,-1,344,351
8211,6bba_05b6850b,edge,-1,-1,-1,-1,-1,347,353
8212,6bba_05b6850b,edge,-1,-1,-1,-1,-1,348,354
8213,6bba_05b6850b,edge,-1,-1,-1,-1,-1,349,355
8214,6bba_05b6850b,edge,-1,-1,-1,-1,-1,350,356
8215,6bba_05b6850b,edge,-1,-1,-1,-1,-1,351,357
8216,6bba_05b6850b,edge,-1,-1,-1,-1,-1,353,359
8217,6bba_05b6850b,edge,-1,-1,-1,-1,-1,354,361
8218,6bba_05b6850b,edge,-1,-1,-1,-1,-1,355,362
8219,6bba_05b6850b,edge,-1,-1,-1,-1,-1,356,360
8220,6bba_05b6850b,edge,-1,-1,-1,-1,-1,357,363
8221,6bba_05b6850b,edge,-1,-1,-1,-1,-1,358,364
8222,6bba_05b6850b,edge,-1,-1,-1,-1,-1,359,365
8223,6bba_05b6850b,edge,-1,-1,-1,-1,-1,360,367
8224,6bba_05b6850b,edge,-1,-1,-1,-1,-1,361,368
8225,6bba_05b6850b,edge,-1,-1,-1,-1,-1,362,369
8226,6bba_05b6850b,edge,-1,-1,-1,-1,-1,363,370
8227,6bba_05b6850b,edge,-1,-1,-1,-1,-1,364,372
8228,6bba_05b6850b,edge,-1,-1,-1,-1,-1,365,371
8229,6bba_05b6850b,edge,-1,-1,-1,-1,-1,367,373
8230,6bba_05b6850b,edge,-1,-1,-1,-1,-1,368,387
8231,6bba_05b6850b,edge,-1,-1,-1,-1,-1,369,392
8232,6bba_05b6850b,edge,-1,-1,-1,-1,-1,370,393
8233,6bba_05b6850b,edge,-1,-1,-1,-1,-1,371,395
8234,6bba_05b6850b,edge,-1,-1,-1,-1,-1,373,396
8235,6bba_05b6850b,edge,-1,-1,-1,-1,-1,374,406
8236,6bba_05b6850b,edge,-1,-1,-1,-1,-1,375,404
8237,6bba_05b6850b,edge,-1,-1,-1,-1,-1,376,410
8238,6bba_05b6850b,edge,-1,-1,-1,-1,-1,377,415
8239,6bba_05b6850b,edge,-1,-1,-1,-1,-1,378,416
8240,6bba_05b6850b,edge,-1,-1,-1,-1,-1,379,409
8241,6bba_05b6850b,edge,-1,-1,-1,-1,-1,380,421
8242,6bba_05b6850b,edge,-1,-1,-1,-1,-1,381,422
8243,6bba_05b6850b,edge,-1,-1,-1,-1,-1,382,425
8244,6bba_05b6850b,edge,-1,-1,-1,-1,-1,383,423
8245,6bba_05b6850b,edge,-1,-1,-1,-1,-1,384,413
8246,6bba_05b6850b,edge,-1,-1,-1,-1,-1,385,427
8247,6bba_05b6850b,edge,-1,-1,-1,-1,-1,386,414
8248,6bba_05b6850b,edge,-1,-1,-1,-1,-1,387,424
8249,6bba_05b6850b,edge,-1,-1,-1,-1,-1,388,419
8250,6bba_05b6850b,edge,-1,-1,-1,-1,-1,389,429
8251,6bba_05b6850b,edge,-1,-1,-1,-1,-1,390,432
8252,6bba_05b6850b,edge,-1,-1,-1,-1,-1,391,431
8253,6bba_05b6850b,edge,-1,-1,-1,-1,-1,392,433
8254,6bba_05b6850b,edge,-1,-1,-1,-1,-1,393,435
8255,6bba_05b6850b,edge,-1,-1,-1,-1,-1,394,434
8256,6bba_05b6850b,edge,-1,-1,-1,-1,-1,395,436
8257,6bba_05b6850b,edge,-1,-1,-1,-1,-1,396,437
8258,6bba_05b6850b,edge,-1,-1,-1,-1,-1,398,444
8259,6bba_05b6850b,edge,-1,-1,-1,-1,-1,404,439
8260,6bba_05b6850b,edge,-1,-1,-1,-1,-1,411,438
8261,6bba_05b6850b,edge,-1,-1,-1,-1,-1,433,440
8262,6bba_05b6850b,edge,-1,-1,-1,-1,-1,434,441
8263,6bba_05b6850b,edge,-1,-1,-1,-1,-1,436,442
8264,6bba_05b6850b,edge,-1,-1,-1,-1,-1,437,443
8265,6bba_05b6850b,edge,-1,-1,-1,-1,-1,438,445
8266,6bba_05b6850b,edge,-1,-1,-1,-1,-1,439,446
8267,6bba_05b6850b,edge,-1,-1,-1,-1,-1,440,447
8268,6bba_05b6850b,edge,-1,-1,-1,-1,-1,441,448
8269,6bba_05b6850b,edge,-1,-1,-1,-1,-1,442,449
8270,6bba_05b6850b,edge,-1,-1,-1,-1,-1,443,450
8271,6bba_05b6850b,edge,-1,-1,-1,-1,-1,444,451
8272,6bba_05b6850b,edge,-1,-1,-1,-1,-1,445,452
8273,6bba_05b6850b,edge,-1,-1,-1,-1,-1,447,453
8274,6bba_05b6850b,edge,-1,-1,-1,-1,-1,448,454
8275,6bba_05b6850b,edge,-1,-1,-1,-1,-1,449,455
8276,6bba_05b6850b,edge,-1,-1,-1,-1,-1,450,457
8277,6bba_05b6850b,edge,-1,-1,-1,-1,-1,451,458
8278,6bba_05b6850b,edge,-1,-1,-1,-1,-1,452,459
8279,6bba_05b6850b,edge,-1,-1,-1,-1,-1,453,460
8280,6bba_05b6850b,edge,-1,-1,-1,-1,-1,454,461
8281,6bba_05b6850b,edge,-1,-1,-1,-1,-1,455,462
8282,6bba_05b6850b,edge,-1,-1,-1,-1,-1,456,463
8283,6bba_05b6850b,edge,-1,-1,-1,-1,-1,457,464
8284,6bba_05b6850b,edge,-1,-1,-1,-1,-1,459,465
8285,6bba_05b6850b,edge,-1,-1,-1,-1,-1,460,466
8286,6bba_05b6850b,edge,-1,-1,-1,-1,-1,461,469
8287,6bba_05b6850b,edge,-1,-1,-1,-1,-1,462,467
8288,6bba_05b6850b,edge,-1,-1,-1,-1,-1,463,468
8289,6bba_05b6850b,edge,-1,-1,-1,-1,-1,464,470
8290,6bba_05b6850b,edge,-1,-1,-1,-1,-1,465,471
8291,6bba_05b6850b,edge,-1,-1,-1,-1,-1,466,472
8292,6bba_05b6850b,edge,-1,-1,-1,-1,-1,467,473
8293,6bba_05b6850b,edge,-1,-1,-1,-1,-1,468,475
8294,6bba_05b6850b,edge,-1,-1,-1,-1,-1,469,474
8295,6bba_05b6850b,edge,-1,-1,-1,-1,-1,470,477
8296,6bba_05b6850b,edge,-1,-1,-1,-1,-1,471,476
8297,6bba_05b6850b,edge,-1,-1,-1,-1,-1,472,478
8298,6bba_05b6850b,edge,-1,-1,-1,-1,-1,473,481
8299,6bba_05b6850b,edge,-1,-1,-1,-1,-1,474,479
8300,6bba_05b6850b,edge,-1,-1,-1,-1,-1,475,480
8301,6bba_05b6850b,edge,-1,-1,-1,-1,-1,476,484
8302,6bba_05b6850b,edge,-1,-1,-1,-1,-1,477,482
8303,6bba_05b6850b,edge,-1,-1,-1,-1,-1,478,483
8304,6bba_05b6850b,edge,-1,-1,-1,-1,-1,479,486
8305,6bba_05b6850b,edge,-1,-1,-1,-1,-1,480,487
8306,6bba_05b6850b,edge,-1,-1,-1,-1,-1,482,488
8307,6bba_05b6850b,edge,-1,-1,-1,-1,-1,483,489
8308,6bba_05b6850b,edge,-1,-1,-1,-1,-1,484,490
8309,6bba_05b6850b,edge,-1,-1,-1,-1,-1,486,491
8310,6bba_05b6850b,edge,-1,-1,-1,-1,-1,487,492
8311,6bba_05b6850b,edge,-1,-1,-1,-1,-1,488,493
8312,6bba_05b6850b,edge,-1,-1,-1,-1,-1,489,494
8313,6bba_05b6850b,edge,-1,-1,-1,-1,-1,490,495
8314,6bba_05b6850b,edge,-1,-1,-1,-1,-1,491,499
8315,6bba_05b6850b,edge,-1,-1,-1,-1,-1,492,500
8316,6bba_05b6850b,edge,-1,-1,-1,-1,-1,493,501
8317,6bba_05b6850b,edge,-1,-1,-1,-1,-1,494,502
8318,6bba_05b6850b,edge,-1,-1,-1,-1,-1,495,507
8319,6bba_05b6850b,edge,-1,-1,-1,-1,-1,496,505
8320,6bba_05b6850b,edge,-1,-1,-1,-1,-1,497,503
8321,6bba_05b6850b,edge,-1,-1,-1,-1,-1,498,504
8322,6bba_05b6850b,edge,-1,-1,-1,-1,-1,499,506
8323,6bba_05b6850b,edge,-1,-1,-1,-1,-1,501,508
8324,6bba_05b6850b,edge,-1,-1,-1,-1,-1,502,509
8325,6bba_05b6850b,edge,-1,-1,-1,-1,-1,503,512
8326,6bba_05b6850b,edge,-1,-1,-1,-1,-1,504,510
8327,6bba_05b6850b,edge,-1,-1,-1,-1,-1,505,511
8328,6bba_05b6850b,edge,-1,-1,-1,-1,-1,506,513
8329,6bba_05b6850b,edge,-1,-1,-1,-1,-1,508,514
8330,6bba_05b6850b,edge,-1,-1,-1,-1,-1,509,515
8331,6bba_05b6850b,edge,-1,-1,-1,-1,-1,510,516
8332,6bba_05b6850b,edge,-1,-1,-1,-1,-1,511,517
8333,6bba_05b6850b,edge,-1,-1,-1,-1,-1,512,518
8334,6bba_05b6850b,edge,-1,-1,-1,-1,-1,513,519
8335,6bba_05b6850b,edge,-1,-1,-1,-1,-1,514,520
8336,6bba_05b6850b,edge,-1,-1,-1,-1,-1,515,521
8337,6bba_05b6850b,edge,-1,-1,-1,-1,-1,516,524
8338,6bba_05b6850b,edge,-1,-1,-1,-1,-1,517,523
8339,6bba_05b6850b,edge,-1,-1,-1,-1,-1,518,522
8340,6bba_05b6850b,edge,-1,-1,-1,-1,-1,519,526
8341,6bba_05b6850b,edge,-1,-1,-1,-1,-1,520,527
8342,6bba_05b6850b,edge,-1,-1,-1,-1,-1,521,528
8343,6bba_05b6850b,edge,-1,-1,-1,-1,-1,523,530
8344,6bba_05b6850b,edge,-1,-1,-1,-1,-1,524,529
8345,6bba_05b6850b,edge,-1,-1,-1,-1,-1,525,531
8346,6bba_05b6850b,edge,-1,-1,-1,-1,-1,526,532
8347,6bba_05b6850b,edge,-1,-1,-1,-1,-1,527,533
8348,6bba_05b6850b,edge,-1,-1,-1,-1,-1,528,534
8349,6bba_05b6850b,edge,-1,-1,-1,-1,-1,529,536
8350,6bba_05b6850b,edge,-1,-1,-1,-1,-1,530,535
8351,6bba_05b6850b,edge,-1,-1,-1,-1,-1,531,539
8352,6bba_05b6850b,edge,-1,-1,-1,-1,-1,532,538
8353,6bba_05b6850b,edge,-1,-1,-1,-1,-1,533,540
8354,6bba_05b6850b,edge,-1,-1,-1,-1,-1,534,541
8355,6bba_05b6850b,edge,-1,-1,-1,-1,-1,536,543
8356,6bba_05b6850b,edge,-1,-1,-1,-1,-1,537,542
8357,6bba_05b6850b,edge,-1,-1,-1,-1,-1,540,544
8358,6bba_05b6850b,edge,-1,-1,-1,-1,-1,541,545
8359,6bba_05b6850b,edge,-1,-1,-1,-1,-1,544,546
8360,6bba_05b6850b,edge,-1,-1,-1,-1,-1,545,547
8361,6bba_05b6850b,edge,-1,-1,-1,-1,-1,546,549
8362,6bba_05b6850b,edge,-1,-1,-1,-1,-1,547,550
8363,6bba_05b6850b,edge,-1,-1,-1,-1,-1,548,551
8364,6bba_05b6850b,edge,-1,-1,-1,-1,-1,549,552
8365,6bba_05b6850b,edge,-1,-1,-1,-1,-1,550,553
8366,6bba_05b6850b,edge,-1,-1,-1,-1,-1,552,554
8367,6bba_05b6850b,edge,-1,-1,-1,-1,-1,554,557
8368,6bba_05b6850b,edge,-1,-1,-1,-1,-1,555,558
8369,6bba_05b6850b,edge,-1,-1,-1,-1,-1,556,559
8370,6bba_05b6850b,edge,-1,-1,-1,-1,-1,557,560
8371,6bba_05b6850b,edge,-1,-1,-1,-1,-1,558,562
8372,6bba_05b6850b,edge,-1,-1,-1,-1,-1,559,561
8373,6bba_05b6850b,edge,-1,-1,-1,-1,-1,560,563
8374,6bba_05b6850b,edge,-1,-1,-1,-1,-1,561,565
8375,6bba_05b6850b,edge,-1,-1,-1,-1,-1,562,564
8376,6bba_05b6850b,edge,-1,-1,-1,-1,-1,563,566
8377,6bba_05b6850b,edge,-1,-1,-1,-1,-1,564,567
8378,6bba_05db0fb1,edge,-1,-1,-1,-1,-1,1,28
8379,6bba_05db0fb1,edge,-1,-1,-1,-1,-1,2,25
8380,6bba_05db0fb1,edge,-1,-1,-1,-1,-1,4,29
8381,6bba_05db0fb1,edge,-1,-1,-1,-1,-1,5,26
8382,6bba_05db0fb1,edge,-1,-1,-1,-1,-1,6,35
8383,6bba_05db0fb1,edge,-1,-1,-1,-1,-1,7,33
8384,6bba_05db0fb1,edge,-1,-1,-1,-1,-1,8,27
8385,6bba_05db0fb1,edge,-1,-1,-1,-1,-1,9,31
8386,6bba_05db0fb1,edge,-1,-1,-1,-1,-1,10,30
8387,6bba_05db0fb1,edge,-1,-1,-1,-1,-1,11,32
8388,6bba_05db0fb1,edge,-1,-1,-1,-1,-1,12,37
8389,6bba_05db0fb1,edge,-1,-1,-1,-1,-1,13,36
8390,6bba_05db0fb1,edge,-1,-1,-1,-1,-1,14,41
8391,6bba_05db0fb1,edge,-1,-1,-1,-1,-1,15,38
8392,6bba_05db0fb1,edge,-1,-1,-1,-1,-1,17,42
8393,6bba_05db0fb1,edge,-1,-1,-1,-1,-1,18,45
8394,6bba_05db0fb1,edge,-1,-1,-1,-1,-1,19,44
8395,6bba_05db0fb1,edge,-1,-1,-1,-1,-1,20,46
8396,6bba_05db0fb1,edge,-1,-1,-1,-1,-1,21,39
8397,6bba_05db0fb1,edge,-1,-1,-1,-1,-1,23,43
8398,6bba_05db0fb1,edge,-1,-1,-1,-1,-1,24,48
8399,6bba_05db0fb1,edge,-1,-1,-1,-1,-1,25,51
8400,6bba_05db0fb1,edge,-1,-1,-1,-1,-1,26,50
8401,6bba_05db0fb1,edge,-1,-1,-1,-1,-1,27,52
8402,6bba_05db0fb1,edge,-1,-1,-1,-1,-1,28,59
8403,6bba_05db0fb1,edge,-1,-1,-1,-1,-1,29,53
8404,6bba_05db0fb1,edge,-1,-1,-1,-1,-1,30,56
8405,6bba_05db0fb1,edge,-1,-1,-1,-1,-1,31,60
8406,6bba_05db0fb1,edge,-1,-1,-1,-1,-1,32,57
8407,6bba_05db0fb1,edge,-1,-1,-1,-1,-1,34,58
8408,6bba_05db0fb1,edge,-1,-1,-1,-1,-1,35,55
8409,6bba_05db0fb1,edge,-1,-1,-1,-1,-1,36,61
8410,6bba_05db0fb1,edge,-1,-1,-1,-1,-1,37,63
8411,6bba_05db0fb1,edge,-1,-1,-1,-1,-1,38,62
8412,6bba_05db0fb1,edge,-1,-1,-1,-1,-1,39,64
8413,6bba_05db0fb1,edge,-1,-1,-1,-1,-1,40,65
8414,6bba_05db0fb1,edge,-1,-1,-1,-1,-1,41,70
8415,6bba_05db0fb1,edge,-1,-1,-1,-1,-1,42,67
8416,6bba_05db0fb1,edge,-1,-1,-1,-1,-1,44,68
8417,6bba_05db0fb1,edge,-1,-1,-1,-1,-1,47,69
8418,6bba_05db0fb1,edge,-1,-1,-1,-1,-1,50,72
8419,6bba_05db0fb1,edge,-1,-1,-1,-1,-1,51,73
8420,6bba_05db0fb1,edge,-1,-1,-1,-1,-1,52,74
8421,6bba_05db0fb1,edge,-1,-1,-1,-1,-1,53,76
8422,6bba_05db0fb1,edge,-1,-1,-1,-1,-1,54,78
8423,6bba_05db0fb1,edge,-1,-1,-1,-1,-1,56,77
8424,6bba_05db0fb1,edge,-1,-1,-1,-1,-1,57,82
8425,6bba_05db0fb1,edge,-1,-1,-1,-1,-1,58,80
8426,6bba_05db0fb1,edge,-1,-1,-1,-1,-1,59,75
8427,6bba_05db0fb1,edge,-1,-1,-1,-1,-1,60,81
8428,6bba_05db0fb1,edge,-1,-1,-1,-1,-1,62,83
8429,6bba_05db0fb1,edge,-1,-1,-1,-1,-1,64,84
8430,6bba_05db0fb1,edge,-1,-1,-1,-1,-1,65,86
8431,6bba_05db0fb1,edge,-1,-1,-1,-1,-1,66,91
8432,6bba_05db0fb1,edge,-1,-1,-1,-1,-1,67,85
8433,6bba_05db0fb1,edge,-1,-1,-1,-1,-1,68,88
8434,6bba_05db0fb1,edge,-1,-1,-1,-1,-1,71,92
8435,6bba_05db0fb1,edge,-1,-1,-1,-1,-1,72,93
8436,6bba_05db0fb1,edge,-1,-1,-1,-1,-1,73,101
8437,6bba_05db0fb1,edge,-1,-1,-1,-1,-1,74,95
8438,6bba_05db0fb1,edge,-1,-1,-1,-1,-1,75,103
8439,6bba_05db0fb1,edge,-1,-1,-1,-1,-1,77,100
8440,6bba_05db0fb1,edge,-1,-1,-1,-1,-1,78,96
8441,6bba_05db0fb1,edge,-1,-1,-1,-1,-1,79,98
8442,6bba_05db0fb1,edge,-1,-1,-1,-1,-1,80,99
8443,6bba_05db0fb1,edge,-1,-1,-1,-1,-1,81,102
8444,6bba_05db0fb1,edge,-1,-1,-1,-1,-1,84,110
8445,6bba_05db0fb1,edge,-1,-1,-1,-1,-1,85,105
8446,6bba_05db0fb1,edge,-1,-1,-1,-1,-1,86,106
8447,6bba_05db0fb1,edge,-1,-1,-1,-1,-1,87,111
8448,6bba_05db0fb1,edge,-1,-1,-1,-1,-1,88,109
8449,6bba_05db0fb1,edge,-1,-1,-1,-1,-1,89,108
8450,6bba_05db0fb1,edge,-1,-1,-1,-1,-1,90,114
8451,6bba_05db0fb1,edge,-1,-1,-1,-1,-1,91,112
8452,6bba_05db0fb1,edge,-1,-1,-1,-1,-1,92,117
8453,6bba_05db0fb1,edge,-1,-1,-1,-1,-1,93,118
8454,6bba_05db0fb1,edge,-1,-1,-1,-1,-1,94,128
8455,6bba_05db0fb1,edge,-1,-1,-1,-1,-1,95,116
8456,6bba_05db0fb1,edge,-1,-1,-1,-1,-1,96,121
8457,6bba_05db0fb1,edge,-1,-1,-1,-1,-1,97,120
8458,6bba_05db0fb1,edge,-1,-1,-1,-1,-1,98,123
8459,6bba_05db0fb1,edge,-1,-1,-1,-1,-1,99,124
8460,6bba_05db0fb1,edge,-1,-1,-1,-1,-1,100,125
8461,6bba_05db0fb1,edge,-1,-1,-1,-1,-1,101,122
8462,6bba_05db0fb1,edge,-1,-1,-1,-1,-1,102,126
8463,6bba_05db0fb1,edge,-1,-1,-1,-1,-1,103,119
8464,6bba_05db0fb1,edge,-1,-1,-1,-1,-1,104,127
8465,6bba_05db0fb1,edge,-1,-1,-1,-1,-1,105,129
8466,6bba_05db0fb1,edge,-1,-1,-1,-1,-1,106,133
8467,6bba_05db0fb1,edge,-1,-1,-1,-1,-1,107,131
8468,6bba_05db0fb1,edge,-1,-1,-1,-1,-1,108,134
8469,6bba_05db0fb1,edge,-1,-1,-1,-1,-1,111,137
8470,6bba_05db0fb1,edge,-1,-1,-1,-1,-1,112,132
8471,6bba_05db0fb1,edge,-1,-1,-1,-1,-1,113,130
8472,6bba_05db0fb1,edge,-1,-1,-1,-1,-1,114,135
8473,6bba_05db0fb1,edge,-1,-1,-1,-1,-1,116,142
8474,6bba_05db0fb1,edge,-1,-1,-1,-1,-1,117,143
8475,6bba_05db0fb1,edge,-1,-1,-1,-1,-1,119,145
8476,6bba_05db0fb1,edge,-1,-1,-1,-1,-1,120,146
8477,6bba_05db0fb1,edge,-1,-1,-1,-1,-1,121,141
8478,6bba_05db0fb1,edge,-1,-1,-1,-1,-1,122,147
8479,6bba_05db0fb1,edge,-1,-1,-1,-1,-1,123,158
8480,6bba_05db0fb1,edge,-1,-1,-1,-1,-1,124,148
8481,6bba_05db0fb1,edge,-1,-1,-1,-1,-1,126,149
8482,6bba_05db0fb1,edge,-1,-1,-1,-1,-1,129,150
8483,6bba_05db0fb1,edge,-1,-1,-1,-1,-1,130,154
8484,6bba_05db0fb1,edge,-1,-1,-1,-1,-1,132,152
8485,6bba_05db0fb1,edge,-1,-1,-1,-1,-1,134,156
8486,6bba_05db0fb1,edge,-1,-1,-1,-1,-1,136,140
8487,6bba_05db0fb1,edge,-1,-1,-1,-1,-1,139,155
8488,6bba_05db0fb1,edge,-1,-1,-1,-1,-1,140,160
8489,6bba_05db0fb1,edge,-1,-1,-1,-1,-1,142,163
8490,6bba_05db0fb1,edge,-1,-1,-1,-1,-1,143,166
8491,6bba_05db0fb1,edge,-1,-1,-1,-1,-1,144,167
8492,6bba_05db0fb1,edge,-1,-1,-1,-1,-1,145,165
8493,6bba_05db0fb1,edge,-1,-1,-1,-1,-1,146,164
8494,6bba_05db0fb1,edge,-1,-1,-1,-1,-1,147,169
8495,6bba_05db0fb1,edge,-1,-1,-1,-1,-1,148,168
8496,6bba_05db0fb1,edge,-1,-1,-1,-1,-1,150,171
8497,6bba_05db0fb1,edge,-1,-1,-1,-1,-1,151,174
8498,6bba_05db0fb1,edge,-1,-1,-1,-1,-1,152,170
8499,6bba_05db0fb1,edge,-1,-1,-1,-1,-1,154,172
8500,6bba_05db0fb1,edge,-1,-1,-1,-1,-1,155,176
8501,6bba_05db0fb1,edge,-1,-1,-1,-1,-1,156,177
8502,6bba_05db0fb1,edge,-1,-1,-1,-1,-1,157,175
8503,6bba_05db0fb1,edge,-1,-1,-1,-1,-1,159,180
8504,6bba_05db0fb1,edge,-1,-1,-1,-1,-1,160,184
8505,6bba_05db0fb1,edge,-1,-1,-1,-1,-1,161,185
8506,6bba_05db0fb1,edge,-1,-1,-1,-1,-1,162,183
8507,6bba_05db0fb1,edge,-1,-1,-1,-1,-1,163,192
8508,6bba_05db0fb1,edge,-1,-1,-1,-1,-1,164,187
8509,6bba_05db0fb1,edge,-1,-1,-1,-1,-1,165,189
8510,6bba_05db0fb1,edge,-1,-1,-1,-1,-1,170,191
8511,6bba_05db0fb1,edge,-1,-1,-1,-1,-1,171,195
8512,6bba_05db0fb1,edge,-1,-1,-1,-1,-1,173,193
8513,6bba_05db0fb1,edge,-1,-1,-1,-1,-1,175,202
8514,6bba_05db0fb1,edge,-1,-1,-1,-1,-1,176,200
8515,6bba_05db0fb1,edge,-1,-1,-1,-1,-1,177,199
8516,6bba_05db0fb1,edge,-1,-1,-1,-1,-1,179,196
8517,6bba_05db0fb1,edge,-1,-1,-1,-1,-1,180,197
8518,6bba_05db0fb1,edge,-1,-1,-1,-1,-1,182,198
8519,6bba_05db0fb1,edge,-1,-1,-1,-1,-1,183,204
8520,6bba_05db0fb1,edge,-1,-1,-1,-1,-1,184,205
8521,6bba_05db0fb1,edge,-1,-1,-1,-1,-1,185,207
8522,6bba_05db0fb1,edge,-1,-1,-1,-1,-1,186,206
8523,6bba_05db0fb1,edge,-1,-1,-1,-1,-1,187,208
8524,6bba_05db0fb1,edge,-1,-1,-1,-1,-1,189,210
8525,6bba_05db0fb1,edge,-1,-1,-1,-1,-1,191,211
8526,6bba_05db0fb1,edge,-1,-1,-1,-1,-1,192,209
8527,6bba_05db0fb1,edge,-1,-1,-1,-1,-1,193,221
8528,6bba_05db0fb1,edge,-1,-1,-1,-1,-1,194,214
8529,6bba_05db0fb1,edge,-1,-1,-1,-1,-1,195,215
8530,6bba_05db0fb1,edge,-1,-1,-1,-1,-1,197,216
8531,6bba_05db0fb1,edge,-1,-1,-1,-1,-1,198,218
8532,6bba_05db0fb1,edge,-1,-1,-1,-1,-1,200,219
8533,6bba_05db0fb1,edge,-1,-1,-1,-1,-1,202,220
8534,6bba_05db0fb1,edge,-1,-1,-1,-1,-1,203,217
8535,6bba_05db0fb1,edge,-1,-1,-1,-1,-1,204,224
8536,6bba_05db0fb1,edge,-1,-1,-1,-1,-1,205,223
8537,6bba_05db0fb1,edge,-1,-1,-1,-1,-1,206,222
8538,6bba_05db0fb1,edge,-1,-1,-1,-1,-1,207,226
8539,6bba_05db0fb1,edge,-1,-1,-1,-1,-1,208,227
8540,6bba_05db0fb1,edge,-1,-1,-1,-1,-1,209,229
8541,6bba_05db0fb1,edge,-1,-1,-1,-1,-1,210,228
8542,6bba_05db0fb1,edge,-1,-1,-1,-1,-1,211,230
8543,6bba_05db0fb1,edge,-1,-1,-1,-1,-1,213,231
8544,6bba_05db0fb1,edge,-1,-1,-1,-1,-1,214,225
8545,6bba_05db0fb1,edge,-1,-1,-1,-1,-1,215,232
8546,6bba_05db0fb1,edge,-1,-1,-1,-1,-1,216,235
8547,6bba_05db0fb1,edge,-1,-1,-1,-1,-1,217,238
8548,6bba_05db0fb1,edge,-1,-1,-1,-1,-1,218,237
8549,6bba_05db0fb1,edge,-1,-1,-1,-1,-1,219,236
8550,6bba_05db0fb1,edge,-1,-1,-1,-1,-1,220,239
8551,6bba_05db0fb1,edge,-1,-1,-1,-1,-1,222,248
8552,6bba_05db0fb1,edge,-1,-1,-1,-1,-1,223,241
8553,6bba_05db0fb1,edge,-1,-1,-1,-1,-1,224,245
8554,6bba_05db0fb1,edge,-1,-1,-1,-1,-1,225,242
8555,6bba_05db0fb1,edge,-1,-1,-1,-1,-1,226,240
8556,6bba_05db0fb1,edge,-1,-1,-1,-1,-1,227,244
8557,6bba_05db0fb1,edge,-1,-1,-1,-1,-1,228,249
8558,6bba_05db0fb1,edge,-1,-1,-1,-1,-1,230,253
8559,6bba_05db0fb1,edge,-1,-1,-1,-1,-1,231,250
8560,6bba_05db0fb1,edge,-1,-1,-1,-1,-1,232,260
8561,6bba_05db0fb1,edge,-1,-1,-1,-1,-1,233,263
8562,6bba_05db0fb1,edge,-1,-1,-1,-1,-1,235,261
8563,6bba_05db0fb1,edge,-1,-1,-1,-1,-1,236,255
8564,6bba_05db0fb1,edge,-1,-1,-1,-1,-1,237,256
8565,6bba_05db0fb1,edge,-1,-1,-1,-1,-1,238,259
8566,6bba_05db0fb1,edge,-1,-1,-1,-1,-1,240,265
8567,6bba_05db0fb1,edge,-1,-1,-1,-1,-1,241,269
8568,6bba_05db0fb1,edge,-1,-1,-1,-1,-1,242,266
8569,6bba_05db0fb1,edge,-1,-1,-1,-1,-1,243,267
8570,6bba_05db0fb1,edge,-1,-1,-1,-1,-1,244,271
8571,6bba_05db0fb1,edge,-1,-1,-1,-1,-1,246,277
8572,6bba_05db0fb1,edge,-1,-1,-1,-1,-1,247,270
8573,6bba_05db0fb1,edge,-1,-1,-1,-1,-1,248,274
8574,6bba_05db0fb1,edge,-1,-1,-1,-1,-1,250,275
8575,6bba_05db0fb1,edge,-1,-1,-1,-1,-1,251,276
8576,6bba_05db0fb1,edge,-1,-1,-1,-1,-1,252,273
8577,6bba_05db0fb1,edge,-1,-1,-1,-1,-1,253,278
8578,6bba_05db0fb1,edge,-1,-1,-1,-1,-1,255,280
8579,6bba_05db0fb1,edge,-1,-1,-1,-1,-1,257,282
8580,6bba_05db0fb1,edge,-1,-1,-1,-1,-1,258,284
8581,6bba_05db0fb1,edge,-1,-1,-1,-1,-1,259,279
8582,6bba_05db0fb1,edge,-1,-1,-1,-1,-1,260,288
8583,6bba_05db0fb1,edge,-1,-1,-1,-1,-1,261,285
8584,6bba_05db0fb1,edge,-1,-1,-1,-1,-1,262,289
8585,6bba_05db0fb1,edge,-1,-1,-1,-1,-1,263,283
8586,6bba_05db0fb1,edge,-1,-1,-1,-1,-1,264,286
8587,6bba_05db0fb1,edge,-1,-1,-1,-1,-1,265,290
8588,6bba_05db0fb1,edge,-1,-1,-1,-1,-1,266,291
8589,6bba_05db0fb1,edge,-1,-1,-1,-1,-1,267,299
8590,6bba_05db0fb1,edge,-1,-1,-1,-1,-1,268,292
8591,6bba_05db0fb1,edge,-1,-1,-1,-1,-1,270,295
8592,6bba_05db0fb1,edge,-1,-1,-1,-1,-1,271,308
8593,6bba_05db0fb1,edge,-1,-1,-1,-1,-1,272,294
8594,6bba_05db0fb1,edge,-1,-1,-1,-1,-1,273,293
8595,6bba_05db0fb1,edge,-1,-1,-1,-1,-1,274,296
8596,6bba_05db0fb1,edge,-1,-1,-1,-1,-1,275,297
8597,6bba_05db0fb1,edge,-1,-1,-1,-1,-1,276,298
8598,6bba_05db0fb1,edge,-1,-1,-1,-1,-1,277,301
8599,6bba_05db0fb1,edge,-1,-1,-1,-1,-1,278,305
8600,6bba_05db0fb1,edge,-1,-1,-1,-1,-1,279,306
8601,6bba_05db0fb1,edge,-1,-1,-1,-1,-1,280,309
8602,6bba_05db0fb1,edge,-1,-1,-1,-1,-1,281,302
8603,6bba_05db0fb1,edge,-1,-1,-1,-1,-1,282,311
8604,6bba_05db0fb1,edge,-1,-1,-1,-1,-1,284,313
8605,6bba_05db0fb1,edge,-1,-1,-1,-1,-1,285,303
8606,6bba_05db0fb1,edge,-1,-1,-1,-1,-1,286,312
8607,6bba_05db0fb1,edge,-1,-1,-1,-1,-1,289,310
8608,6bba_05db0fb1,edge,-1,-1,-1,-1,-1,290,315
8609,6bba_05db0fb1,edge,-1,-1,-1,-1,-1,291,314
8610,6bba_05db0fb1,edge,-1,-1,-1,-1,-1,292,316
8611,6bba_05db0fb1,edge,-1,-1,-1,-1,-1,293,317
8612,6bba_05db0fb1,edge,-1,-1,-1,-1,-1,294,318
8613,6bba_05db0fb1,edge,-1,-1,-1,-1,-1,295,320
8614,6bba_05db0fb1,edge,-1,-1,-1,-1,-1,296,319
8615,6bba_05db0fb1,edge,-1,-1,-1,-1,-1,297,322
8616,6bba_05db0fb1,edge,-1,-1,-1,-1,-1,298,323
8617,6bba_05db0fb1,edge,-1,-1,-1,-1,-1,300,324
8618,6bba_05db0fb1,edge,-1,-1,-1,-1,-1,302,334
8619,6bba_05db0fb1,edge,-1,-1,-1,-1,-1,303,325
8620,6bba_05db0fb1,edge,-1,-1,-1,-1,-1,304,329
8621,6bba_05db0fb1,edge,-1,-1,-1,-1,-1,305,327
8622,6bba_05db0fb1,edge,-1,-1,-1,-1,-1,306,328
8623,6bba_05db0fb1,edge,-1,-1,-1,-1,-1,307,331
8624,6bba_05db0fb1,edge,-1,-1,-1,-1,-1,308,330
8625,6bba_05db0fb1,edge,-1,-1,-1,-1,-1,310,332
8626,6bba_05db0fb1,edge,-1,-1,-1,-1,-1,314,336
8627,6bba_05db0fb1,edge,-1,-1,-1,-1,-1,315,338
8628,6bba_05db0fb1,edge,-1,-1,-1,-1,-1,316,339
8629,6bba_05db0fb1,edge,-1,-1,-1,-1,-1,317,340
8630,6bba_05db0fb1,edge,-1,-1,-1,-1,-1,319,343
8631,6bba_05db0fb1,edge,-1,-1,-1,-1,-1,320,341
8632,6bba_05db0fb1,edge,-1,-1,-1,-1,-1,321,342
8633,6bba_05db0fb1,edge,-1,-1,-1,-1,-1,322,345
8634,6bba_05db0fb1,edge,-1,-1,-1,-1,-1,323,346
8635,6bba_05db0fb1,edge,-1,-1,-1,-1,-1,324,344
8636,6bba_05db0fb1,edge,-1,-1,-1,-1,-1,325,347
8637,6bba_05db0fb1,edge,-1,-1,-1,-1,-1,326,348
8638,6bba_05db0fb1,edge,-1,-1,-1,-1,-1,329,349
8639,6bba_05db0fb1,edge,-1,-1,-1,-1,-1,331,350
8640,6bba_05db0fb1,edge,-1,-1,-1,-1,-1,332,352
8641,6bba_05db0fb1,edge,-1,-1,-1,-1,-1,333,351
8642,6bba_05db0fb1,edge,-1,-1,-1,-1,-1,335,355
8643,6bba_05db0fb1,edge,-1,-1,-1,-1,-1,336,357
8644,6bba_05db0fb1,edge,-1,-1,-1,-1,-1,337,363
8645,6bba_05db0fb1,edge,-1,-1,-1,-1,-1,338,356
8646,6bba_05db0fb1,edge,-1,-1,-1,-1,-1,339,360
8647,6bba_05db0fb1,edge,-1,-1,-1,-1,-1,340,371
8648,6bba_05db0fb1,edge,-1,-1,-1,-1,-1,341,359
8649,6bba_05db0fb1,edge,-1,-1,-1,-1,-1,342,361
8650,6bba_05db0fb1,edge,-1,-1,-1,-1,-1,343,362
8651,6bba_05db0fb1,edge,-1,-1,-1,-1,-1,344,365
8652,6bba_05db0fb1,edge,-1,-1,-1,-1,-1,345,369
8653,6bba_05db0fb1,edge,-1,-1,-1,-1,-1,347,368
8654,6bba_05db0fb1,edge,-1,-1,-1,-1,-1,348,366
8655,6bba_05db0fb1,edge,-1,-1,-1,-1,-1,349,367
8656,6bba_05db0fb1,edge,-1,-1,-1,-1,-1,350,370
8657,6bba_05db0fb1,edge,-1,-1,-1,-1,-1,352,374
8658,6bba_05db0fb1,edge,-1,-1,-1,-1,-1,353,373
8659,6bba_05db0fb1,edge,-1,-1,-1,-1,-1,355,375
8660,6bba_05db0fb1,edge,-1,-1,-1,-1,-1,356,377
8661,6bba_05db0fb1,edge,-1,-1,-1,-1,-1,357,381
8662,6bba_05db0fb1,edge,-1,-1,-1,-1,-1,358,380
8663,6bba_05db0fb1,edge,-1,-1,-1,-1,-1,359,378
8664,6bba_05db0fb1,edge,-1,-1,-1,-1,-1,360,382
8665,6bba_05db0fb1,edge,-1,-1,-1,-1,-1,361,383
8666,6bba_05db0fb1,edge,-1,-1,-1,-1,-1,363,376
8667,6bba_05db0fb1,edge,-1,-1,-1,-1,-1,366,384
8668,6bba_05db0fb1,edge,-1,-1,-1,-1,-1,367,386
8669,6bba_05db0fb1,edge,-1,-1,-1,-1,-1,369,388
8670,6bba_05db0fb1,edge,-1,-1,-1,-1,-1,370,385
8671,6bba_05db0fb1,edge,-1,-1,-1,-1,-1,371,387
8672,6bba_05db0fb1,edge,-1,-1,-1,-1,-1,374,389
8673,6bba_05db0fb1,edge,-1,-1,-1,-1,-1,375,390
8674,6bba_05db0fb1,edge,-1,-1,-1,-1,-1,376,392
8675,6bba_05db0fb1,edge,-1,-1,-1,-1,-1,377,393
8676,6bba_05db0fb1,edge,-1,-1,-1,-1,-1,378,394
8677,6bba_05db0fb1,edge,-1,-1,-1,-1,-1,380,396
8678,6bba_05db0fb1,edge,-1,-1,-1,-1,-1,381,397
8679,6bba_05db0fb1,edge,-1,-1,-1,-1,-1,382,398
8680,6bba_05db0fb1,edge,-1,-1,-1,-1,-1,383,395
8681,6bba_05db0fb1,edge,-1,-1,-1,-1,-1,384,401
8682,6bba_05db0fb1,edge,-1,-1,-1,-1,-1,385,400
8683,6bba_05db0fb1,edge,-1,-1,-1,-1,-1,386,404
8684,6bba_05db0fb1,edge,-1,-1,-1,-1,-1,387,391
8685,6bba_05db0fb1,edge,-1,-1,-1,-1,-1,388,407
8686,6bba_05db0fb1,edge,-1,-1,-1,-1,-1,389,405
8687,6bba_05db0fb1,edge,-1,-1,-1,-1,-1,390,410
8688,6bba_05db0fb1,edge,-1,-1,-1,-1,-1,391,412
8689,6bba_05db0fb1,edge,-1,-1,-1,-1,-1,392,411
8690,6bba_05db0fb1,edge,-1,-1,-1,-1,-1,393,413
8691,6bba_05db0fb1,edge,-1,-1,-1,-1,-1,394,416
8692,6bba_05db0fb1,edge,-1,-1,-1,-1,-1,395,414
8693,6bba_05db0fb1,edge,-1,-1,-1,-1,-1,396,418
8694,6bba_05db0fb1,edge,-1,-1,-1,-1,-1,397,415
8695,6bba_05db0fb1,edge,-1,-1,-1,-1,-1,398,417
8696,6bba_05db0fb1,edge,-1,-1,-1,-1,-1,399,420
8697,6bba_05db0fb1,edge,-1,-1,-1,-1,-1,400,422
8698,6bba_05db0fb1,edge,-1,-1,-1,-1,-1,401,421
8699,6bba_05db0fb1,edge,-1,-1,-1,-1,-1,402,428
8700,6bba_05db0fb1,edge,-1,-1,-1,-1,-1,403,424
8701,6bba_05db0fb1,edge,-1,-1,-1,-1,-1,405,425
8702,6bba_05db0fb1,edge,-1,-1,-1,-1,-1,406,423
8703,6bba_05db0fb1,edge,-1,-1,-1,-1,-1,407,426
8704,6bba_05db0fb1,edge,-1,-1,-1,-1,-1,408,430
8705,6bba_05db0fb1,edge,-1,-1,-1,-1,-1,409,429
8706,6bba_05db0fb1,edge,-1,-1,-1,-1,-1,410,431
8707,6bba_05db0fb1,edge,-1,-1,-1,-1,-1,411,438
8708,6bba_05db0fb1,edge,-1,-1,-1,-1,-1,412,443
8709,6bba_05db0fb1,edge,-1,-1,-1,-1,-1,413,436
8710,6bba_05db0fb1,edge,-1,-1,-1,-1,-1,414,442
8711,6bba_05db0fb1,edge,-1,-1,-1,-1,-1,415,433
8712,6bba_05db0fb1,edge,-1,-1,-1,-1,-1,416,440
8713,6bba_05db0fb1,edge,-1,-1,-1,-1,-1,417,441
8714,6bba_05db0fb1,edge,-1,-1,-1,-1,-1,418,435
8715,6bba_05db0fb1,edge,-1,-1,-1,-1,-1,419,439
8716,6bba_05db0fb1,edge,-1,-1,-1,-1,-1,420,446
8717,6bba_05db0fb1,edge,-1,-1,-1,-1,-1,421,448
8718,6bba_05db0fb1,edge,-1,-1,-1,-1,-1,422,449
8719,6bba_05db0fb1,edge,-1,-1,-1,-1,-1,423,447
8720,6bba_05db0fb1,edge,-1,-1,-1,-1,-1,427,452
8721,6bba_05db0fb1,edge,-1,-1,-1,-1,-1,428,451
8722,6bba_05db0fb1,edge,-1,-1,-1,-1,-1,429,445
8723,6bba_05db0fb1,edge,-1,-1,-1,-1,-1,430,450
8724,6bba_05db0fb1,edge,-1,-1,-1,-1,-1,431,453
8725,6bba_05db0fb1,edge,-1,-1,-1,-1,-1,432,454
8726,6bba_05db0fb1,edge,-1,-1,-1,-1,-1,433,455
8727,6bba_05db0fb1,edge,-1,-1,-1,-1,-1,434,456
8728,6bba_05db0fb1,edge,-1,-1,-1,-1,-1,435,462
8729,6bba_05db0fb1,edge,-1,-1,-1,-1,-1,436,457
8730,6bba_05db0fb1,edge,-1,-1,-1,-1,-1,437,458
8731,6bba_05db0fb1,edge,-1,-1,-1,-1,-1,439,460
8732,6bba_05db0fb1,edge,-1,-1,-1,-1,-1,440,459
8733,6bba_05db0fb1,edge,-1,-1,-1,-1,-1,441,464
8734,6bba_05db0fb1,edge,-1,-1,-1,-1,-1,442,461
8735,6bba_05db0fb1,edge,-1,-1,-1,-1,-1,443,465
8736,6bba_05db0fb1,edge,-1,-1,-1,-1,-1,444,463
8737,6bba_05db0fb1,edge,-1,-1,-1,-1,-1,445,466
8738,6bba_05db0fb1,edge,-1,-1,-1,-1,-1,446,467
8739,6bba_05db0fb1,edge,-1,-1,-1,-1,-1,447,472
8740,6bba_05db0fb1,edge,-1,-1,-1,-1,-1,448,469
8741,6bba_05db0fb1,edge,-1,-1,-1,-1,-1,449,470
8742,6bba_05db0fb1,edge,-1,-1,-1,-1,-1,450,468
8743,6bba_05db0fb1,edge,-1,-1,-1,-1,-1,451,471
8744,6bba_05db0fb1,edge,-1,-1,-1,-1,-1,452,473
8745,6bba_05db0fb1,edge,-1,-1,-1,-1,-1,454,474
8746,6bba_05db0fb1,edge,-1,-1,-1,-1,-1,455,477
8747,6bba_05db0fb1,edge,-1,-1,-1,-1,-1,456,476
8748,6bba_05db0fb1,edge,-1,-1,-1,-1,-1,457,488
8749,6bba_05db0fb1,edge,-1,-1,-1,-1,-1,458,482
8750,6bba_05db0fb1,edge,-1,-1,-1,-1,-1,459,478
8751,6bba_05db0fb1,edge,-1,-1,-1,-1,-1,460,480
8752,6bba_05db0fb1,edge,-1,-1,-1,-1,-1,461,475
8753,6bba_05db0fb1,edge,-1,-1,-1,-1,-1,463,481
8754,6bba_05db0fb1,edge,-1,-1,-1,-1,-1,464,479
8755,6bba_05db0fb1,edge,-1,-1,-1,-1,-1,466,484
8756,6bba_05db0fb1,edge,-1,-1,-1,-1,-1,467,483
8757,6bba_05db0fb1,edge,-1,-1,-1,-1,-1,468,485
8758,6bba_05db0fb1,edge,-1,-1,-1,-1,-1,470,489
8759,6bba_05db0fb1,edge,-1,-1,-1,-1,-1,471,490
8760,6bba_05db0fb1,edge,-1,-1,-1,-1,-1,472,486
8761,6bba_05db0fb1,edge,-1,-1,-1,-1,-1,473,487
8762,6bba_05db0fb1,edge,-1,-1,-1,-1,-1,474,492
8763,6bba_05db0fb1,edge,-1,-1,-1,-1,-1,475,493
8764,6bba_05db0fb1,edge,-1,-1,-1,-1,-1,479,494
8765,6bba_05db0fb1,edge,-1,-1,-1,-1,-1,480,496
8766,6bba_05db0fb1,edge,-1,-1,-1,-1,-1,481,501
8767,6bba_05db0fb1,edge,-1,-1,-1,-1,-1,482,495
8768,6bba_05db0fb1,edge,-1,-1,-1,-1,-1,484,498
8769,6bba_05db0fb1,edge,-1,-1,-1,-1,-1,485,499
8770,6bba_05db0fb1,edge,-1,-1,-1,-1,-1,486,500
8771,6bba_05db0fb1,edge,-1,-1,-1,-1,-1,487,502
8772,6bba_05db0fb1,edge,-1,-1,-1,-1,-1,489,503
8773,6bba_05db0fb1,edge,-1,-1,-1,-1,-1,490,506
8774,6bba_05db0fb1,edge,-1,-1,-1,-1,-1,492,508
8775,6bba_05db0fb1,edge,-1,-1,-1,-1,-1,493,509
8776,6bba_05db0fb1,edge,-1,-1,-1,-1,-1,494,513
8777,6bba_05db0fb1,edge,-1,-1,-1,-1,-1,495,512
8778,6bba_05db0fb1,edge,-1,-1,-1,-1,-1,496,510
8779,6bba_05db0fb1,edge,-1,-1,-1,-1,-1,497,514
8780,6bba_05db0fb1,edge,-1,-1,-1,-1,-1,498,518
8781,6bba_05db0fb1,edge,-1,-1,-1,-1,-1,499,516
8782,6bba_05db0fb1,edge,-1,-1,-1,-1,-1,500,515
8783,6bba_05db0fb1,edge,-1,-1,-1,-1,-1,501,517
8784,6bba_05db0fb1,edge,-1,-1,-1,-1,-1,502,521
8785,6bba_05db0fb1,edge,-1,-1,-1,-1,-1,503,520
8786,6bba_05db0fb1,edge,-1,-1,-1,-1,-1,504,519
8787,6bba_05db0fb1,edge,-1,-1,-1,-1,-1,505,524
8788,6bba_05db0fb1,edge,-1,-1,-1,-1,-1,506,525
8789,6bba_05db0fb1,edge,-1,-1,-1,-1,-1,507,528
8790,6bba_05db0fb1,edge,-1,-1,-1,-1,-1,508,529
8791,6bba_05db0fb1,edge,-1,-1,-1,-1,-1,509,531
8792,6bba_05db0fb1,edge,-1,-1,-1,-1,-1,510,530
8793,6bba_05db0fb1,edge,-1,-1,-1,-1,-1,511,537
8794,6bba_05db0fb1,edge,-1,-1,-1,-1,-1,513,532
8795,6bba_05db0fb1,edge,-1,-1,-1,-1,-1,514,534
8796,6bba_05db0fb1,edge,-1,-1,-1,-1,-1,515,538
8797,6bba_05db0fb1,edge,-1,-1,-1,-1,-1,516,535
8798,6bba_05db0fb1,edge,-1,-1,-1,-1,-1,517,543
8799,6bba_05db0fb1,edge,-1,-1,-1,-1,-1,518,536
8800,6bba_05db0fb1,edge,-1,-1,-1,-1,-1,520,541
8801,6bba_05db0fb1,edge,-1,-1,-1,-1,-1,521,540
8802,6bba_05db0fb1,edge,-1,-1,-1,-1,-1,522,544
8803,6bba_05db0fb1,edge,-1,-1,-1,-1,-1,523,533
8804,6bba_05db0fb1,edge,-1,-1,-1,-1,-1,525,546
8805,6bba_05db0fb1,edge,-1,-1,-1,-1,-1,528,547
8806,6bba_05db0fb1,edge,-1,-1,-1,-1,-1,529,552
8807,6bba_05db0fb1,edge,-1,-1,-1,-1,-1,530,554
8808,6bba_05db0fb1,edge,-1,-1,-1,-1,-1,531,551
8809,6bba_05db0fb1,edge,-1,-1,-1,-1,-1,532,553
8810,6bba_05db0fb1,edge,-1,-1,-1,-1,-1,533,559
8811,6bba_05db0fb1,edge,-1,-1,-1,-1,-1,534,558
8812,6bba_05db0fb1,edge,-1,-1,-1,-1,-1,535,566
8813,6bba_05db0fb1,edge,-1,-1,-1,-1,-1,536,563
8814,6bba_05db0fb1,edge,-1,-1,-1,-1,-1,537,548
8815,6bba_05db0fb1,edge,-1,-1,-1,-1,-1,538,561
8816,6bba_05db0fb1,edge,-1,-1,-1,-1,-1,539,562
8817,6bba_05db0fb1,edge,-1,-1,-1,-1,-1,540,564
8818,6bba_05db0fb1,edge,-1,-1,-1,-1,-1,543,549
8819,6bba_05db0fb1,edge,-1,-1,-1,-1,-1,545,565
8820,6bba_05db0fb1,edge,-1,-1,-1,-1,-1,547,567
8821,6bba_05db0fb1,edge,-1,-1,-1,-1,-1,548,568
8822,6bba_05db0fb1,edge,-1,-1,-1,-1,-1,549,569
8823,6bba_05db0fb1,edge,-1,-1,-1,-1,-1,550,570
8824,6bba_05db0fb1,edge,-1,-1,-1,-1,-1,551,571
8825,6bba_05db0fb1,edge,-1,-1,-1,-1,-1,552,572
8826,6bba_05db0fb1,edge,-1,-1,-1,-1,-1,553,573
8827,6bba_05db0fb1,edge,-1,-1,-1,-1,-1,554,574
8828,6bba_05db0fb1,edge,-1,-1,-1,-1,-1,555,575
8829,6bba_05db0fb1,edge,-1,-1,-1,-1,-1,556,576
8830,6bba_05db0fb1,edge,-1,-1,-1,-1,-1,557,577
8831,6bba_05db0fb1,edge,-1,-1,-1,-1,-1,558,578
8832,6bba_05db0fb1,edge,-1,-1,-1,-1,-1,559,579
8833,6bba_05db0fb1,edge,-1,-1,-1,-1,-1,560,580
8834,6bba_05db0fb1,edge,-1,-1,-1,-1,-1,561,581
8835,6bba_05db0fb1,edge,-1,-1,-1,-1,-1,562,582
8836,6bba_05db0fb1,edge,-1,-1,-1,-1,-1,563,583
8837,6bba_05db0fb1,edge,-1,-1,-1,-1,-1,564,584
8838,6bba_05db0fb1,edge,-1,-1,-1,-1,-1,565,585
8839,6bba_05db0fb1,edge,-1,-1,-1,-1,-1,566,586
8840,6bba_05db0fb1,edge,-1,-1,-1,-1,-1,567,587
8841,6bba_05db0fb1,edge,-1,-1,-1,-1,-1,568,589
8842,6bba_05db0fb1,edge,-1,-1,-1,-1,-1,569,597
8843,6bba_05db0fb1,edge,-1,-1,-1,-1,-1,570,588
8844,6bba_05db0fb1,edge,-1,-1,-1,-1,-1,571,598
8845,6bba_05db0fb1,edge,-1,-1,-1,-1,-1,572,591
8846,6bba_05db0fb1,edge,-1,-1,-1,-1,-1,573,599
8847,6bba_05db0fb1,edge,-1,-1,-1,-1,-1,574,594
8848,6bba_05db0fb1,edge,-1,-1,-1,-1,-1,575,590
8849,6bba_05db0fb1,edge,-1,-1,-1,-1,-1,576,592
8850,6bba_05db0fb1,edge,-1,-1,-1,-1,-1,577,595
8851,6bba_05db0fb1,edge,-1,-1,-1,-1,-1,578,600
8852,6bba_05db0fb1,edge,-1,-1,-1,-1,-1,579,596
8853,6bba_05db0fb1,edge,-1,-1,-1,-1,-1,581,609
8854,6bba_05db0fb1,edge,-1,-1,-1,-1,-1,582,608
8855,6bba_05db0fb1,edge,-1,-1,-1,-1,-1,583,604
8856,6bba_05db0fb1,edge,-1,-1,-1,-1,-1,584,606
8857,6bba_05db0fb1,edge,-1,-1,-1,-1,-1,586,602
8858,6bba_05db0fb1,edge,-1,-1,-1,-1,-1,588,613
8859,6bba_05db0fb1,edge,-1,-1,-1,-1,-1,589,616
8860,6bba_05db0fb1,edge,-1,-1,-1,-1,-1,590,614
8861,6bba_05db0fb1,edge,-1,-1,-1,-1,-1,591,619
8862,6bba_05db0fb1,edge,-1,-1,-1,-1,-1,592,620
8863,6bba_05db0fb1,edge,-1,-1,-1,-1,-1,593,621
8864,6bba_05db0fb1,edge,-1,-1,-1,-1,-1,594,617
8865,6bba_05db0fb1,edge,-1,-1,-1,-1,-1,595,623
8866,6bba_05db0fb1,edge,-1,-1,-1,-1,-1,596,624
8867,6bba_05db0fb1,edge,-1,-1,-1,-1,-1,597,625
8868,6bba_05db0fb1,edge,-1,-1,-1,-1,-1,599,627
8869,6bba_05db0fb1,edge,-1,-1,-1,-1,-1,601,629
8870,6bba_05db0fb1,edge,-1,-1,-1,-1,-1,602,633
8871,6bba_05db0fb1,edge,-1,-1,-1,-1,-1,603,631
8872,6bba_05db0fb1,edge,-1,-1,-1,-1,-1,604,635
8873,6bba_05db0fb1,edge,-1,-1,-1,-1,-1,605,640
8874,6bba_05db0fb1,edge,-1,-1,-1,-1,-1,606,632
8875,6bba_05db0fb1,edge,-1,-1,-1,-1,-1,607,636
8876,6bba_05db0fb1,edge,-1,-1,-1,-1,-1,608,630
8877,6bba_05db0fb1,edge,-1,-1,-1,-1,-1,609,637
8878,6bba_05db0fb1,edge,-1,-1,-1,-1,-1,610,638
8879,6bba_05db0fb1,edge,-1,-1,-1,-1,-1,611,643
8880,6bba_05db0fb1,edge,-1,-1,-1,-1,-1,612,642
8881,6bba_05db0fb1,edge,-1,-1,-1,-1,-1,614,646
8882,6bba_05db0fb1,edge,-1,-1,-1,-1,-1,615,645
8883,6bba_05db0fb1,edge,-1,-1,-1,-1,-1,616,648
8884,6bba_05db0fb1,edge,-1,-1,-1,-1,-1,617,649
8885,6bba_05db0fb1,edge,-1,-1,-1,-1,-1,618,647
8886,6bba_05db0fb1,edge,-1,-1,-1,-1,-1,619,644
8887,6bba_05db0fb1,edge,-1,-1,-1,-1,-1,620,654
8888,6bba_05db0fb1,edge,-1,-1,-1,-1,-1,621,652
8889,6bba_05db0fb1,edge,-1,-1,-1,-1,-1,622,651
8890,6bba_05db0fb1,edge,-1,-1,-1,-1,-1,624,656
8891,6bba_05db0fb1,edge,-1,-1,-1,-1,-1,626,653
8892,6bba_05db0fb1,edge,-1,-1,-1,-1,-1,628,655
8893,6bba_05db0fb1,edge,-1,-1,-1,-1,-1,630,657
8894,6bba_05db0fb1,edge,-1,-1,-1,-1,-1,631,659
8895,6bba_05db0fb1,edge,-1,-1,-1,-1,-1,632,660
8896,6bba_05db0fb1,edge,-1,-1,-1,-1,-1,633,669
8897,6bba_05db0fb1,edge,-1,-1,-1,-1,-1,634,661
8898,6bba_05db0fb1,edge,-1,-1,-1,-1,-1,635,663
8899,6bba_05db0fb1,edge,-1,-1,-1,-1,-1,636,668
8900,6bba_05db0fb1,edge,-1,-1,-1,-1,-1,637,665
8901,6bba_05db0fb1,edge,-1,-1,-1,-1,-1,638,662
8902,6bba_05db0fb1,edge,-1,-1,-1,-1,-1,639,667
8903,6bba_05db0fb1,edge,-1,-1,-1,-1,-1,640,658
8904,6bba_05db0fb1,edge,-1,-1,-1,-1,-1,642,671
8905,6bba_05db0fb1,edge,-1,-1,-1,-1,-1,644,672
8906,6bba_05db0fb1,edge,-1,-1,-1,-1,-1,645,676
8907,6bba_05db0fb1,edge,-1,-1,-1,-1,-1,646,674
8908,6bba_05db0fb1,edge,-1,-1,-1,-1,-1,647,673
8909,6bba_05db0fb1,edge,-1,-1,-1,-1,-1,648,681
8910,6bba_05db0fb1,edge,-1,-1,-1,-1,-1,649,682
8911,6bba_05db0fb1,edge,-1,-1,-1,-1,-1,651,675
8912,6bba_05db0fb1,edge,-1,-1,-1,-1,-1,652,677
8913,6bba_05db0fb1,edge,-1,-1,-1,-1,-1,653,680
8914,6bba_05db0fb1,edge,-1,-1,-1,-1,-1,654,691
8915,6bba_05db0fb1,edge,-1,-1,-1,-1,-1,655,679
8916,6bba_05db0fb1,edge,-1,-1,-1,-1,-1,656,678
8917,6bba_05db0fb1,edge,-1,-1,-1,-1,-1,657,687
8918,6bba_05db0fb1,edge,-1,-1,-1,-1,-1,659,692
8919,6bba_05db0fb1,edge,-1,-1,-1,-1,-1,660,690
8920,6bba_05db0fb1,edge,-1,-1,-1,-1,-1,661,684
8921,6bba_05db0fb1,edge,-1,-1,-1,-1,-1,662,683
8922,6bba_05db0fb1,edge,-1,-1,-1,-1,-1,666,685
8923,6bba_05db0fb1,edge,-1,-1,-1,-1,-1,667,689
8924,6bba_05db0fb1,edge,-1,-1,-1,-1,-1,671,693
8925,6bba_05db0fb1,edge,-1,-1,-1,-1,-1,672,694
8926,6bba_05db0fb1,edge,-1,-1,-1,-1,-1,673,695
8927,6bba_05db0fb1,edge,-1,-1,-1,-1,-1,674,703
8928,6bba_05db0fb1,edge,-1,-1,-1,-1,-1,675,702
8929,6bba_05db0fb1,edge,-1,-1,-1,-1,-1,676,697
8930,6bba_05db0fb1,edge,-1,-1,-1,-1,-1,677,699
8931,6bba_05db0fb1,edge,-1,-1,-1,-1,-1,678,701
8932,6bba_05db0fb1,edge,-1,-1,-1,-1,-1,679,700
8933,6bba_05db0fb1,edge,-1,-1,-1,-1,-1,680,696
8934,6bba_05db0fb1,edge,-1,-1,-1,-1,-1,681,698
8935,6bba_05db0fb1,edge,-1,-1,-1,-1,-1,682,705
8936,6bba_05db0fb1,edge,-1,-1,-1,-1,-1,683,706
8937,6bba_05db0fb1,edge,-1,-1,-1,-1,-1,684,711
8938,6bba_05db0fb1,edge,-1,-1,-1,-1,-1,685,709
8939,6bba_05db0fb1,edge,-1,-1,-1,-1,-1,686,707
8940,6bba_05db0fb1,edge,-1,-1,-1,-1,-1,687,710
8941,6bba_05db0fb1,edge,-1,-1,-1,-1,-1,688,712
8942,6bba_05db0fb1,edge,-1,-1,-1,-1,-1,689,708
8943,6bba_05db0fb1,edge,-1,-1,-1,-1,-1,690,715
8944,6bba_05db0fb1,edge,-1,-1,-1,-1,-1,692,714
8945,6bba_05db0fb1,edge,-1,-1,-1,-1,-1,693,730
8946,6bba_05db0fb1,edge,-1,-1,-1,-1,-1,694,717
8947,6bba_05db0fb1,edge,-1,-1,-1,-1,-1,695,720
8948,6bba_05db0fb1,edge,-1,-1,-1,-1,-1,696,718
8949,6bba_05db0fb1,edge,-1,-1,-1,-1,-1,697,725
8950,6bba_05db0fb1,edge,-1,-1,-1,-1,-1,698,722
8951,6bba_05db0fb1,edge,-1,-1,-1,-1,-1,699,728
8952,6bba_05db0fb1,edge,-1,-1,-1,-1,-1,700,724
8953,6bba_05db0fb1,edge,-1,-1,-1,-1,-1,701,727
8954,6bba_05db0fb1,edge,-1,-1,-1,-1,-1,702,726
8955,6bba_05db0fb1,edge,-1,-1,-1,-1,-1,703,721
8956,6bba_05db0fb1,edge,-1,-1,-1,-1,-1,705,731
8957,6bba_05db0fb1,edge,-1,-1,-1,-1,-1,706,733
8958,6bba_05db0fb1,edge,-1,-1,-1,-1,-1,707,736
8959,6bba_05db0fb1,edge,-1,-1,-1,-1,-1,709,739
8960,6bba_05db0fb1,edge,-1,-1,-1,-1,-1,710,735
8961,6bba_05db0fb1,edge,-1,-1,-1,-1,-1,711,732
8962,6bba_05db0fb1,edge,-1,-1,-1,-1,-1,713,737
8963,6bba_05db0fb1,edge,-1,-1,-1,-1,-1,714,738
8964,6bba_05db0fb1,edge,-1,-1,-1,-1,-1,717,741
8965,6bba_05db0fb1,edge,-1,-1,-1,-1,-1,718,740
8966,6bba_05db0fb1,edge,-1,-1,-1,-1,-1,719,742
8967,6bba_05db0fb1,edge,-1,-1,-1,-1,-1,720,744
8968,6bba_05db0fb1,edge,-1,-1,-1,-1,-1,722,743
8969,6bba_05db0fb1,edge,-1,-1,-1,-1,-1,723,746
8970,6bba_05db0fb1,edge,-1,-1,-1,-1,-1,724,747
8971,6bba_05db0fb1,edge,-1,-1,-1,-1,-1,725,745
8972,6bba_05db0fb1,edge,-1,-1,-1,-1,-1,726,748
8973,6bba_05db0fb1,edge,-1,-1,-1,-1,-1,728,749
8974,6bba_05db0fb1,edge,-1,-1,-1,-1,-1,732,750
8975,6bba_05db0fb1,edge,-1,-1,-1,-1,-1,733,753
8976,6bba_05db0fb1,edge,-1,-1,-1,-1,-1,734,752
8977,6bba_05db0fb1,edge,-1,-1,-1,-1,-1,735,754
8978,6bba_05db0fb1,edge,-1,-1,-1,-1,-1,737,751
8979,6bba_05db0fb1,edge,-1,-1,-1,-1,-1,738,755
8980,6bba_05db0fb1,edge,-1,-1,-1,-1,-1,739,756
8981,6bba_05db0fb1,edge,-1,-1,-1,-1,-1,740,758
8982,6bba_05db0fb1,edge,-1,-1,-1,-1,-1,741,759
8983,6bba_05db0fb1,edge,-1,-1,-1,-1,-1,742,760
8984,6bba_05db0fb1,edge,-1,-1,-1,-1,-1,743,761
8985,6bba_05db0fb1,edge,-1,-1,-1,-1,-1,744,762
8986,6bba_05db0fb1,edge,-1,-1,-1,-1,-1,745,763
8987,6bba_05db0fb1,edge,-1,-1,-1,-1,-1,746,764
8988,6bba_05db0fb1,edge,-1,-1,-1,-1,-1,747,765
8989,6bba_05db0fb1,edge,-1,-1,-1,-1,-1,748,766
8990,6bba_05db0fb1,edge,-1,-1,-1,-1,-1,749,767
8991,6bba_05db0fb1,edge,-1,-1,-1,-1,-1,750,768
8992,6bba_05db0fb1,edge,-1,-1,-1,-1,-1,751,769
8993,6bba_05db0fb1,edge,-1,-1,-1,-1,-1,752,770
8994,6bba_05db0fb1,edge,-1,-1,-1,-1,-1,753,771
8995,6bba_05db0fb1,edge,-1,-1,-1,-1,-1,754,772
8996,6bba_05db0fb1,edge,-1,-1,-1,-1,-1,755,773
8997,6bba_05db0fb1,edge,-1,-1,-1,-1,-1,756,774
8998,6bba_05db0fb1,edge,-1,-1,-1,-1,-1,757,775
8999,6bba_05db0fb1,edge,-1,-1,-1,-1,-1,758,784
9000,6bba_05db0fb1,edge,-1,-1,-1,-1,-1,759,777
9001,6bba_05db0fb1,edge,-1,-1,-1,-1,-1,760,778
9002,6bba_05db0fb1,edge,-1,-1,-1,-1,-1,761,779
9003,6bba_05db0fb1,edge,-1,-1,-1,-1,-1,763,776
9004,6bba_05db0fb1,edge,-1,-1,-1,-1,-1,764,781
9005,6bba_05db0fb1,edge,-1,-1,-1,-1,-1,765,780
9006,6bba_05db0fb1,edge,-1,-1,-1,-1,-1,766,782
9007,6bba_05db0fb1,edge,-1,-1,-1,-1,-1,767,783
9008,6bba_05db0fb1,edge,-1,-1,-1,-1,-1,768,787
9009,6bba_05db0fb1,edge,-1,-1,-1,-1,-1,769,786
9010,6bba_05db0fb1,edge,-1,-1,-1,-1,-1,770,793
9011,6bba_05db0fb1,edge,-1,-1,-1,-1,-1,771,789
9012,6bba_05db0fb1,edge,-1,-1,-1,-1,-1,773,792
9013,6bba_05db0fb1,edge,-1,-1,-1,-1,-1,774,791
9014,6bba_05db0fb1,edge,-1,-1,-1,-1,-1,775,795
9015,6bba_05db0fb1,edge,-1,-1,-1,-1,-1,776,796
9016,6bba_05db0fb1,edge,-1,-1,-1,-1,-1,777,797
9017,6bba_05db0fb1,edge,-1,-1,-1,-1,-1,778,802
9018,6bba_05db0fb1,edge,-1,-1,-1,-1,-1,779,806
9019,6bba_05db0fb1,edge,-1,-1,-1,-1,-1,780,800
9020,6bba_05db0fb1,edge,-1,-1,-1,-1,-1,781,804
9021,6bba_05db0fb1,edge,-1,-1,-1,-1,-1,782,803
9022,6bba_05db0fb1,edge,-1,-1,-1,-1,-1,783,801
9023,6bba_05db0fb1,edge,-1,-1,-1,-1,-1,784,799
9024,6bba_05db0fb1,edge,-1,-1,-1,-1,-1,785,798
9025,6bba_05db0fb1,edge,-1,-1,-1,-1,-1,786,805
9026,6bba_05db0fb1,edge,-1,-1,-1,-1,-1,787,807
9027,6bba_05db0fb1,edge,-1,-1,-1,-1,-1,788,808
9028,6bba_05db0fb1,edge,-1,-1,-1,-1,-1,789,809
9029,6bba_05db0fb1,edge,-1,-1,-1,-1,-1,790,812
9030,6bba_05db0fb1,edge,-1,-1,-1,-1,-1,791,811
9031,6bba_05db0fb1,edge,-1,-1,-1,-1,-1,792,810
9032,6bba_05db0fb1,edge,-1,-1,-1,-1,-1,793,813
9033,6bba_05db0fb1,edge,-1,-1,-1,-1,-1,794,815
9034,6bba_05db0fb1,edge,-1,-1,-1,-1,-1,795,814
9035,6bba_05db0fb1,edge,-1,-1,-1,-1,-1,796,817
9036,6bba_05db0fb1,edge,-1,-1,-1,-1,-1,797,818
9037,6bba_05db0fb1,edge,-1,-1,-1,-1,-1,798,820
9038,6bba_05db0fb1,edge,-1,-1,-1,-1,-1,799,830
9039,6bba_05db0fb1,edge,-1,-1,-1,-1,-1,800,821
9040,6bba_05db0fb1,edge,-1,-1,-1,-1,-1,801,825
9041,6bba_05db0fb1,edge,-1,-1,-1,-1,-1,802,824
9042,6bba_05db0fb1,edge,-1,-1,-1,-1,-1,803,826
9043,6bba_05db0fb1,edge,-1,-1,-1,-1,-1,804,827
9044,6bba_05db0fb1,edge,-1,-1,-1,-1,-1,805,829
9045,6bba_05db0fb1,edge,-1,-1,-1,-1,-1,807,828
9046,6bba_05db0fb1,edge,-1,-1,-1,-1,-1,808,823
9047,6bba_05db0fb1,edge,-1,-1,-1,-1,-1,809,833
9048,6bba_05db0fb1,edge,-1,-1,-1,-1,-1,810,832
9049,6bba_05db0fb1,edge,-1,-1,-1,-1,-1,811,837
9050,6bba_05db0fb1,edge,-1,-1,-1,-1,-1,812,835
9051,6bba_05db0fb1,edge,-1,-1,-1,-1,-1,813,831
9052,6bba_05db0fb1,edge,-1,-1,-1,-1,-1,814,834
9053,6bba_05db0fb1,edge,-1,-1,-1,-1,-1,815,836
9054,6bba_05db0fb1,edge,-1,-1,-1,-1,-1,817,839
9055,6bba_05db0fb1,edge,-1,-1,-1,-1,-1,818,841
9056,6bba_05db0fb1,edge,-1,-1,-1,-1,-1,819,845
9057,6bba_05db0fb1,edge,-1,-1,-1,-1,-1,820,840
9058,6bba_05db0fb1,edge,-1,-1,-1,-1,-1,821,842
9059,6bba_05db0fb1,edge,-1,-1,-1,-1,-1,822,844
9060,6bba_05db0fb1,edge,-1,-1,-1,-1,-1,826,846
9061,6bba_05db0fb1,edge,-1,-1,-1,-1,-1,829,847
9062,6bba_05db0fb1,edge,-1,-1,-1,-1,-1,830,843
9063,6bba_05db0fb1,edge,-1,-1,-1,-1,-1,832,855
9064,6bba_05db0fb1,edge,-1,-1,-1,-1,-1,834,854
9065,6bba_05db0fb1,edge,-1,-1,-1,-1,-1,835,850
9066,6bba_05db0fb1,edge,-1,-1,-1,-1,-1,836,857
9067,6bba_05db0fb1,edge,-1,-1,-1,-1,-1,837,849
9068,6bba_05db0fb1,edge,-1,-1,-1,-1,-1,840,860
9069,6bba_05db0fb1,edge,-1,-1,-1,-1,-1,841,861
9070,6bba_05db0fb1,edge,-1,-1,-1,-1,-1,842,858
9071,6bba_05db0fb1,edge,-1,-1,-1,-1,-1,843,879
9072,6bba_05db0fb1,edge,-1,-1,-1,-1,-1,845,863
9073,6bba_05db0fb1,edge,-1,-1,-1,-1,-1,846,864
9074,6bba_05db0fb1,edge,-1,-1,-1,-1,-1,847,867
9075,6bba_05db0fb1,edge,-1,-1,-1,-1,-1,850,869
9076,6bba_05db0fb1,edge,-1,-1,-1,-1,-1,851,876
9077,6bba_05db0fb1,edge,-1,-1,-1,-1,-1,852,870
9078,6bba_05db0fb1,edge,-1,-1,-1,-1,-1,853,872
9079,6bba_05db0fb1,edge,-1,-1,-1,-1,-1,854,868
9080,6bba_05db0fb1,edge,-1,-1,-1,-1,-1,856,877
9081,6bba_05db0fb1,edge,-1,-1,-1,-1,-1,857,878
9082,6bba_05db0fb1,edge,-1,-1,-1,-1,-1,858,881
9083,6bba_05db0fb1,edge,-1,-1,-1,-1,-1,859,883
9084,6bba_05db0fb1,edge,-1,-1,-1,-1,-1,860,885
9085,6bba_05db0fb1,edge,-1,-1,-1,-1,-1,861,886
9086,6bba_05db0fb1,edge,-1,-1,-1,-1,-1,862,887
9087,6bba_05db0fb1,edge,-1,-1,-1,-1,-1,863,884
9088,6bba_05db0fb1,edge,-1,-1,-1,-1,-1,866,892
9089,6bba_05db0fb1,edge,-1,-1,-1,-1,-1,867,894
9090,6bba_05db0fb1,edge,-1,-1,-1,-1,-1,868,891
9091,6bba_05db0fb1,edge,-1,-1,-1,-1,-1,869,895
9092,6bba_05db0fb1,edge,-1,-1,-1,-1,-1,870,901
9093,6bba_05db0fb1,edge,-1,-1,-1,-1,-1,871,900
9094,6bba_05db0fb1,edge,-1,-1,-1,-1,-1,872,898
9095,6bba_05db0fb1,edge,-1,-1,-1,-1,-1,873,905
9096,6bba_05db0fb1,edge,-1,-1,-1,-1,-1,874,903
9097,6bba_05db0fb1,edge,-1,-1,-1,-1,-1,875,902
9098,6bba_05db0fb1,edge,-1,-1,-1,-1,-1,876,906
9099,6bba_05db0fb1,edge,-1,-1,-1,-1,-1,877,904
9100,6bba_05db0fb1,edge,-1,-1,-1,-1,-1,879,890
9101,6bba_05db0fb1,edge,-1,-1,-1,-1,-1,881,907
9102,6bba_05db0fb1,edge,-1,-1,-1,-1,-1,882,908
9103,6bba_05db0fb1,edge,-1,-1,-1,-1,-1,883,911
9104,6bba_05db0fb1,edge,-1,-1,-1,-1,-1,884,909
9105,6bba_05db0fb1,edge,-1,-1,-1,-1,-1,885,910
9106,6bba_05db0fb1,edge,-1,-1,-1,-1,-1,886,913
9107,6bba_05db0fb1,edge,-1,-1,-1,-1,-1,887,912
9108,6bba_05db0fb1,edge,-1,-1,-1,-1,-1,888,915
9109,6bba_05db0fb1,edge,-1,-1,-1,-1,-1,889,914
9110,6bba_05db0fb1,edge,-1,-1,-1,-1,-1,890,928
9111,6bba_05db0fb1,edge,-1,-1,-1,-1,-1,891,916
9112,6bba_05db0fb1,edge,-1,-1,-1,-1,-1,892,917
9113,6bba_05db0fb1,edge,-1,-1,-1,-1,-1,894,918
9114,6bba_05db0fb1,edge,-1,-1,-1,-1,-1,895,919
9115,6bba_05db0fb1,edge,-1,-1,-1,-1,-1,896,920
9116,6bba_05db0fb1,edge,-1,-1,-1,-1,-1,898,923
9117,6bba_05db0fb1,edge,-1,-1,-1,-1,-1,899,922
9118,6bba_05db0fb1,edge,-1,-1,-1,-1,-1,900,921
9119,6bba_05db0fb1,edge,-1,-1,-1,-1,-1,901,925
9120,6bba_05db0fb1,edge,-1,-1,-1,-1,-1,902,924
9121,6bba_05db0fb1,edge,-1,-1,-1,-1,-1,903,926
9122,6bba_05db0fb1,edge,-1,-1,-1,-1,-1,905,932
9123,6bba_05db0fb1,edge,-1,-1,-1,-1,-1,906,929
9124,6bba_05db0fb1,edge,-1,-1,-1,-1,-1,907,934
9125,6bba_05db0fb1,edge,-1,-1,-1,-1,-1,908,933
9126,6bba_05db0fb1,edge,-1,-1,-1,-1,-1,909,935
9127,6bba_05db0fb1,edge,-1,-1,-1,-1,-1,910,936
9128,6bba_05db0fb1,edge,-1,-1,-1,-1,-1,912,937
9129,6bba_05db0fb1,edge,-1,-1,-1,-1,-1,913,938
9130,6bba_05db0fb1,edge,-1,-1,-1,-1,-1,915,940
9131,6bba_05db0fb1,edge,-1,-1,-1,-1,-1,916,941
9132,6bba_05db0fb1,edge,-1,-1,-1,-1,-1,917,942
9133,6bba_05db0fb1,edge,-1,-1,-1,-1,-1,918,943
9134,6bba_05db0fb1,edge,-1,-1,-1,-1,-1,919,944
9135,6bba_05db0fb1,edge,-1,-1,-1,-1,-1,920,946
9136,6bba_05db0fb1,edge,-1,-1,-1,-1,-1,921,945
9137,6bba_05db0fb1,edge,-1,-1,-1,-1,-1,922,947
9138,6bba_05db0fb1,edge,-1,-1,-1,-1,-1,923,948
9139,6bba_05db0fb1,edge,-1,-1,-1,-1,-1,924,949
9140,6bba_05db0fb1,edge,-1,-1,-1,-1,-1,925,950
9141,6bba_05db0fb1,edge,-1,-1,-1,-1,-1,927,951
9142,6bba_05db0fb1,edge,-1,-1,-1,-1,-1,930,952
9143,6bba_05db0fb1,edge,-1,-1,-1,-1,-1,933,953
9144,6bba_05db0fb1,edge,-1,-1,-1,-1,-1,934,955
9145,6bba_05db0fb1,edge,-1,-1,-1,-1,-1,935,954
9146,6bba_05db0fb1,edge,-1,-1,-1,-1,-1,936,956
9147,6bba_05db0fb1,edge,-1,-1,-1,-1,-1,937,957
9148,6bba_05db0fb1,edge,-1,-1,-1,-1,-1,938,959
9149,6bba_05db0fb1,edge,-1,-1,-1,-1,-1,939,958
9150,6bba_05db0fb1,edge,-1,-1,-1,-1,-1,940,961
9151,6bba_05db0fb1,edge,-1,-1,-1,-1,-1,941,962
9152,6bba_05db0fb1,edge,-1,-1,-1,-1,-1,942,963
9153,6bba_05db0fb1,edge,-1,-1,-1,-1,-1,943,965
9154,6bba_05db0fb1,edge,-1,-1,-1,-1,-1,944,967
9155,6bba_05db0fb1,edge,-1,-1,-1,-1,-1,945,964
9156,6bba_05db0fb1,edge,-1,-1,-1,-1,-1,946,966
9157,6bba_05db0fb1,edge,-1,-1,-1,-1,-1,947,969
9158,6bba_05db0fb1,edge,-1,-1,-1,-1,-1,948,968
9159,6bba_05db0fb1,edge,-1,-1,-1,-1,-1,949,970
9160,6bba_05db0fb1,edge,-1,-1,-1,-1,-1,953,972
9161,6bba_05db0fb1,edge,-1,-1,-1,-1,-1,954,973
9162,6bba_05db0fb1,edge,-1,-1,-1,-1,-1,955,975
9163,6bba_05db0fb1,edge,-1,-1,-1,-1,-1,957,974
9164,6bba_05db0fb1,edge,-1,-1,-1,-1,-1,958,976
9165,6bba_05db0fb1,edge,-1,-1,-1,-1,-1,959,977
9166,6bba_05db0fb1,edge,-1,-1,-1,-1,-1,960,978
9167,6bba_05db0fb1,edge,-1,-1,-1,-1,-1,961,979
9168,6bba_05db0fb1,edge,-1,-1,-1,-1,-1,962,980
9169,6bba_05db0fb1,edge,-1,-1,-1,-1,-1,963,990
9170,6bba_05db0fb1,edge,-1,-1,-1,-1,-1,964,984
9171,6bba_05db0fb1,edge,-1,-1,-1,-1,-1,965,988
9172,6bba_05db0fb1,edge,-1,-1,-1,-1,-1,966,985
9173,6bba_05db0fb1,edge,-1,-1,-1,-1,-1,967,989
9174,6bba_05db0fb1,edge,-1,-1,-1,-1,-1,968,983
9175,6bba_05db0fb1,edge,-1,-1,-1,-1,-1,969,987
9176,6bba_05db0fb1,edge,-1,-1,-1,-1,-1,970,981
9177,6bba_05db0fb1,edge,-1,-1,-1,-1,-1,971,986
9178,6bba_05db0fb1,edge,-1,-1,-1,-1,-1,972,994
9179,6bba_05db0fb1,edge,-1,-1,-1,-1,-1,973,992
9180,6bba_05db0fb1,edge,-1,-1,-1,-1,-1,974,993
9181,6bba_05db0fb1,edge,-1,-1,-1,-1,-1,976,995
9182,6bba_05db0fb1,edge,-1,-1,-1,-1,-1,977,997
9183,6bba_05db0fb1,edge,-1,-1,-1,-1,-1,978,998
9184,6bba_05db0fb1,edge,-1,-1,-1,-1,-1,979,999
9185,6bba_05db0fb1,edge,-1,-1,-1,-1,-1,980,1000
9186,6bba_05db0fb1,edge,-1,-1,-1,-1,-1,981,1002
9187,6bba_05db0fb1,edge,-1,-1,-1,-1,-1,983,1011
9188,6bba_05db0fb1,edge,-1,-1,-1,-1,-1,984,1004
9189,6bba_05db0fb1,edge,-1,-1,-1,-1,-1,985,1005
9190,6bba_05db0fb1,edge,-1,-1,-1,-1,-1,986,1003
9191,6bba_05db0fb1,edge,-1,-1,-1,-1,-1,987,1006
9192,6bba_05db0fb1,edge,-1,-1,-1,-1,-1,988,1001
9193,6bba_05db0fb1,edge,-1,-1,-1,-1,-1,989,1007
9194,6bba_05db0fb1,edge,-1,-1,-1,-1,-1,990,1010
9195,6bba_05db0fb1,edge,-1,-1,-1,-1,-1,991,1008
9196,6bba_05db0fb1,edge,-1,-1,-1,-1,-1,992,1015
9197,6bba_05db0fb1,edge,-1,-1,-1,-1,-1,993,1014
9198,6bba_05db0fb1,edge,-1,-1,-1,-1,-1,994,1017
9199,6bba_05db0fb1,edge,-1,-1,-1,-1,-1,995,1016
9200,6bba_05db0fb1,edge,-1,-1,-1,-1,-1,996,1026
9201,6bba_05db0fb1,edge,-1,-1,-1,-1,-1,997,1018
9202,6bba_05db0fb1,edge,-1,-1,-1,-1,-1,998,1019
9203,6bba_05db0fb1,edge,-1,-1,-1,-1,-1,999,1020
9204,6bba_05db0fb1,edge,-1,-1,-1,-1,-1,1000,1021
9205,6bba_05db0fb1,edge,-1,-1,-1,-1,-1,1001,1022
9206,6bba_05db0fb1,edge,-1,-1,-1,-1,-1,1002,1023
9207,6bba_05db0fb1,edge,-1,-1,-1,-1,-1,1004,1024
9208,6bba_05db0fb1,edge,-1,-1,-1,-1,-1,1005,1029
9209,6bba_05db0fb1,edge,-1,-1,-1,-1,-1,1006,1030
9210,6bba_05db0fb1,edge,-1,-1,-1,-1,-1,1007,1031
9211,6bba_05db0fb1,edge,-1,-1,-1,-1,-1,1008,1025
9212,6bba_05db0fb1,edge,-1,-1,-1,-1,-1,1009,1028
9213,6bba_05db0fb1,edge,-1,-1,-1,-1,-1,1010,1032
9214,6bba_05db0fb1,edge,-1,-1,-1,-1,-1,1011,1027
9215,6bba_05db0fb1,edge,-1,-1,-1,-1,-1,1013,1033
9216,6bba_05db0fb1,edge,-1,-1,-1,-1,-1,1014,1036
9217,6bba_05db0fb1,edge,-1,-1,-1,-1,-1,1015,1038
9218,6bba_05db0fb1,edge,-1,-1,-1,-1,-1,1016,1040
9219,6bba_05db0fb1,edge,-1,-1,-1,-1,-1,1017,1039
9220,6bba_05db0fb1,edge,-1,-1,-1,-1,-1,1018,1041
9221,6bba_05db0fb1,edge,-1,-1,-1,-1,-1,1019,1043
9222,6bba_05db0fb1,edge,-1,-1,-1,-1,-1,1020,1046
9223,6bba_05db0fb1,edge,-1,-1,-1,-1,-1,1021,1045
9224,6bba_05db0fb1,edge,-1,-1,-1,-1,-1,1022,1050
9225,6bba_05db0fb1,edge,-1,-1,-1,-1,-1,1023,1051
9226,6bba_05db0fb1,edge,-1,-1,-1,-1,-1,1024,1052
9227,6bba_05db0fb1,edge,-1,-1,-1,-1,-1,1025,1049
9228,6bba_05db0fb1,edge,-1,-1,-1,-1,-1,1026,1035
9229,6bba_05db0fb1,edge,-1,-1,-1,-1,-1,1028,1054
9230,6bba_05db0fb1,edge,-1,-1,-1,-1,-1,1030,1053
9231,6bba_05db0fb1,edge,-1,-1,-1,-1,-1,1031,1055
9232,6bba_05db0fb1,edge,-1,-1,-1,-1,-1,1032,1047
9233,6bba_05db0fb1,edge,-1,-1,-1,-1,-1,1033,1059
9234,6bba_05db0fb1,edge,-1,-1,-1,-1,-1,1034,1061
9235,6bba_05db0fb1,edge,-1,-1,-1,-1,-1,1035,1060
9236,6bba_05db0fb1,edge,-1,-1,-1,-1,-1,1036,1063
9237,6bba_05db0fb1,edge,-1,-1,-1,-1,-1,1037,1065
9238,6bba_05db0fb1,edge,-1,-1,-1,-1,-1,1039,1064
9239,6bba_05db0fb1,edge,-1,-1,-1,-1,-1,1040,1068
9240,6bba_05db0fb1,edge,-1,-1,-1,-1,-1,1041,1067
9241,6bba_05db0fb1,edge,-1,-1,-1,-1,-1,1042,1066
9242,6bba_05db0fb1,edge,-1,-1,-1,-1,-1,1043,1069
9243,6bba_05db0fb1,edge,-1,-1,-1,-1,-1,1044,1074
9244,6bba_05db0fb1,edge,-1,-1,-1,-1,-1,1045,1072
9245,6bba_05db0fb1,edge,-1,-1,-1,-1,-1,1046,1071
9246,6bba_05db0fb1,edge,-1,-1,-1,-1,-1,1047,1073
9247,6bba_05db0fb1,edge,-1,-1,-1,-1,-1,1049,1075
9248,6bba_05db0fb1,edge,-1,-1,-1,-1,-1,1050,1080
9249,6bba_05db0fb1,edge,-1,-1,-1,-1,-1,1051,1076
9250,6bba_05db0fb1,edge,-1,-1,-1,-1,-1,1052,1078
9251,6bba_05db0fb1,edge,-1,-1,-1,-1,-1,1053,1081
9252,6bba_05db0fb1,edge,-1,-1,-1,-1,-1,1054,1079
9253,6bba_05db0fb1,edge,-1,-1,-1,-1,-1,1055,1077
9254,6bba_05db0fb1,edge,-1,-1,-1,-1,-1,1056,1083
9255,6bba_05db0fb1,edge,-1,-1,-1,-1,-1,1057,1084
9256,6bba_05db0fb1,edge,-1,-1,-1,-1,-1,1059,1082
9257,6bba_05db0fb1,edge,-1,-1,-1,-1,-1,1060,1085
9258,6bba_05db0fb1,edge,-1,-1,-1,-1,-1,1061,1086
9259,6bba_05db0fb1,edge,-1,-1,-1,-1,-1,1062,1087
9260,6bba_05db0fb1,edge,-1,-1,-1,-1,-1,1063,1088
9261,6bba_05db0fb1,edge,-1,-1,-1,-1,-1,1064,1089
9262,6bba_05db0fb1,edge,-1,-1,-1,-1,-1,1065,1090
9263,6bba_05db0fb1,edge,-1,-1,-1,-1,-1,1066,1091
9264,6bba_05db0fb1,edge,-1,-1,-1,-1,-1,1067,1092
9265,6bba_05db0fb1,edge,-1,-1,-1,-1,-1,1068,1093
9266,6bba_05db0fb1,edge,-1,-1,-1,-1,-1,1069,1094
9267,6bba_05db0fb1,edge,-1,-1,-1,-1,-1,1070,1095
9268,6bba_05db0fb1,edge,-1,-1,-1,-1,-1,1071,1096
9269,6bba_05db0fb1,edge,-1,-1,-1,-1,-1,1072,1097
9270,6bba_05db0fb1,edge,-1,-1,-1,-1,-1,1073,1098
9271,6bba_05db0fb1,edge,-1,-1,-1,-1,-1,1074,1099
9272,6bba_05db0fb1,edge,-1,-1,-1,-1,-1,1075,1100
9273,6bba_05db0fb1,edge,-1,-1,-1,-1,-1,1076,1101
9274,6bba_05db0fb1,edge,-1,-1,-1,-1,-1,1077,1102
9275,6bba_05db0fb1,edge,-1,-1,-1,-1,-1,1078,1103
9276,6bba_05db0fb1,edge,-1,-1,-1,-1,-1,1079,1104
9277,6bba_05db0fb1,edge,-1,-1,-1,-1,-1,1080,1105
9278,6bba_05db0fb1,edge,-1,-1,-1,-1,-1,1081,1106
9279,6bba_05db0fb1,edge,-1,-1,-1,-1,-1,1082,1107
9280,6bba_05db0fb1,edge,-1,-1,-1,-1,-1,1083,1108
9281,6bba_05db0fb1,edge,-1,-1,-1,-1,-1,1084,1109
9282,6bba_05db0fb1,edge,-1,-1,-1,-1,-1,1085,1110
9283,6bba_05db0fb1,edge,-1,-1,-1,-1,-1,1086,1111
9284,6bba_05db0fb1,edge,-1,-1,-1,-1,-1,1088,1112
9285,6bba_05db0fb1,edge,-1,-1,-1,-1,-1,1092,1113
9286,6bba_05db0fb1,edge,-1,-1,-1,-1,-1,1093,1114
9287,6bba_05db0fb1,edge,-1,-1,-1,-1,-1,1094,1115
9288,6bba_05db0fb1,edge,-1,-1,-1,-1,-1,1097,1124
9289,6bba_05db0fb1,edge,-1,-1,-1,-1,-1,1098,1118
9290,6bba_05db0fb1,edge,-1,-1,-1,-1,-1,1100,1122
9291,6bba_05db0fb1,edge,-1,-1,-1,-1,-1,1101,1125
9292,6bba_05db0fb1,edge,-1,-1,-1,-1,-1,1102,1117
9293,6bba_05db0fb1,edge,-1,-1,-1,-1,-1,1103,1119
9294,6bba_05db0fb1,edge,-1,-1,-1,-1,-1,1104,1123
9295,6bba_05db0fb1,edge,-1,-1,-1,-1,-1,1106,1120
9296,6bba_05db0fb1,edge,-1,-1,-1,-1,-1,1107,1121
9297,6bba_05db0fb1,edge,-1,-1,-1,-1,-1,1109,1127
9298,6bba_05db0fb1,edge,-1,-1,-1,-1,-1,1110,1129
9299,6bba_05db0fb1,edge,-1,-1,-1,-1,-1,1111,1130
9300,6bba_05db0fb1,edge,-1,-1,-1,-1,-1,1112,1128
9301,6bba_05db0fb1,edge,-1,-1,-1,-1,-1,1113,1136
9302,6bba_05db0fb1,edge,-1,-1,-1,-1,-1,1114,1131
9303,6bba_05db0fb1,edge,-1,-1,-1,-1,-1,1115,1133
9304,6bba_05db0fb1,edge,-1,-1,-1,-1,-1,1116,1142
9305,6bba_05db0fb1,edge,-1,-1,-1,-1,-1,1117,1140
9306,6bba_05db0fb1,edge,-1,-1,-1,-1,-1,1118,1134
9307,6bba_05db0fb1,edge,-1,-1,-1,-1,-1,1119,1141
9308,6bba_05db0fb1,edge,-1,-1,-1,-1,-1,1120,1135
9309,6bba_05db0fb1,edge,-1,-1,-1,-1,-1,1121,1139
9310,6bba_05db0fb1,edge,-1,-1,-1,-1,-1,1122,1138
9311,6bba_05db0fb1,edge,-1,-1,-1,-1,-1,1123,1146
9312,6bba_05db0fb1,edge,-1,-1,-1,-1,-1,1124,1144
9313,6bba_05db0fb1,edge,-1,-1,-1,-1,-1,1125,1145
9314,6bba_05db0fb1,edge,-1,-1,-1,-1,-1,1127,1148
9315,6bba_05db0fb1,edge,-1,-1,-1,-1,-1,1128,1149
9316,6bba_05db0fb1,edge,-1,-1,-1,-1,-1,1129,1150
9317,6bba_05db0fb1,edge,-1,-1,-1,-1,-1,1130,1156
9318,6bba_05db0fb1,edge,-1,-1,-1,-1,-1,1131,1153
9319,6bba_05db0fb1,edge,-1,-1,-1,-1,-1,1132,1154
9320,6bba_05db0fb1,edge,-1,-1,-1,-1,-1,1134,1157
9321,6bba_05db0fb1,edge,-1,-1,-1,-1,-1,1135,1158
9322,6bba_05db0fb1,edge,-1,-1,-1,-1,-1,1136,1155
9323,6bba_05db0fb1,edge,-1,-1,-1,-1,-1,1137,1152
9324,6bba_05db0fb1,edge,-1,-1,-1,-1,-1,1138,1159
9325,6bba_05db0fb1,edge,-1,-1,-1,-1,-1,1139,1161
9326,6bba_05db0fb1,edge,-1,-1,-1,-1,-1,1140,1165
9327,6bba_05db0fb1,edge,-1,-1,-1,-1,-1,1141,1163
9328,6bba_05db0fb1,edge,-1,-1,-1,-1,-1,1142,1160
9329,6bba_05db0fb1,edge,-1,-1,-1,-1,-1,1143,1166
9330,6bba_05db0fb1,edge,-1,-1,-1,-1,-1,1144,1164
9331,6bba_05db0fb1,edge,-1,-1,-1,-1,-1,1145,1168
9332,6bba_05db0fb1,edge,-1,-1,-1,-1,-1,1147,1169
9333,6bba_05db0fb1,edge,-1,-1,-1,-1,-1,1148,1171
9334,6bba_05db0fb1,edge,-1,-1,-1,-1,-1,1149,1173
9335,6bba_05db0fb1,edge,-1,-1,-1,-1,-1,1150,1174
9336,6bba_05db0fb1,edge,-1,-1,-1,-1,-1,1151,1177
9337,6bba_05db0fb1,edge,-1,-1,-1,-1,-1,1152,1178
9338,6bba_05db0fb1,edge,-1,-1,-1,-1,-1,1153,1179
9339,6bba_05db0fb1,edge,-1,-1,-1,-1,-1,1154,1180
9340,6bba_05db0fb1,edge,-1,-1,-1,-1,-1,1156,1176
9341,6bba_05db0fb1,edge,-1,-1,-1,-1,-1,1157,1182
9342,6bba_05db0fb1,edge,-1,-1,-1,-1,-1,1158,1185
9343,6bba_05db0fb1,edge,-1,-1,-1,-1,-1,1159,1183
9344,6bba_05db0fb1,edge,-1,-1,-1,-1,-1,1160,1194
9345,6bba_05db0fb1,edge,-1,-1,-1,-1,-1,1161,1187
9346,6bba_05db0fb1,edge,-1,-1,-1,-1,-1,1162,1184
9347,6bba_05db0fb1,edge,-1,-1,-1,-1,-1,1163,1199
9348,6bba_05db0fb1,edge,-1,-1,-1,-1,-1,1164,1190
9349,6bba_05db0fb1,edge,-1,-1,-1,-1,-1,1165,1189
9350,6bba_05db0fb1,edge,-1,-1,-1,-1,-1,1166,1192
9351,6bba_05db0fb1,edge,-1,-1,-1,-1,-1,1167,1193
9352,6bba_05db0fb1,edge,-1,-1,-1,-1,-1,1169,1198
9353,6bba_05db0fb1,edge,-1,-1,-1,-1,-1,1171,1195
9354,6bba_05db0fb1,edge,-1,-1,-1,-1,-1,1172,1186
9355,6bba_05db0fb1,edge,-1,-1,-1,-1,-1,1173,1201
9356,6bba_05db0fb1,edge,-1,-1,-1,-1,-1,1174,1202
9357,6bba_05db0fb1,edge,-1,-1,-1,-1,-1,1175,1205
9358,6bba_05db0fb1,edge,-1,-1,-1,-1,-1,1176,1203
9359,6bba_05db0fb1,edge,-1,-1,-1,-1,-1,1177,1204
9360,6bba_05db0fb1,edge,-1,-1,-1,-1,-1,1178,1207
9361,6bba_05db0fb1,edge,-1,-1,-1,-1,-1,1179,1208
9362,6bba_05db0fb1,edge,-1,-1,-1,-1,-1,1180,1206
9363,6bba_05db0fb1,edge,-1,-1,-1,-1,-1,1182,1213
9364,6bba_05db0fb1,edge,-1,-1,-1,-1,-1,1183,1211
9365,6bba_05db0fb1,edge,-1,-1,-1,-1,-1,1184,1210
9366,6bba_05db0fb1,edge,-1,-1,-1,-1,-1,1186,1215
9367,6bba_05db0fb1,edge,-1,-1,-1,-1,-1,1187,1214
9368,6bba_05db0fb1,edge,-1,-1,-1,-1,-1,1188,1209
9369,6bba_05db0fb1,edge,-1,-1,-1,-1,-1,1189,1219
9370,6bba_05db0fb1,edge,-1,-1,-1,-1,-1,1190,1222
9371,6bba_05db0fb1,edge,-1,-1,-1,-1,-1,1191,1212
9372,6bba_05db0fb1,edge,-1,-1,-1,-1,-1,1193,1220
9373,6bba_05db0fb1,edge,-1,-1,-1,-1,-1,1194,1223
9374,6bba_05db0fb1,edge,-1,-1,-1,-1,-1,1195,1218
9375,6bba_05db0fb1,edge,-1,-1,-1,-1,-1,1196,1221
9376,6bba_05db0fb1,edge,-1,-1,-1,-1,-1,1199,1217
9377,6bba_05db0fb1,edge,-1,-1,-1,-1,-1,1202,1228
9378,6bba_05db0fb1,edge,-1,-1,-1,-1,-1,1203,1225
9379,6bba_05db0fb1,edge,-1,-1,-1,-1,-1,1204,1229
9380,6bba_05db0fb1,edge,-1,-1,-1,-1,-1,1205,1227
9381,6bba_05db0fb1,edge,-1,-1,-1,-1,-1,1206,1230
9382,6bba_05db0fb1,edge,-1,-1,-1,-1,-1,1207,1226
9383,6bba_05db0fb1,edge,-1,-1,-1,-1,-1,1208,1231
9384,6bba_05db0fb1,edge,-1,-1,-1,-1,-1,1209,1237
9385,6bba_05db0fb1,edge,-1,-1,-1,-1,-1,1210,1236
9386,6bba_05db0fb1,edge,-1,-1,-1,-1,-1,1211,1235
9387,6bba_05db0fb1,edge,-1,-1,-1,-1,-1,1212,1233
9388,6bba_05db0fb1,edge,-1,-1,-1,-1,-1,1213,1234
9389,6bba_05db0fb1,edge,-1,-1,-1,-1,-1,1214,1240
9390,6bba_05db0fb1,edge,-1,-1,-1,-1,-1,1215,1241
9391,6bba_05db0fb1,edge,-1,-1,-1,-1,-1,1216,1238
9392,6bba_05db0fb1,edge,-1,-1,-1,-1,-1,1218,1242
9393,6bba_05db0fb1,edge,-1,-1,-1,-1,-1,1219,1239
9394,6bba_05db0fb1,edge,-1,-1,-1,-1,-1,1220,1244
9395,6bba_05db0fb1,edge,-1,-1,-1,-1,-1,1221,1247
9396,6bba_05db0fb1,edge,-1,-1,-1,-1,-1,1222,1246
9397,6bba_05db0fb1,edge,-1,-1,-1,-1,-1,1223,1245
9398,6bba_05db0fb1,edge,-1,-1,-1,-1,-1,1225,1249
9399,6bba_05db0fb1,edge,-1,-1,-1,-1,-1,1226,1248
9400,6bba_05db0fb1,edge,-1,-1,-1,-1,-1,1227,1251
9401,6bba_05db0fb1,edge,-1,-1,-1,-1,-1,1228,1252
9402,6bba_05db0fb1,edge,-1,-1,-1,-1,-1,1230,1253
9403,6bba_05db0fb1,edge,-1,-1,-1,-1,-1,1231,1255
9404,6bba_05db0fb1,edge,-1,-1,-1,-1,-1,1232,1261
9405,6bba_05db0fb1,edge,-1,-1,-1,-1,-1,1233,1258
9406,6bba_05db0fb1,edge,-1,-1,-1,-1,-1,1234,1259
9407,6bba_05db0fb1,edge,-1,-1,-1,-1,-1,1235,1262
9408,6bba_05db0fb1,edge,-1,-1,-1,-1,-1,1236,1263
9409,6bba_05db0fb1,edge,-1,-1,-1,-1,-1,1237,1256
9410,6bba_05db0fb1,edge,-1,-1,-1,-1,-1,1238,1254
9411,6bba_05db0fb1,edge,-1,-1,-1,-1,-1,1239,1260
9412,6bba_05db0fb1,edge,-1,-1,-1,-1,-1,1242,1270
9413,6bba_05db0fb1,edge,-1,-1,-1,-1,-1,1243,1265
9414,6bba_05db0fb1,edge,-1,-1,-1,-1,-1,1244,1269
9415,6bba_05db0fb1,edge,-1,-1,-1,-1,-1,1245,1268
9416,6bba_05db0fb1,edge,-1,-1,-1,-1,-1,1246,1267
9417,6bba_05db0fb1,edge,-1,-1,-1,-1,-1,1248,1271
9418,6bba_05db0fb1,edge,-1,-1,-1,-1,-1,1249,1273
9419,6bba_05db0fb1,edge,-1,-1,-1,-1,-1,1250,1272
9420,6bba_05db0fb1,edge,-1,-1,-1,-1,-1,1251,1276
9421,6bba_05db0fb1,edge,-1,-1,-1,-1,-1,1252,1275
9422,6bba_05db0fb1,edge,-1,-1,-1,-1,-1,1253,1277
9423,6bba_05db0fb1,edge,-1,-1,-1,-1,-1,1254,1280
9424,6bba_05db0fb1,edge,-1,-1,-1,-1,-1,1255,1279
9425,6bba_05db0fb1,edge,-1,-1,-1,-1,-1,1256,1274
9426,6bba_05db0fb1,edge,-1,-1,-1,-1,-1,1257,1281
9427,6bba_05db0fb1,edge,-1,-1,-1,-1,-1,1258,1283
9428,6bba_05db0fb1,edge,-1,-1,-1,-1,-1,1260,1285
9429,6bba_05db0fb1,edge,-1,-1,-1,-1,-1,1262,1284
9430,6bba_05db0fb1,edge,-1,-1,-1,-1,-1,1263,1282
9431,6bba_05db0fb1,edge,-1,-1,-1,-1,-1,1265,1286
9432,6bba_05db0fb1,edge,-1,-1,-1,-1,-1,1267,1287
9433,6bba_05db0fb1,edge,-1,-1,-1,-1,-1,1268,1289
9434,6bba_05db0fb1,edge,-1,-1,-1,-1,-1,1269,1290
9435,6bba_05db0fb1,edge,-1,-1,-1,-1,-1,1271,1293
9436,6bba_05db0fb1,edge,-1,-1,-1,-1,-1,1272,1294
9437,6bba_05db0fb1,edge,-1,-1,-1,-1,-1,1273,1292
9438,6bba_05db0fb1,edge,-1,-1,-1,-1,-1,1274,1295
9439,6bba_05db0fb1,edge,-1,-1,-1,-1,-1,1275,1296
9440,6bba_05db0fb1,edge,-1,-1,-1,-1,-1,1276,1297
9441,6bba_05db0fb1,edge,-1,-1,-1,-1,-1,1277,1301
9442,6bba_05db0fb1,edge,-1,-1,-1,-1,-1,1278,1299
9443,6bba_05db0fb1,edge,-1,-1,-1,-1,-1,1279,1300
9444,6bba_05db0fb1,edge,-1,-1,-1,-1,-1,1280,1305
9445,6bba_05db0fb1,edge,-1,-1,-1,-1,-1,1281,1302
9446,6bba_05db0fb1,edge,-1,-1,-1,-1,-1,1282,1303
9447,6bba_05db0fb1,edge,-1,-1,-1,-1,-1,1283,1306
9448,6bba_05db0fb1,edge,-1,-1,-1,-1,-1,1284,1307
9449,6bba_05db0fb1,edge,-1,-1,-1,-1,-1,1285,1304
9450,6bba_05db0fb1,edge,-1,-1,-1,-1,-1,1286,1308
9451,6bba_05db0fb1,edge,-1,-1,-1,-1,-1,1287,1310
9452,6bba_05db0fb1,edge,-1,-1,-1,-1,-1,1288,1312
9453,6bba_05db0fb1,edge,-1,-1,-1,-1,-1,1291,1313
9454,6bba_05db0fb1,edge,-1,-1,-1,-1,-1,1292,1314
9455,6bba_05db0fb1,edge,-1,-1,-1,-1,-1,1293,1317
9456,6bba_05db0fb1,edge,-1,-1,-1,-1,-1,1294,1316
9457,6bba_05db0fb1,edge,-1,-1,-1,-1,-1,1296,1315
9458,6bba_05db0fb1,edge,-1,-1,-1,-1,-1,1297,1318
9459,6bba_05db0fb1,edge,-1,-1,-1,-1,-1,1299,1320
9460,6bba_05db0fb1,edge,-1,-1,-1,-1,-1,1300,1319
9461,6bba_05db0fb1,edge,-1,-1,-1,-1,-1,1302,1321
9462,6bba_05db0fb1,edge,-1,-1,-1,-1,-1,1303,1322
9463,6bba_05db0fb1,edge,-1,-1,-1,-1,-1,1304,1323
9464,6bba_05db0fb1,edge,-1,-1,-1,-1,-1,1305,1326
9465,6bba_05db0fb1,edge,-1,-1,-1,-1,-1,1307,1327
9466,6bba_05db0fb1,edge,-1,-1,-1,-1,-1,1308,1324
9467,6bba_05db0fb1,edge,-1,-1,-1,-1,-1,1309,1325
9468,6bba_05db0fb1,edge,-1,-1,-1,-1,-1,1310,1331
9469,6bba_05db0fb1,edge,-1,-1,-1,-1,-1,1311,1328
9470,6bba_05db0fb1,edge,-1,-1,-1,-1,-1,1312,1330
9471,6bba_05db0fb1,edge,-1,-1,-1,-1,-1,1313,1333
9472,6bba_05db0fb1,edge,-1,-1,-1,-1,-1,1314,1332
9473,6bba_05db0fb1,edge,-1,-1,-1,-1,-1,1315,1335
9474,6bba_05db0fb1,edge,-1,-1,-1,-1,-1,1316,1338
9475,6bba_05db0fb1,edge,-1,-1,-1,-1,-1,1317,1334
9476,6bba_05db0fb1,edge,-1,-1,-1,-1,-1,1318,1336
9477,6bba_05db0fb1,edge,-1,-1,-1,-1,-1,1319,1337
9478,6bba_05db0fb1,edge,-1,-1,-1,-1,-1,1320,1342
9479,6bba_05db0fb1,edge,-1,-1,-1,-1,-1,1321,1339
9480,6bba_05db0fb1,edge,-1,-1,-1,-1,-1,1322,1341
9481,6bba_05db0fb1,edge,-1,-1,-1,-1,-1,1323,1340
9482,6bba_05db0fb1,edge,-1,-1,-1,-1,-1,1324,1344
9483,6bba_05db0fb1,edge,-1,-1,-1,-1,-1,1325,1346
9484,6bba_05db0fb1,edge,-1,-1,-1,-1,-1,1326,1343
9485,6bba_05db0fb1,edge,-1,-1,-1,-1,-1,1327,1348
9486,6bba_05db0fb1,edge,-1,-1,-1,-1,-1,1328,1345
9487,6bba_05db0fb1,edge,-1,-1,-1,-1,-1,1331,1347
9488,6bba_05db0fb1,edge,-1,-1,-1,-1,-1,1332,1349
9489,6bba_05db0fb1,edge,-1,-1,-1,-1,-1,1333,1351
9490,6bba_05db0fb1,edge,-1,-1,-1,-1,-1,1334,1350
9491,6bba_05db0fb1,edge,-1,-1,-1,-1,-1,1335,1352
9492,6bba_05db0fb1,edge,-1,-1,-1,-1,-1,1336,1353
9493,6bba_05db0fb1,edge,-1,-1,-1,-1,-1,1337,1354
9494,6bba_05db0fb1,edge,-1,-1,-1,-1,-1,1338,1355
9495,6bba_05db0fb1,edge,-1,-1,-1,-1,-1,1339,1356
9496,6bba_05db0fb1,edge,-1,-1,-1,-1,-1,1340,1357
9497,6bba_05db0fb1,edge,-1,-1,-1,-1,-1,1341,1358
9498,6bba_05db0fb1,edge,-1,-1,-1,-1,-1,1342,1359
9499,6bba_05db0fb1,edge,-1,-1,-1,-1,-1,1343,1361
9500,6bba_05db0fb1,edge,-1,-1,-1,-1,-1,1344,1360
9501,6bba_05db0fb1,edge,-1,-1,-1,-1,-1,1345,1362
9502,6bba_05db0fb1,edge,-1,-1,-1,-1,-1,1346,1364
9503,6bba_05db0fb1,edge,-1,-1,-1,-1,-1,1347,1368
9504,6bba_05db0fb1,edge,-1,-1,-1,-1,-1,1349,1369
9505,6bba_05db0fb1,edge,-1,-1,-1,-1,-1,1350,1370
9506,6bba_05db0fb1,edge,-1,-1,-1,-1,-1,1352,1371
9507,6bba_05db0fb1,edge,-1,-1,-1,-1,-1,1353,1372
9508,6bba_05db0fb1,edge,-1,-1,-1,-1,-1,1354,1373
9509,6bba_05db0fb1,edge,-1,-1,-1,-1,-1,1355,1374
9510,6bba_05db0fb1,edge,-1,-1,-1,-1,-1,1356,1375
9511,6bba_05db0fb1,edge,-1,-1,-1,-1,-1,1357,1377
9512,6bba_05db0fb1,edge,-1,-1,-1,-1,-1,1358,1378
9513,6bba_05db0fb1,edge,-1,-1,-1,-1,-1,1359,1376
9514,6bba_05db0fb1,edge,-1,-1,-1,-1,-1,1360,1379
9515,6bba_05db0fb1,edge,-1,-1,-1,-1,-1,1361,1380
9516,6bba_05db0fb1,edge,-1,-1,-1,-1,-1,1362,1382
9517,6bba_05db0fb1,edge,-1,-1,-1,-1,-1,1363,1384
9518,6bba_05db0fb1,edge,-1,-1,-1,-1,-1,1364,1385
9519,6bba_05db0fb1,edge,-1,-1,-1,-1,-1,1365,1383
9520,6bba_05db0fb1,edge,-1,-1,-1,-1,-1,1366,1388
9521,6bba_05db0fb1,edge,-1,-1,-1,-1,-1,1367,1387
9522,6bba_05db0fb1,edge,-1,-1,-1,-1,-1,1369,1393
9523,6bba_05db0fb1,edge,-1,-1,-1,-1,-1,1370,1389
9524,6bba_05db0fb1,edge,-1,-1,-1,-1,-1,1371,1394
9525,6bba_05db0fb1,edge,-1,-1,-1,-1,-1,1372,1391
9526,6bba_05db0fb1,edge,-1,-1,-1,-1,-1,1373,1395
9527,6bba_05db0fb1,edge,-1,-1,-1,-1,-1,1374,1390
9528,6bba_05db0fb1,edge,-1,-1,-1,-1,-1,1375,1396
9529,6bba_05db0fb1,edge,-1,-1,-1,-1,-1,1376,1397
9530,6bba_05db0fb1,edge,-1,-1,-1,-1,-1,1377,1400
9531,6bba_05db0fb1,edge,-1,-1,-1,-1,-1,1378,1401
9532,6bba_05db0fb1,edge,-1,-1,-1,-1,-1,1379,1402
9533,6bba_05db0fb1,edge,-1,-1,-1,-1,-1,1380,1405
9534,6bba_05db0fb1,edge,-1,-1,-1,-1,-1,1381,1398
9535,6bba_05db0fb1,edge,-1,-1,-1,-1,-1,1382,1403
9536,6bba_05db0fb1,edge,-1,-1,-1,-1,-1,1383,1399
9537,6bba_05db0fb1,edge,-1,-1,-1,-1,-1,1385,1406
9538,6bba_05db0fb1,edge,-1,-1,-1,-1,-1,1388,1407
9539,6bba_05db0fb1,edge,-1,-1,-1,-1,-1,1389,1408
9540,6bba_05db0fb1,edge,-1,-1,-1,-1,-1,1390,1409
9541,6bba_05db0fb1,edge,-1,-1,-1,-1,-1,1391,1410
9542,6bba_05db0fb1,edge,-1,-1,-1,-1,-1,1392,1411
9543,6bba_05db0fb1,edge,-1,-1,-1,-1,-1,1393,1412
9544,6bba_05db0fb1,edge,-1,-1,-1,-1,-1,1394,1413
9545,6bba_05db0fb1,edge,-1,-1,-1,-1,-1,1395,1414
9546,6bba_05db0fb1,edge,-1,-1,-1,-1,-1,1396,1415
9547,6bba_05db0fb1,edge,-1,-1,-1,-1,-1,1397,1416
9548,6bba_05db0fb1,edge,-1,-1,-1,-1,-1,1398,1417
9549,6bba_05db0fb1,edge,-1,-1,-1,-1,-1,1399,1418
9550,6bba_05db0fb1,edge,-1,-1,-1,-1,-1,1400,1419
9551,6bba_05db0fb1,edge,-1,-1,-1,-1,-1,1401,1420
9552,6bba_05db0fb1,edge,-1,-1,-1,-1,-1,1402,1421
9553,6bba_05db0fb1,edge,-1,-1,-1,-1,-1,1403,1422
9554,6bba_05db0fb1,edge,-1,-1,-1,-1,-1,1404,1423
9555,6bba_05db0fb1,edge,-1,-1,-1,-1,-1,1405,1424
9556,6bba_05db0fb1,edge,-1,-1,-1,-1,-1,1406,1425
9557,6bba_05db0fb1,edge,-1,-1,-1,-1,-1,1407,1426
9558,6bba_05db0fb1,edge,-1,-1,-1,-1,-1,1410,1433
9559,6bba_05db0fb1,edge,-1,-1,-1,-1,-1,1411,1428
9560,6bba_05db0fb1,edge,-1,-1,-1,-1,-1,1412,1427
9561,6bba_05db0fb1,edge,-1,-1,-1,-1,-1,1413,1430
9562,6bba_05db0fb1,edge,-1,-1,-1,-1,-1,1414,1432
9563,6bba_05db0fb1,edge,-1,-1,-1,-1,-1,1415,1435
9564,6bba_05db0fb1,edge,-1,-1,-1,-1,-1,1416,1431
9565,6bba_05db0fb1,edge,-1,-1,-1,-1,-1,1417,1429
9566,6bba_05db0fb1,edge,-1,-1,-1,-1,-1,1418,1437
9567,6bba_05db0fb1,edge,-1,-1,-1,-1,-1,1419,1440
9568,6bba_05db0fb1,edge,-1,-1,-1,-1,-1,1420,1439
9569,6bba_05db0fb1,edge,-1,-1,-1,-1,-1,1421,1441
9570,6bba_05db0fb1,edge,-1,-1,-1,-1,-1,1422,1443
9571,6bba_05db0fb1,edge,-1,-1,-1,-1,-1,1423,1436
9572,6bba_05db0fb1,edge,-1,-1,-1,-1,-1,1424,1448
9573,6bba_05db0fb1,edge,-1,-1,-1,-1,-1,1426,1442
9574,6bba_05db0fb1,edge,-1,-1,-1,-1,-1,1427,1450
9575,6bba_05db0fb1,edge,-1,-1,-1,-1,-1,1428,1452
9576,6bba_05db0fb1,edge,-1,-1,-1,-1,-1,1429,1451
9577,6bba_05db0fb1,edge,-1,-1,-1,-1,-1,1430,1453
9578,6bba_05db0fb1,edge,-1,-1,-1,-1,-1,1431,1454
9579,6bba_05db0fb1,edge,-1,-1,-1,-1,-1,1432,1455
9580,6bba_05db0fb1,edge,-1,-1,-1,-1,-1,1434,1469
9581,6bba_05db0fb1,edge,-1,-1,-1,-1,-1,1435,1457
9582,6bba_05db0fb1,edge,-1,-1,-1,-1,-1,1436,1456
9583,6bba_05db0fb1,edge,-1,-1,-1,-1,-1,1437,1458
9584,6bba_05db0fb1,edge,-1,-1,-1,-1,-1,1438,1459
9585,6bba_05db0fb1,edge,-1,-1,-1,-1,-1,1439,1461
9586,6bba_05db0fb1,edge,-1,-1,-1,-1,-1,1440,1463
9587,6bba_05db0fb1,edge,-1,-1,-1,-1,-1,1441,1462
9588,6bba_05db0fb1,edge,-1,-1,-1,-1,-1,1442,1468
9589,6bba_05db0fb1,edge,-1,-1,-1,-1,-1,1443,1465
9590,6bba_05db0fb1,edge,-1,-1,-1,-1,-1,1444,1467
9591,6bba_05db0fb1,edge,-1,-1,-1,-1,-1,1445,1460
9592,6bba_05db0fb1,edge,-1,-1,-1,-1,-1,1447,1464
9593,6bba_05db0fb1,edge,-1,-1,-1,-1,-1,1448,1466
9594,6bba_05db0fb1,edge,-1,-1,-1,-1,-1,1449,1470
9595,6bba_05db0fb1,edge,-1,-1,-1,-1,-1,1450,1473
9596,6bba_05db0fb1,edge,-1,-1,-1,-1,-1,1451,1472
9597,6bba_05db0fb1,edge,-1,-1,-1,-1,-1,1452,1471
9598,6bba_05db0fb1,edge,-1,-1,-1,-1,-1,1453,1475
9599,6bba_05db0fb1,edge,-1,-1,-1,-1,-1,1454,1476
9600,6bba_05db0fb1,edge,-1,-1,-1,-1,-1,1455,1477
9601,6bba_05db0fb1,edge,-1,-1,-1,-1,-1,1456,1480
9602,6bba_05db0fb1,edge,-1,-1,-1,-1,-1,1457,1482
9603,6bba_05db0fb1,edge,-1,-1,-1,-1,-1,1458,1483
9604,6bba_05db0fb1,edge,-1,-1,-1,-1,-1,1459,1484
9605,6bba_05db0fb1,edge,-1,-1,-1,-1,-1,1460,1485
9606,6bba_05db0fb1,edge,-1,-1,-1,-1,-1,1461,1488
9607,6bba_05db0fb1,edge,-1,-1,-1,-1,-1,1462,1487
9608,6bba_05db0fb1,edge,-1,-1,-1,-1,-1,1463,1489
9609,6bba_05db0fb1,edge,-1,-1,-1,-1,-1,1464,1490
9610,6bba_05db0fb1,edge,-1,-1,-1,-1,-1,1465,1491
9611,6bba_05db0fb1,edge,-1,-1,-1,-1,-1,1466,1486
9612,6bba_05db0fb1,edge,-1,-1,-1,-1,-1,1467,1493
9613,6bba_05db0fb1,edge,-1,-1,-1,-1,-1,1468,1494
9614,6bba_05db0fb1,edge,-1,-1,-1,-1,-1,1469,1479
9615,6bba_05db0fb1,edge,-1,-1,-1,-1,-1,1470,1496
9616,6bba_05db0fb1,edge,-1,-1,-1,-1,-1,1471,1497
9617,6bba_05db0fb1,edge,-1,-1,-1,-1,-1,1472,1499
9618,6bba_05db0fb1,edge,-1,-1,-1,-1,-1,1473,1498
9619,6bba_05db0fb1,edge,-1,-1,-1,-1,-1,1474,1500
9620,6bba_05db0fb1,edge,-1,-1,-1,-1,-1,1475,1501
9621,6bba_05db0fb1,edge,-1,-1,-1,-1,-1,1476,1504
9622,6bba_05db0fb1,edge,-1,-1,-1,-1,-1,1477,1503
9623,6bba_05db0fb1,edge,-1,-1,-1,-1,-1,1479,1505
9624,6bba_05db0fb1,edge,-1,-1,-1,-1,-1,1480,1507
9625,6bba_05db0fb1,edge,-1,-1,-1,-1,-1,1481,1518
9626,6bba_05db0fb1,edge,-1,-1,-1,-1,-1,1482,1509
9627,6bba_05db0fb1,edge,-1,-1,-1,-1,-1,1483,1508
9628,6bba_05db0fb1,edge,-1,-1,-1,-1,-1,1484,1510
9629,6bba_05db0fb1,edge,-1,-1,-1,-1,-1,1485,1511
9630,6bba_05db0fb1,edge,-1,-1,-1,-1,-1,1486,1506
9631,6bba_05db0fb1,edge,-1,-1,-1,-1,-1,1487,1514
9632,6bba_05db0fb1,edge,-1,-1,-1,-1,-1,1488,1513
9633,6bba_05db0fb1,edge,-1,-1,-1,-1,-1,1489,1512
9634,6bba_05db0fb1,edge,-1,-1,-1,-1,-1,1490,1515
9635,6bba_05db0fb1,edge,-1,-1,-1,-1,-1,1491,1516
9636,6bba_05db0fb1,edge,-1,-1,-1,-1,-1,1492,1519
9637,6bba_05db0fb1,edge,-1,-1,-1,-1,-1,1493,1517
9638,6bba_05db0fb1,edge,-1,-1,-1,-1,-1,1496,1525
9639,6bba_05db0fb1,edge,-1,-1,-1,-1,-1,1497,1522
9640,6bba_05db0fb1,edge,-1,-1,-1,-1,-1,1498,1523
9641,6bba_05db0fb1,edge,-1,-1,-1,-1,-1,1499,1524
9642,6bba_05db0fb1,edge,-1,-1,-1,-1,-1,1500,1521
9643,6bba_05db0fb1,edge,-1,-1,-1,-1,-1,1501,1526
9644,6bba_05db0fb1,edge,-1,-1,-1,-1,-1,1503,1527
9645,6bba_05db0fb1,edge,-1,-1,-1,-1,-1,1504,1528
9646,6bba_05db0fb1,edge,-1,-1,-1,-1,-1,1505,1529
9647,6bba_05db0fb1,edge,-1,-1,-1,-1,-1,1506,1536
9648,6bba_05db0fb1,edge,-1,-1,-1,-1,-1,1507,1530
9649,6bba_05db0fb1,edge,-1,-1,-1,-1,-1,1508,1531
9650,6bba_05db0fb1,edge,-1,-1,-1,-1,-1,1510,1534
9651,6bba_05db0fb1,edge,-1,-1,-1,-1,-1,1511,1532
9652,6bba_05db0fb1,edge,-1,-1,-1,-1,-1,1513,1538
9653,6bba_05db0fb1,edge,-1,-1,-1,-1,-1,1514,1535
9654,6bba_05db0fb1,edge,-1,-1,-1,-1,-1,1515,1539
9655,6bba_05db0fb1,edge,-1,-1,-1,-1,-1,1516,1540
9656,6bba_05db0fb1,edge,-1,-1,-1,-1,-1,1517,1537
9657,6bba_05db0fb1,edge,-1,-1,-1,-1,-1,1518,1533
9658,6bba_05db0fb1,edge,-1,-1,-1,-1,-1,1519,1541
9659,6bba_05db0fb1,edge,-1,-1,-1,-1,-1,1520,1542
9660,6bba_05db0fb1,edge,-1,-1,-1,-1,-1,1521,1544
9661,6bba_05db0fb1,edge,-1,-1,-1,-1,-1,1522,1545
9662,6bba_05db0fb1,edge,-1,-1,-1,-1,-1,1523,1549
9663,6bba_05db0fb1,edge,-1,-1,-1,-1,-1,1524,1548
9664,6bba_05db0fb1,edge,-1,-1,-1,-1,-1,1525,1547
9665,6bba_05db0fb1,edge,-1,-1,-1,-1,-1,1526,1554
9666,6bba_05db0fb1,edge,-1,-1,-1,-1,-1,1527,1553
9667,6bba_05db0fb1,edge,-1,-1,-1,-1,-1,1528,1546
9668,6bba_05db0fb1,edge,-1,-1,-1,-1,-1,1529,1555
9669,6bba_05db0fb1,edge,-1,-1,-1,-1,-1,1530,1556
9670,6bba_05db0fb1,edge,-1,-1,-1,-1,-1,1531,1558
9671,6bba_05db0fb1,edge,-1,-1,-1,-1,-1,1532,1557
9672,6bba_05db0fb1,edge,-1,-1,-1,-1,-1,1533,1551
9673,6bba_05db0fb1,edge,-1,-1,-1,-1,-1,1534,1559
9674,6bba_05db0fb1,edge,-1,-1,-1,-1,-1,1535,1560
9675,6bba_05db0fb1,edge,-1,-1,-1,-1,-1,1536,1564
9676,6bba_05db0fb1,edge,-1,-1,-1,-1,-1,1537,1563
9677,6bba_05db0fb1,edge,-1,-1,-1,-1,-1,1539,1561
9678,6bba_05db0fb1,edge,-1,-1,-1,-1,-1,1540,1562
9679,6bba_05db0fb1,edge,-1,-1,-1,-1,-1,1541,1565
9680,6bba_05db0fb1,edge,-1,-1,-1,-1,-1,1542,1567
9681,6bba_05db0fb1,edge,-1,-1,-1,-1,-1,1545,1569
9682,6bba_05db0fb1,edge,-1,-1,-1,-1,-1,1546,1570
9683,6bba_05db0fb1,edge,-1,-1,-1,-1,-1,1547,1575
9684,6bba_05db0fb1,edge,-1,-1,-1,-1,-1,1549,1573
9685,6bba_05db0fb1,edge,-1,-1,-1,-1,-1,1550,1571
9686,6bba_05db0fb1,edge,-1,-1,-1,-1,-1,1551,1572
9687,6bba_05db0fb1,edge,-1,-1,-1,-1,-1,1553,1577
9688,6bba_05db0fb1,edge,-1,-1,-1,-1,-1,1554,1576
9689,6bba_05db0fb1,edge,-1,-1,-1,-1,-1,1555,1578
9690,6bba_05db0fb1,edge,-1,-1,-1,-1,-1,1556,1579
9691,6bba_05db0fb1,edge,-1,-1,-1,-1,-1,1557,1580
9692,6bba_05db0fb1,edge,-1,-1,-1,-1,-1,1558,1581
9693,6bba_05db0fb1,edge,-1,-1,-1,-1,-1,1560,1583
9694,6bba_05db0fb1,edge,-1,-1,-1,-1,-1,1561,1590
9695,6bba_05db0fb1,edge,-1,-1,-1,-1,-1,1562,1585
9696,6bba_05db0fb1,edge,-1,-1,-1,-1,-1,1563,1584
9697,6bba_05db0fb1,edge,-1,-1,-1,-1,-1,1564,1588
9698,6bba_05db0fb1,edge,-1,-1,-1,-1,-1,1565,1586
9699,6bba_05db0fb1,edge,-1,-1,-1,-1,-1,1567,1589
9700,6bba_05db0fb1,edge,-1,-1,-1,-1,-1,1568,1587
9701,6bba_05db0fb1,edge,-1,-1,-1,-1,-1,1569,1603
9702,6bba_05db0fb1,edge,-1,-1,-1,-1,-1,1570,1592
9703,6bba_05db0fb1,edge,-1,-1,-1,-1,-1,1571,1593
9704,6bba_05db0fb1,edge,-1,-1,-1,-1,-1,1572,1595
9705,6bba_05db0fb1,edge,-1,-1,-1,-1,-1,1573,1594
9706,6bba_05db0fb1,edge,-1,-1,-1,-1,-1,1574,1596
9707,6bba_05db0fb1,edge,-1,-1,-1,-1,-1,1575,1591
9708,6bba_05db0fb1,edge,-1,-1,-1,-1,-1,1576,1597
9709,6bba_05db0fb1,edge,-1,-1,-1,-1,-1,1577,1598
9710,6bba_05db0fb1,edge,-1,-1,-1,-1,-1,1578,1600
9711,6bba_05db0fb1,edge,-1,-1,-1,-1,-1,1579,1602
9712,6bba_05db0fb1,edge,-1,-1,-1,-1,-1,1580,1601
9713,6bba_05db0fb1,edge,-1,-1,-1,-1,-1,1581,1605
9714,6bba_05db0fb1,edge,-1,-1,-1,-1,-1,1582,1607
9715,6bba_05db0fb1,edge,-1,-1,-1,-1,-1,1583,1609
9716,6bba_05db0fb1,edge,-1,-1,-1,-1,-1,1584,1604
9717,6bba_05db0fb1,edge,-1,-1,-1,-1,-1,1585,1606
9718,6bba_05db0fb1,edge,-1,-1,-1,-1,-1,1590,1608
9719,6bba_05db0fb1,edge,-1,-1,-1,-1,-1,1591,1612
9720,6bba_05db0fb1,edge,-1,-1,-1,-1,-1,1592,1613
9721,6bba_05db0fb1,edge,-1,-1,-1,-1,-1,1593,1614
9722,6bba_05db0fb1,edge,-1,-1,-1,-1,-1,1595,1615
9723,6bba_05db0fb1,edge,-1,-1,-1,-1,-1,1596,1616
9724,6bba_05db0fb1,edge,-1,-1,-1,-1,-1,1597,1617
9725,6bba_05db0fb1,edge,-1,-1,-1,-1,-1,1598,1618
9726,6bba_05db0fb1,edge,-1,-1,-1,-1,-1,1599,1619
9727,6bba_05db0fb1,edge,-1,-1,-1,-1,-1,1600,1620
9728,6bba_05db0fb1,edge,-1,-1,-1,-1,-1,1601,1621
9729,6bba_05db0fb1,edge,-1,-1,-1,-1,-1,1602,1622
9730,6bba_05db0fb1,edge,-1,-1,-1,-1,-1,1604,1623
9731,6bba_05db0fb1,edge,-1,-1,-1,-1,-1,1605,1624
9732,6bba_05db0fb1,edge,-1,-1,-1,-1,-1,1606,1626
9733,6bba_05db0fb1,edge,-1,-1,-1,-1,-1,1607,1625
9734,6bba_05db0fb1,edge,-1,-1,-1,-1,-1,1608,1627
9735,6bba_05db0fb1,edge,-1,-1,-1,-1,-1,1609,1628
9736,6bba_05db0fb1,edge,-1,-1,-1,-1,-1,1610,1629
9737,6bba_05db0fb1,edge,-1,-1,-1,-1,-1,1612,1630
9738,6bba_05db0fb1,edge,-1,-1,-1,-1,-1,1613,1631
9739,6bba_05db0fb1,edge,-1,-1,-1,-1,-1,1614,1632
9740,6bba_05db0fb1,edge,-1,-1,-1,-1,-1,1615,1633
9741,6bba_05db0fb1,edge,-1,-1,-1,-1,-1,1616,1634
9742,6bba_05db0fb1,edge,-1,-1,-1,-1,-1,1617,1635
9743,6bba_05db0fb1,edge,-1,-1,-1,-1,-1,1618,1636
9744,6bba_05db0fb1,edge,-1,-1,-1,-1,-1,1619,1637
9745,6bba_05db0fb1,edge,-1,-1,-1,-1,-1,1620,1638
9746,6bba_05db0fb1,edge,-1,-1,-1,-1,-1,1621,1639
9747,6bba_05db0fb1,edge,-1,-1,-1,-1,-1,1622,1640
9748,6bba_05db0fb1,edge,-1,-1,-1,-1,-1,1623,1641
9749,6bba_05db0fb1,edge,-1,-1,-1,-1,-1,1624,1642
9750,6bba_05db0fb1,edge,-1,-1,-1,-1,-1,1625,1643
9751,6bba_05db0fb1,edge,-1,-1,-1,-1,-1,1626,1644
9752,6bba_05db0fb1,edge,-1,-1,-1,-1,-1,1627,1645
9753,6bba_05db0fb1,edge,-1,-1,-1,-1,-1,1628,1646
9754,6bba_05db0fb1,edge,-1,-1,-1,-1,-1,1629,1647
9755,6bba_05db0fb1,edge,-1,-1,-1,-1,-1,1630,1648
9756,6bba_05db0fb1,edge,-1,-1,-1,-1,-1,1631,1649
9757,6bba_05db0fb1,edge,-1,-1,-1,-1,-1,1632,1651
9758,6bba_05db0fb1,edge,-1,-1,-1,-1,-1,1633,1655
9759,6bba_05db0fb1,edge,-1,-1,-1,-1,-1,1634,1652
9760,6bba_05db0fb1,edge,-1,-1,-1,-1,-1,1635,1650
9761,6bba_05db0fb1,edge,-1,-1,-1,-1,-1,1636,1654
9762,6bba_05db0fb1,edge,-1,-1,-1,-1,-1,1637,1653
9763,6bba_05db0fb1,edge,-1,-1,-1,-1,-1,1639,1657
9764,6bba_05db0fb1,edge,-1,-1,-1,-1,-1,1640,1656
9765,6bba_05db0fb1,edge,-1,-1,-1,-1,-1,1641,1661
9766,6bba_05db0fb1,edge,-1,-1,-1,-1,-1,1642,1658
9767,6bba_05db0fb1,edge,-1,-1,-1,-1,-1,1643,1659
9768,6bba_05db0fb1,edge,-1,-1,-1,-1,-1,1644,1663
9769,6bba_05db0fb1,edge,-1,-1,-1,-1,-1,1645,1660
9770,6bba_05db0fb1,edge,-1,-1,-1,-1,-1,1646,1664
9771,6bba_05db0fb1,edge,-1,-1,-1,-1,-1,1647,1667
9772,6bba_05db0fb1,edge,-1,-1,-1,-1,-1,1648,1668
9773,6bba_05db0fb1,edge,-1,-1,-1,-1,-1,1649,1669
9774,6bba_05db0fb1,edge,-1,-1,-1,-1,-1,1650,1671
9775,6bba_05db0fb1,edge,-1,-1,-1,-1,-1,1651,1672
9776,6bba_05db0fb1,edge,-1,-1,-1,-1,-1,1652,1670
9777,6bba_05db0fb1,edge,-1,-1,-1,-1,-1,1653,1673
9778,6bba_05db0fb1,edge,-1,-1,-1,-1,-1,1654,1674
9779,6bba_05db0fb1,edge,-1,-1,-1,-1,-1,1656,1676
9780,6bba_05db0fb1,edge,-1,-1,-1,-1,-1,1657,1677
9781,6bba_05db0fb1,edge,-1,-1,-1,-1,-1,1658,1678
9782,6bba_05db0fb1,edge,-1,-1,-1,-1,-1,1659,1681
9783,6bba_05db0fb1,edge,-1,-1,-1,-1,-1,1660,1679
9784,6bba_05db0fb1,edge,-1,-1,-1,-1,-1,1661,1682
9785,6bba_05db0fb1,edge,-1,-1,-1,-1,-1,1662,1680
9786,6bba_05db0fb1,edge,-1,-1,-1,-1,-1,1663,1683
9787,6bba_05db0fb1,edge,-1,-1,-1,-1,-1,1664,1684
9788,6bba_05db0fb1,edge,-1,-1,-1,-1,-1,1665,1687
9789,6bba_05db0fb1,edge,-1,-1,-1,-1,-1,1666,1685
9790,6bba_05db0fb1,edge,-1,-1,-1,-1,-1,1667,1686
9791,6bba_05db0fb1,edge,-1,-1,-1,-1,-1,1668,1688
9792,6bba_05db0fb1,edge,-1,-1,-1,-1,-1,1669,1706
9793,6bba_05db0fb1,edge,-1,-1,-1,-1,-1,1670,1689
9794,6bba_05db0fb1,edge,-1,-1,-1,-1,-1,1671,1691
9795,6bba_05db0fb1,edge,-1,-1,-1,-1,-1,1672,1690
9796,6bba_05db0fb1,edge,-1,-1,-1,-1,-1,1673,1698
9797,6bba_05db0fb1,edge,-1,-1,-1,-1,-1,1674,1692
9798,6bba_05db0fb1,edge,-1,-1,-1,-1,-1,1676,1695
9799,6bba_05db0fb1,edge,-1,-1,-1,-1,-1,1677,1696
9800,6bba_05db0fb1,edge,-1,-1,-1,-1,-1,1678,1699
9801,6bba_05db0fb1,edge,-1,-1,-1,-1,-1,1679,1701
9802,6bba_05db0fb1,edge,-1,-1,-1,-1,-1,1680,1697
9803,6bba_05db0fb1,edge,-1,-1,-1,-1,-1,1681,1703
9804,6bba_05db0fb1,edge,-1,-1,-1,-1,-1,1682,1704
9805,6bba_05db0fb1,edge,-1,-1,-1,-1,-1,1684,1702
9806,6bba_05db0fb1,edge,-1,-1,-1,-1,-1,1685,1705
9807,6bba_05db0fb1,edge,-1,-1,-1,-1,-1,1686,1708
9808,6bba_05db0fb1,edge,-1,-1,-1,-1,-1,1687,1709
9809,6bba_05db0fb1,edge,-1,-1,-1,-1,-1,1688,1713
9810,6bba_05db0fb1,edge,-1,-1,-1,-1,-1,1689,1715
9811,6bba_05db0fb1,edge,-1,-1,-1,-1,-1,1690,1716
9812,6bba_05db0fb1,edge,-1,-1,-1,-1,-1,1691,1717
9813,6bba_05db0fb1,edge,-1,-1,-1,-1,-1,1692,1719
9814,6bba_05db0fb1,edge,-1,-1,-1,-1,-1,1693,1718
9815,6bba_05db0fb1,edge,-1,-1,-1,-1,-1,1694,1712
9816,6bba_05db0fb1,edge,-1,-1,-1,-1,-1,1695,1726
9817,6bba_05db0fb1,edge,-1,-1,-1,-1,-1,1696,1724
9818,6bba_05db0fb1,edge,-1,-1,-1,-1,-1,1697,1730
9819,6bba_05db0fb1,edge,-1,-1,-1,-1,-1,1698,1720
9820,6bba_05db0fb1,edge,-1,-1,-1,-1,-1,1699,1729
9821,6bba_05db0fb1,edge,-1,-1,-1,-1,-1,1700,1728
9822,6bba_05db0fb1,edge,-1,-1,-1,-1,-1,1701,1735
9823,6bba_05db0fb1,edge,-1,-1,-1,-1,-1,1702,1732
9824,6bba_05db0fb1,edge,-1,-1,-1,-1,-1,1705,1733
9825,6bba_05db0fb1,edge,-1,-1,-1,-1,-1,1706,1714
9826,6bba_05db0fb1,edge,-1,-1,-1,-1,-1,1707,1727
9827,6bba_05db0fb1,edge,-1,-1,-1,-1,-1,1709,1725
9828,6bba_05db0fb1,edge,-1,-1,-1,-1,-1,1712,1737
9829,6bba_05db0fb1,edge,-1,-1,-1,-1,-1,1713,1738
9830,6bba_05db0fb1,edge,-1,-1,-1,-1,-1,1714,1739
9831,6bba_05db0fb1,edge,-1,-1,-1,-1,-1,1715,1740
9832,6bba_05db0fb1,edge,-1,-1,-1,-1,-1,1716,1741
9833,6bba_05db0fb1,edge,-1,-1,-1,-1,-1,1717,1742
9834,6bba_05db0fb1,edge,-1,-1,-1,-1,-1,1718,1743
9835,6bba_05db0fb1,edge,-1,-1,-1,-1,-1,1719,1744
9836,6bba_05db0fb1,edge,-1,-1,-1,-1,-1,1720,1745
9837,6bba_05db0fb1,edge,-1,-1,-1,-1,-1,1721,1746
9838,6bba_05db0fb1,edge,-1,-1,-1,-1,-1,1722,1747
9839,6bba_05db0fb1,edge,-1,-1,-1,-1,-1,1723,1748
9840,6bba_05db0fb1,edge,-1,-1,-1,-1,-1,1724,1749
9841,6bba_05db0fb1,edge,-1,-1,-1,-1,-1,1725,1750
9842,6bba_05db0fb1,edge,-1,-1,-1,-1,-1,1726,1751
9843,6bba_05db0fb1,edge,-1,-1,-1,-1,-1,1727,1752
9844,6bba_05db0fb1,edge,-1,-1,-1,-1,-1,1728,1753
9845,6bba_05db0fb1,edge,-1,-1,-1,-1,-1,1729,1754
9846,6bba_05db0fb1,edge,-1,-1,-1,-1,-1,1730,1755
9847,6bba_05db0fb1,edge,-1,-1,-1,-1,-1,1731,1756
9848,6bba_05db0fb1,edge,-1,-1,-1,-1,-1,1732,1757
9849,6bba_05db0fb1,edge,-1,-1,-1,-1,-1,1733,1758
9850,6bba_05db0fb1,edge,-1,-1,-1,-1,-1,1734,1759
9851,6bba_05db0fb1,edge,-1,-1,-1,-1,-1,1735,1760
9852,6bba_05db0fb1,edge,-1,-1,-1,-1,-1,1736,1761
9853,6bba_05db0fb1,edge,-1,-1,-1,-1,-1,1738,1762
9854,6bba_05db0fb1,edge,-1,-1,-1,-1,-1,1739,1763
9855,6bba_05db0fb1,edge,-1,-1,-1,-1,-1,1740,1779
9856,6bba_05db0fb1,edge,-1,-1,-1,-1,-1,1741,1764
9857,6bba_05db0fb1,edge,-1,-1,-1,-1,-1,1742,1767
9858,6bba_05db0fb1,edge,-1,-1,-1,-1,-1,1744,1766
9859,6bba_05db0fb1,edge,-1,-1,-1,-1,-1,1746,1768
9860,6bba_05db0fb1,edge,-1,-1,-1,-1,-1,1749,1771
9861,6bba_05db0fb1,edge,-1,-1,-1,-1,-1,1750,1777
9862,6bba_05db0fb1,edge,-1,-1,-1,-1,-1,1751,1774
9863,6bba_05db0fb1,edge,-1,-1,-1,-1,-1,1752,1769
9864,6bba_05db0fb1,edge,-1,-1,-1,-1,-1,1753,1770
9865,6bba_05db0fb1,edge,-1,-1,-1,-1,-1,1754,1775
9866,6bba_05db0fb1,edge,-1,-1,-1,-1,-1,1755,1784
9867,6bba_05db0fb1,edge,-1,-1,-1,-1,-1,1756,1773
9868,6bba_05db0fb1,edge,-1,-1,-1,-1,-1,1757,1781
9869,6bba_05db0fb1,edge,-1,-1,-1,-1,-1,1758,1778
9870,6bba_05db0fb1,edge,-1,-1,-1,-1,-1,1761,1772
9871,6bba_05db0fb1,edge,-1,-1,-1,-1,-1,1762,1785
9872,6bba_05db0fb1,edge,-1,-1,-1,-1,-1,1763,1786
9873,6bba_05db0fb1,edge,-1,-1,-1,-1,-1,1764,1787
9874,6bba_05db0fb1,edge,-1,-1,-1,-1,-1,1765,1788
9875,6bba_05db0fb1,edge,-1,-1,-1,-1,-1,1766,1789
9876,6bba_05db0fb1,edge,-1,-1,-1,-1,-1,1767,1790
9877,6bba_05db0fb1,edge,-1,-1,-1,-1,-1,1768,1791
9878,6bba_05db0fb1,edge,-1,-1,-1,-1,-1,1769,1792
9879,6bba_05db0fb1,edge,-1,-1,-1,-1,-1,1770,1793
9880,6bba_05db0fb1,edge,-1,-1,-1,-1,-1,1771,1794
9881,6bba_05db0fb1,edge,-1,-1,-1,-1,-1,1772,1795
9882,6bba_05db0fb1,edge,-1,-1,-1,-1,-1,1773,1796
9883,6bba_05db0fb1,edge,-1,-1,-1,-1,-1,1774,1797
9884,6bba_05db0fb1,edge,-1,-1,-1,-1,-1,1775,1798
9885,6bba_05db0fb1,edge,-1,-1,-1,-1,-1,1776,1799
9886,6bba_05db0fb1,edge,-1,-1,-1,-1,-1,1777,1800
9887,6bba_05db0fb1,edge,-1,-1,-1,-1,-1,1778,1801
9888,6bba_05db0fb1,edge,-1,-1,-1,-1,-1,1779,1802
9889,6bba_05db0fb1,edge,-1,-1,-1,-1,-1,1780,1803
9890,6bba_05db0fb1,edge,-1,-1,-1,-1,-1,1781,1804
9891,6bba_05db0fb1,edge,-1,-1,-1,-1,-1,1782,1805
9892,6bba_05db0fb1,edge,-1,-1,-1,-1,-1,1783,1806
9893,6bba_05db0fb1,edge,-1,-1,-1,-1,-1,1784,1807
9894,6bba_05db0fb1,edge,-1,-1,-1,-1,-1,1785,1808
9895,6bba_05db0fb1,edge,-1,-1,-1,-1,-1,1786,1812
9896,6bba_05db0fb1,edge,-1,-1,-1,-1,-1,1789,1810
9897,6bba_05db0fb1,edge,-1,-1,-1,-1,-1,1790,1814
9898,6bba_05db0fb1,edge,-1,-1,-1,-1,-1,1791,1811
9899,6bba_05db0fb1,edge,-1,-1,-1,-1,-1,1792,1813
9900,6bba_05db0fb1,edge,-1,-1,-1,-1,-1,1793,1815
9901,6bba_05db0fb1,edge,-1,-1,-1,-1,-1,1794,1816
9902,6bba_05db0fb1,edge,-1,-1,-1,-1,-1,1795,1824
9903,6bba_05db0fb1,edge,-1,-1,-1,-1,-1,1796,1818
9904,6bba_05db0fb1,edge,-1,-1,-1,-1,-1,1797,1820
9905,6bba_05db0fb1,edge,-1,-1,-1,-1,-1,1798,1819
9906,6bba_05db0fb1,edge,-1,-1,-1,-1,-1,1800,1817
9907,6bba_05db0fb1,edge,-1,-1,-1,-1,-1,1801,1822
9908,6bba_05db0fb1,edge,-1,-1,-1,-1,-1,1802,1809
9909,6bba_05db0fb1,edge,-1,-1,-1,-1,-1,1803,1821
9910,6bba_05db0fb1,edge,-1,-1,-1,-1,-1,1807,1826
9911,6bba_05db0fb1,edge,-1,-1,-1,-1,-1,1808,1827
9912,6bba_05db0fb1,edge,-1,-1,-1,-1,-1,1809,1845
9913,6bba_05db0fb1,edge,-1,-1,-1,-1,-1,1810,1828
9914,6bba_05db0fb1,edge,-1,-1,-1,-1,-1,1811,1831
9915,6bba_05db0fb1,edge,-1,-1,-1,-1,-1,1812,1832
9916,6bba_05db0fb1,edge,-1,-1,-1,-1,-1,1813,1833
9917,6bba_05db0fb1,edge,-1,-1,-1,-1,-1,1814,1829
9918,6bba_05db0fb1,edge,-1,-1,-1,-1,-1,1815,1834
9919,6bba_05db0fb1,edge,-1,-1,-1,-1,-1,1816,1835
9920,6bba_05db0fb1,edge,-1,-1,-1,-1,-1,1817,1842
9921,6bba_05db0fb1,edge,-1,-1,-1,-1,-1,1818,1836
9922,6bba_05db0fb1,edge,-1,-1,-1,-1,-1,1819,1837
9923,6bba_05db0fb1,edge,-1,-1,-1,-1,-1,1820,1844
9924,6bba_05db0fb1,edge,-1,-1,-1,-1,-1,1821,1839
9925,6bba_05db0fb1,edge,-1,-1,-1,-1,-1,1822,1843
9926,6bba_05db0fb1,edge,-1,-1,-1,-1,-1,1823,1841
9927,6bba_05db0fb1,edge,-1,-1,-1,-1,-1,1825,1846
9928,6bba_05db0fb1,edge,-1,-1,-1,-1,-1,1826,1840
9929,6bba_05db0fb1,edge,-1,-1,-1,-1,-1,1827,1847
9930,6bba_05db0fb1,edge,-1,-1,-1,-1,-1,1828,1848
9931,6bba_05db0fb1,edge,-1,-1,-1,-1,-1,1829,1849
9932,6bba_05db0fb1,edge,-1,-1,-1,-1,-1,1830,1850
9933,6bba_05db0fb1,edge,-1,-1,-1,-1,-1,1831,1851
9934,6bba_05db0fb1,edge,-1,-1,-1,-1,-1,1832,1852
9935,6bba_05db0fb1,edge,-1,-1,-1,-1,-1,1833,1853
9936,6bba_05db0fb1,edge,-1,-1,-1,-1,-1,1834,1854
9937,6bba_05db0fb1,edge,-1,-1,-1,-1,-1,1835,1855
9938,6bba_05db0fb1,edge,-1,-1,-1,-1,-1,1836,1856
9939,6bba_05db0fb1,edge,-1,-1,-1,-1,-1,1837,1857
9940,6bba_05db0fb1,edge,-1,-1,-1,-1,-1,1838,1858
9941,6bba_05db0fb1,edge,-1,-1,-1,-1,-1,1839,1859
9942,6bba_05db0fb1,edge,-1,-1,-1,-1,-1,1840,1860
9943,6bba_05db0fb1,edge,-1,-1,-1,-1,-1,1841,1861
9944,6bba_05db0fb1,edge,-1,-1,-1,-1,-1,1842,1862
9945,6bba_05db0fb1,edge,-1,-1,-1,-1,-1,1843,1863
9946,6bba_05db0fb1,edge,-1,-1,-1,-1,-1,1844,1864
9947,6bba_05db0fb1,edge,-1,-1,-1,-1,-1,1845,1865
9948,6bba_05db0fb1,edge,-1,-1,-1,-1,-1,1846,1866
9949,6bba_05db0fb1,edge,-1,-1,-1,-1,-1,1847,1868
9950,6bba_05db0fb1,edge,-1,-1,-1,-1,-1,1848,1873
9951,6bba_05db0fb1,edge,-1,-1,-1,-1,-1,1849,1871
9952,6bba_05db0fb1,edge,-1,-1,-1,-1,-1,1850,1867
9953,6bba_05db0fb1,edge,-1,-1,-1,-1,-1,1851,1869
9954,6bba_05db0fb1,edge,-1,-1,-1,-1,-1,1852,1878
9955,6bba_05db0fb1,edge,-1,-1,-1,-1,-1,1853,1874
9956,6bba_05db0fb1,edge,-1,-1,-1,-1,-1,1854,1876
9957,6bba_05db0fb1,edge,-1,-1,-1,-1,-1,1856,1884
9958,6bba_05db0fb1,edge,-1,-1,-1,-1,-1,1858,1879
9959,6bba_05db0fb1,edge,-1,-1,-1,-1,-1,1859,1883
9960,6bba_05db0fb1,edge,-1,-1,-1,-1,-1,1860,1880
9961,6bba_05db0fb1,edge,-1,-1,-1,-1,-1,1861,1881
9962,6bba_05db0fb1,edge,-1,-1,-1,-1,-1,1862,1877
9963,6bba_05db0fb1,edge,-1,-1,-1,-1,-1,1863,1882
9964,6bba_05db0fb1,edge,-1,-1,-1,-1,-1,1864,1885
9965,6bba_05db0fb1,edge,-1,-1,-1,-1,-1,1865,1870
9966,6bba_05db0fb1,edge,-1,-1,-1,-1,-1,1867,1887
9967,6bba_05db0fb1,edge,-1,-1,-1,-1,-1,1868,1888
9968,6bba_05db0fb1,edge,-1,-1,-1,-1,-1,1869,1892
9969,6bba_05db0fb1,edge,-1,-1,-1,-1,-1,1870,1891
9970,6bba_05db0fb1,edge,-1,-1,-1,-1,-1,1871,1890
9971,6bba_05db0fb1,edge,-1,-1,-1,-1,-1,1873,1889
9972,6bba_05db0fb1,edge,-1,-1,-1,-1,-1,1874,1893
9973,6bba_05db0fb1,edge,-1,-1,-1,-1,-1,1875,1894
9974,6bba_05db0fb1,edge,-1,-1,-1,-1,-1,1876,1898
9975,6bba_05db0fb1,edge,-1,-1,-1,-1,-1,1877,1899
9976,6bba_05db0fb1,edge,-1,-1,-1,-1,-1,1879,1903
9977,6bba_05db0fb1,edge,-1,-1,-1,-1,-1,1880,1900
9978,6bba_05db0fb1,edge,-1,-1,-1,-1,-1,1881,1906
9979,6bba_05db0fb1,edge,-1,-1,-1,-1,-1,1883,1901
9980,6bba_05db0fb1,edge,-1,-1,-1,-1,-1,1885,1904
9981,6bba_05db0fb1,edge,-1,-1,-1,-1,-1,1886,1907
9982,6bba_05db0fb1,edge,-1,-1,-1,-1,-1,1887,1909
9983,6bba_05db0fb1,edge,-1,-1,-1,-1,-1,1888,1911
9984,6bba_05db0fb1,edge,-1,-1,-1,-1,-1,1889,1912
9985,6bba_05db0fb1,edge,-1,-1,-1,-1,-1,1890,1915
9986,6bba_05db0fb1,edge,-1,-1,-1,-1,-1,1891,1914
9987,6bba_05db0fb1,edge,-1,-1,-1,-1,-1,1892,1916
9988,6bba_05db0fb1,edge,-1,-1,-1,-1,-1,1894,1918
9989,6bba_05db0fb1,edge,-1,-1,-1,-1,-1,1897,1913
9990,6bba_05db0fb1,edge,-1,-1,-1,-1,-1,1898,1919
9991,6bba_05db0fb1,edge,-1,-1,-1,-1,-1,1899,1922
9992,6bba_05db0fb1,edge,-1,-1,-1,-1,-1,1900,1923
9993,6bba_05db0fb1,edge,-1,-1,-1,-1,-1,1901,1929
9994,6bba_05db0fb1,edge,-1,-1,-1,-1,-1,1903,1928
9995,6bba_05db0fb1,edge,-1,-1,-1,-1,-1,1904,1926
9996,6bba_05db0fb1,edge,-1,-1,-1,-1,-1,1905,1917
9997,6bba_05db0fb1,edge,-1,-1,-1,-1,-1,1906,1920
9998,6bba_05db0fb1,edge,-1,-1,-1,-1,-1,1908,1925
9999,6bba_05db0fb1,edge,-1,-1,-1,-1,-1,1909,1930
10000,6bba_05db0fb1,edge,-1,-1,-1,-1,-1,1910,1931
10001,6bba_05db0fb1,edge,-1,-1,-1,-1,-1,1911,1932
10002,6bba_05db0fb1,edge,-1,-1,-1,-1,-1,1912,1933
10003,6bba_05db0fb1,edge,-1,-1,-1,-1,-1,1913,1934
10004,6bba_05db0fb1,edge,-1,-1,-1,-1,-1,1914,1935
10005,6bba_05db0fb1,edge,-1,-1,-1,-1,-1,1915,1936
10006,6bba_05db0fb1,edge,-1,-1,-1,-1,-1,1916,1937
10007,6bba_05db0fb1,edge,-1,-1,-1,-1,-1,1917,1938
10008,6bba_05db0fb1,edge,-1,-1,-1,-1,-1,1918,1939
10009,6bba_05db0fb1,edge,-1,-1,-1,-1,-1,1919,1940
10010,6bba_05db0fb1,edge,-1,-1,-1,-1,-1,1920,1941
10011,6bba_05db0fb1,edge,-1,-1,-1,-1,-1,1921,1942
10012,6bba_05db0fb1,edge,-1,-1,-1,-1,-1,1922,1943
10013,6bba_05db0fb1,edge,-1,-1,-1,-1,-1,1923,1944
10014,6bba_05db0fb1,edge,-1,-1,-1,-1,-1,1924,1945
10015,6bba_05db0fb1,edge,-1,-1,-1,-1,-1,1925,1946
10016,6bba_05db0fb1,edge,-1,-1,-1,-1,-1,1926,1947
10017,6bba_05db0fb1,edge,-1,-1,-1,-1,-1,1927,1948
10018,6bba_05db0fb1,edge,-1,-1,-1,-1,-1,1928,1949
10019,6bba_05db0fb1,edge,-1,-1,-1,-1,-1,1929,1950
10020,6bba_05db0fb1,edge,-1,-1,-1,-1,-1,1930,1952
10021,6bba_05db0fb1,edge,-1,-1,-1,-1,-1,1931,1953
10022,6bba_05db0fb1,edge,-1,-1,-1,-1,-1,1932,1955
10023,6bba_05db0fb1,edge,-1,-1,-1,-1,-1,1933,1957
10024,6bba_05db0fb1,edge,-1,-1,-1,-1,-1,1934,1954
10025,6bba_05db0fb1,edge,-1,-1,-1,-1,-1,1935,1956
10026,6bba_05db0fb1,edge,-1,-1,-1,-1,-1,1936,1958
10027,6bba_05db0fb1,edge,-1,-1,-1,-1,-1,1937,1959
10028,6bba_05db0fb1,edge,-1,-1,-1,-1,-1,1938,1960
10029,6bba_05db0fb1,edge,-1,-1,-1,-1,-1,1940,1966
10030,6bba_05db0fb1,edge,-1,-1,-1,-1,-1,1941,1969
10031,6bba_05db0fb1,edge,-1,-1,-1,-1,-1,1942,1961
10032,6bba_05db0fb1,edge,-1,-1,-1,-1,-1,1944,1967
10033,6bba_05db0fb1,edge,-1,-1,-1,-1,-1,1945,1964
10034,6bba_05db0fb1,edge,-1,-1,-1,-1,-1,1946,1971
10035,6bba_05db0fb1,edge,-1,-1,-1,-1,-1,1947,1970
10036,6bba_05db0fb1,edge,-1,-1,-1,-1,-1,1948,1968
10037,6bba_05db0fb1,edge,-1,-1,-1,-1,-1,1949,1963
10038,6bba_05db0fb1,edge,-1,-1,-1,-1,-1,1950,1965
10039,6bba_05db0fb1,edge,-1,-1,-1,-1,-1,1951,1972
10040,6bba_05db0fb1,edge,-1,-1,-1,-1,-1,1952,1974
10041,6bba_05db0fb1,edge,-1,-1,-1,-1,-1,1954,1973
10042,6bba_05db0fb1,edge,-1,-1,-1,-1,-1,1955,1981
10043,6bba_05db0fb1,edge,-1,-1,-1,-1,-1,1956,1976
10044,6bba_05db0fb1,edge,-1,-1,-1,-1,-1,1957,1977
10045,6bba_05db0fb1,edge,-1,-1,-1,-1,-1,1958,1975
10046,6bba_05db0fb1,edge,-1,-1,-1,-1,-1,1959,1980
10047,6bba_05db0fb1,edge,-1,-1,-1,-1,-1,1960,1985
10048,6bba_05db0fb1,edge,-1,-1,-1,-1,-1,1961,1988
10049,6bba_05db0fb1,edge,-1,-1,-1,-1,-1,1962,1978
10050,6bba_05db0fb1,edge,-1,-1,-1,-1,-1,1963,1990
10051,6bba_05db0fb1,edge,-1,-1,-1,-1,-1,1964,1986
10052,6bba_05db0fb1,edge,-1,-1,-1,-1,-1,1965,1997
10053,6bba_05db0fb1,edge,-1,-1,-1,-1,-1,1966,1989
10054,6bba_05db0fb1,edge,-1,-1,-1,-1,-1,1967,1987
10055,6bba_05db0fb1,edge,-1,-1,-1,-1,-1,1968,1992
10056,6bba_05db0fb1,edge,-1,-1,-1,-1,-1,1969,1994
10057,6bba_05db0fb1,edge,-1,-1,-1,-1,-1,1970,1991
10058,6bba_05db0fb1,edge,-1,-1,-1,-1,-1,1971,1996
10059,6bba_05db0fb1,edge,-1,-1,-1,-1,-1,1972,1999
10060,6bba_05db0fb1,edge,-1,-1,-1,-1,-1,1973,2002
10061,6bba_05db0fb1,edge,-1,-1,-1,-1,-1,1974,2000
10062,6bba_05db0fb1,edge,-1,-1,-1,-1,-1,1975,2003
10063,6bba_05db0fb1,edge,-1,-1,-1,-1,-1,1976,2001
10064,6bba_05db0fb1,edge,-1,-1,-1,-1,-1,1977,2004
10065,6bba_05db0fb1,edge,-1,-1,-1,-1,-1,1978,2010
10066,6bba_05db0fb1,edge,-1,-1,-1,-1,-1,1979,2007
10067,6bba_05db0fb1,edge,-1,-1,-1,-1,-1,1980,2008
10068,6bba_05db0fb1,edge,-1,-1,-1,-1,-1,1982,2011
10069,6bba_05db0fb1,edge,-1,-1,-1,-1,-1,1983,2017
10070,6bba_05db0fb1,edge,-1,-1,-1,-1,-1,1986,2018
10071,6bba_05db0fb1,edge,-1,-1,-1,-1,-1,1987,2014
10072,6bba_05db0fb1,edge,-1,-1,-1,-1,-1,1988,2016
10073,6bba_05db0fb1,edge,-1,-1,-1,-1,-1,1989,2020
10074,6bba_05db0fb1,edge,-1,-1,-1,-1,-1,1990,2015
10075,6bba_05db0fb1,edge,-1,-1,-1,-1,-1,1991,2012
10076,6bba_05db0fb1,edge,-1,-1,-1,-1,-1,1995,2019
10077,6bba_05db0fb1,edge,-1,-1,-1,-1,-1,1996,2021
10078,6bba_05db0fb1,edge,-1,-1,-1,-1,-1,1997,2022
10079,6bba_05db0fb1,edge,-1,-1,-1,-1,-1,1998,2009
10080,6bba_05db0fb1,edge,-1,-1,-1,-1,-1,1999,2026
10081,6bba_05db0fb1,edge,-1,-1,-1,-1,-1,2000,2028
10082,6bba_05db0fb1,edge,-1,-1,-1,-1,-1,2001,2023
10083,6bba_05db0fb1,edge,-1,-1,-1,-1,-1,2002,2032
10084,6bba_05db0fb1,edge,-1,-1,-1,-1,-1,2003,2031
10085,6bba_05db0fb1,edge,-1,-1,-1,-1,-1,2004,2024
10086,6bba_05db0fb1,edge,-1,-1,-1,-1,-1,2005,2027
10087,6bba_05db0fb1,edge,-1,-1,-1,-1,-1,2006,2030
10088,6bba_05db0fb1,edge,-1,-1,-1,-1,-1,2007,2029
10089,6bba_05db0fb1,edge,-1,-1,-1,-1,-1,2008,2025
10090,6bba_05db0fb1,edge,-1,-1,-1,-1,-1,2009,2041
10091,6bba_05db0fb1,edge,-1,-1,-1,-1,-1,2011,2033
10092,6bba_05db0fb1,edge,-1,-1,-1,-1,-1,2012,2039
10093,6bba_05db0fb1,edge,-1,-1,-1,-1,-1,2013,2034
10094,6bba_05db0fb1,edge,-1,-1,-1,-1,-1,2016,2035
10095,6bba_05db0fb1,edge,-1,-1,-1,-1,-1,2020,2038
10096,6bba_05db0fb1,edge,-1,-1,-1,-1,-1,2022,2042
10097,6bba_05db0fb1,edge,-1,-1,-1,-1,-1,2026,2043
10098,6bba_05db0fb1,edge,-1,-1,-1,-1,-1,2027,2046
10099,6bba_05db0fb1,edge,-1,-1,-1,-1,-1,2028,2044
10100,6bba_05db0fb1,edge,-1,-1,-1,-1,-1,2029,2050
10101,6bba_05db0fb1,edge,-1,-1,-1,-1,-1,2031,2045
10102,6bba_05db0fb1,edge,-1,-1,-1,-1,-1,2032,2047
10103,6bba_05db0fb1,edge,-1,-1,-1,-1,-1,2033,2048
10104,6bba_05db0fb1,edge,-1,-1,-1,-1,-1,2035,2052
10105,6bba_05db0fb1,edge,-1,-1,-1,-1,-1,2038,2051
10106,6bba_05db0fb1,edge,-1,-1,-1,-1,-1,2040,2060
10107,6bba_05db0fb1,edge,-1,-1,-1,-1,-1,2041,2061
10108,6bba_05db0fb1,edge,-1,-1,-1,-1,-1,2042,2059
10109,6bba_05db0fb1,edge,-1,-1,-1,-1,-1,2043,2063
10110,6bba_05db0fb1,edge,-1,-1,-1,-1,-1,2044,2064
10111,6bba_05db0fb1,edge,-1,-1,-1,-1,-1,2045,2062
10112,6bba_05db0fb1,edge,-1,-1,-1,-1,-1,2046,2065
10113,6bba_05db0fb1,edge,-1,-1,-1,-1,-1,2047,2066
10114,6bba_05db0fb1,edge,-1,-1,-1,-1,-1,2048,2067
10115,6bba_05db0fb1,edge,-1,-1,-1,-1,-1,2049,2069
10116,6bba_05db0fb1,edge,-1,-1,-1,-1,-1,2050,2068
10117,6bba_05db0fb1,edge,-1,-1,-1,-1,-1,2051,2072
10118,6bba_05db0fb1,edge,-1,-1,-1,-1,-1,2052,2070
10119,6bba_05db0fb1,edge,-1,-1,-1,-1,-1,2053,2073
10120,6bba_05db0fb1,edge,-1,-1,-1,-1,-1,2054,2074
10121,6bba_05db0fb1,edge,-1,-1,-1,-1,-1,2056,2071
10122,6bba_05db0fb1,edge,-1,-1,-1,-1,-1,2057,2076
10123,6bba_05db0fb1,edge,-1,-1,-1,-1,-1,2059,2079
10124,6bba_05db0fb1,edge,-1,-1,-1,-1,-1,2060,2078
10125,6bba_05db0fb1,edge,-1,-1,-1,-1,-1,2062,2081
10126,6bba_05db0fb1,edge,-1,-1,-1,-1,-1,2063,2080
10127,6bba_05db0fb1,edge,-1,-1,-1,-1,-1,2064,2082
10128,6bba_05db0fb1,edge,-1,-1,-1,-1,-1,2065,2083
10129,6bba_05db0fb1,edge,-1,-1,-1,-1,-1,2066,2085
10130,6bba_05db0fb1,edge,-1,-1,-1,-1,-1,2067,2086
10131,6bba_05db0fb1,edge,-1,-1,-1,-1,-1,2068,2089
10132,6bba_05db0fb1,edge,-1,-1,-1,-1,-1,2069,2087
10133,6bba_05db0fb1,edge,-1,-1,-1,-1,-1,2070,2090
10134,6bba_05db0fb1,edge,-1,-1,-1,-1,-1,2071,2091
10135,6bba_05db0fb1,edge,-1,-1,-1,-1,-1,2073,2092
10136,6bba_05db0fb1,edge,-1,-1,-1,-1,-1,2074,2093
10137,6bba_05db0fb1,edge,-1,-1,-1,-1,-1,2075,2094
10138,6bba_05db0fb1,edge,-1,-1,-1,-1,-1,2076,2096
10139,6bba_05db0fb1,edge,-1,-1,-1,-1,-1,2077,2097
10140,6bba_05db0fb1,edge,-1,-1,-1,-1,-1,2078,2095
10141,6bba_05db0fb1,edge,-1,-1,-1,-1,-1,2079,2098
10142,6bba_05db0fb1,edge,-1,-1,-1,-1,-1,2080,2100
10143,6bba_05db0fb1,edge,-1,-1,-1,-1,-1,2081,2102
10144,6bba_05db0fb1,edge,-1,-1,-1,-1,-1,2082,2101
10145,6bba_05db0fb1,edge,-1,-1,-1,-1,-1,2083,2103
10146,6bba_05db0fb1,edge,-1,-1,-1,-1,-1,2084,2104
10147,6bba_05db0fb1,edge,-1,-1,-1,-1,-1,2086,2108
10148,6bba_05db0fb1,edge,-1,-1,-1,-1,-1,2087,2105
10149,6bba_05db0fb1,edge,-1,-1,-1,-1,-1,2088,2109
10150,6bba_05db0fb1,edge,-1,-1,-1,-1,-1,2089,2107
10151,6bba_05db0fb1,edge,-1,-1,-1,-1,-1,2090,2110
10152,6bba_05db0fb1,edge,-1,-1,-1,-1,-1,2091,2121
10153,6bba_05db0fb1,edge,-1,-1,-1,-1,-1,2092,2113
10154,6bba_05db0fb1,edge,-1,-1,-1,-1,-1,2093,2111
10155,6bba_05db0fb1,edge,-1,-1,-1,-1,-1,2094,2115
10156,6bba_05db0fb1,edge,-1,-1,-1,-1,-1,2095,2119
10157,6bba_05db0fb1,edge,-1,-1,-1,-1,-1,2096,2118
10158,6bba_05db0fb1,edge,-1,-1,-1,-1,-1,2097,2116
10159,6bba_05db0fb1,edge,-1,-1,-1,-1,-1,2098,2117
10160,6bba_05db0fb1,edge,-1,-1,-1,-1,-1,2100,2122
10161,6bba_05db0fb1,edge,-1,-1,-1,-1,-1,2101,2123
10162,6bba_05db0fb1,edge,-1,-1,-1,-1,-1,2102,2125
10163,6bba_05db0fb1,edge,-1,-1,-1,-1,-1,2103,2124
10164,6bba_05db0fb1,edge,-1,-1,-1,-1,-1,2104,2126
10165,6bba_05db0fb1,edge,-1,-1,-1,-1,-1,2105,2129
10166,6bba_05db0fb1,edge,-1,-1,-1,-1,-1,2106,2127
10167,6bba_05db0fb1,edge,-1,-1,-1,-1,-1,2107,2130
10168,6bba_05db0fb1,edge,-1,-1,-1,-1,-1,2108,2132
10169,6bba_05db0fb1,edge,-1,-1,-1,-1,-1,2109,2131
10170,6bba_05db0fb1,edge,-1,-1,-1,-1,-1,2110,2133
10171,6bba_05db0fb1,edge,-1,-1,-1,-1,-1,2111,2134
10172,6bba_05db0fb1,edge,-1,-1,-1,-1,-1,2112,2135
10173,6bba_05db0fb1,edge,-1,-1,-1,-1,-1,2113,2136
10174,6bba_05db0fb1,edge,-1,-1,-1,-1,-1,2115,2137
10175,6bba_05db0fb1,edge,-1,-1,-1,-1,-1,2116,2138
10176,6bba_05db0fb1,edge,-1,-1,-1,-1,-1,2117,2139
10177,6bba_05db0fb1,edge,-1,-1,-1,-1,-1,2119,2140
10178,6bba_05db0fb1,edge,-1,-1,-1,-1,-1,2120,2142
10179,6bba_05db0fb1,edge,-1,-1,-1,-1,-1,2122,2143
10180,6bba_05db0fb1,edge,-1,-1,-1,-1,-1,2123,2144
10181,6bba_05db0fb1,edge,-1,-1,-1,-1,-1,2124,2145
10182,6bba_05db0fb1,edge,-1,-1,-1,-1,-1,2125,2146
10183,6bba_05db0fb1,edge,-1,-1,-1,-1,-1,2126,2147
10184,6bba_05db0fb1,edge,-1,-1,-1,-1,-1,2127,2148
10185,6bba_05db0fb1,edge,-1,-1,-1,-1,-1,2128,2149
10186,6bba_05db0fb1,edge,-1,-1,-1,-1,-1,2129,2150
10187,6bba_05db0fb1,edge,-1,-1,-1,-1,-1,2130,2151
10188,6bba_05db0fb1,edge,-1,-1,-1,-1,-1,2131,2152
10189,6bba_05db0fb1,edge,-1,-1,-1,-1,-1,2132,2153
10190,6bba_05db0fb1,edge,-1,-1,-1,-1,-1,2133,2154
10191,6bba_05db0fb1,edge,-1,-1,-1,-1,-1,2134,2155
10192,6bba_05db0fb1,edge,-1,-1,-1,-1,-1,2135,2156
10193,6bba_05db0fb1,edge,-1,-1,-1,-1,-1,2136,2157
10194,6bba_05db0fb1,edge,-1,-1,-1,-1,-1,2137,2158
10195,6bba_05db0fb1,edge,-1,-1,-1,-1,-1,2138,2159
10196,6bba_05db0fb1,edge,-1,-1,-1,-1,-1,2139,2160
10197,6bba_05db0fb1,edge,-1,-1,-1,-1,-1,2140,2161
10198,6bba_05db0fb1,edge,-1,-1,-1,-1,-1,2141,2162
10199,6bba_05db0fb1,edge,-1,-1,-1,-1,-1,2142,2163
